festival_id,filmrank
fest.lib.id1975,0.0029774562253848586
imdbady01094,0.001463428814910313
imdbady00852,0.01328812241569054
imdbady01110,0.001986688378804619
imdbady00374,0.0018673430029444737
imdbady01146,0.0032327955617916294
fest.lib.id.survey.na488,0.0023110191122355287
imdbady01133,0.001520440502640857
imdbady01142,0.0014754817503632549
imdbady00429,0.0016835659184817834
fest.lib.id1740,0.0018684400478713508
fest.lib.id.na419,0.0044923188813395
fest.lib.id.survey.na95,0.002175585654203013
fest.lib.id.na20,0.003499756776415757
imdbady00646,0.0010649676204648906
fest.lib.id.survey.na574,0.00107483519048644
fest.lib.id6023,0.002655976113654293
fest.lib.id281,0.013771323601041436
fest.lib.id7629,0.06028313339580977
imdbady00946,0.0029925684204390956
fest.lib.id7533,0.021585276270757407
imdbady00686,0.001071595915848015
imdbady00608,0.0011999258114383457
imdbady01473,0.0012900021427121105
imdbady01706,0.0011935974747262527
imdbady00066,0.0012997864365508298
imdbady00988,0.0014754817503632549
fest.lib.id1382,0.012027560570798023
imdbady01061,0.0013454372511871493
fest.lib.id1148,0.021450340112936533
imdbady01551,0.0011674325024702175
imdbady00671,0.0012997864365508298
imdbady01319,0.002352640770903324
imdbady01210,0.001369100039274232
fest.lib.id.survey.na687,0.0031170443388949037
imdbady01365,0.0016760054385460623
fest.lib.id7257,0.011007720589648313
fest.lib.id843,0.002429775765134313
fest.lib.id.survey.na92,0.0020655063172724994
imdbady00482,0.001259682074427219
imdbady00831,0.0012001338495373844
imdbady01730,0.0014594541076943894
imdbady00920,0.0028043209365458117
imdbady00702,0.0017465542263116786
fest.lib.id744,0.03530890126958436
imdbady00591,0.0021974995080880928
imdbady00459,0.001143995697673182
fest.lib.id7497,0.004359028941186644
imdbady01359,0.0029060152654186164
fest.lib.id665,0.318359506181511
fest.lib.id7588,0.006574345935650647
fest.lib.id1281,0.0020874058978725945
fest.lib.id5839,0.003909822984146027
imdbady00863,0.01420686098115369
imdbady01225,0.001991030172782833
imdbady01650,0.00132859660521777
fest.lib.id8306,0.0012824144305406452
imdbady01072,0.001301033704898769
imdbady00587,0.0012997864365508298
fest.lib.id628,0.010249886084685248
fest.lib.id1020,0.002366848353212065
id408,0.0012932237101751843
imdbady00992,0.0017696122416609363
fest.lib.id1771,0.009718048527422345
fest.lib.id.survey.na4,0.0014122977968438158
imdbady00008,0.00660622427742308
fest.lib.id.survey.na497,0.0013965631202055297
fest.lib.id.survey.na515,0.0015193809527656755
fest.lib.id.survey.na123,0.0012282785344206275
imdbady00967,0.004666558866249143
fest.lib.id2792,0.0019111560510466843
fest.lib.id266,0.005728264389551081
imdbady01512,0.001084111298688413
fest.lib.id.na241,0.0014891246342239603
imdbady01201,0.007088805788385274
imdbady00541,0.0014314894180044002
fest.lib.id.na65,0.0033244218786099137
fest.lib.id1858,0.02539036026064619
fest.lib.id132,0.011655934599595175
imdbady00501,0.0024983208862591824
imdbady00439,0.0014739082701942523
imdbady01394,0.0028715159610712476
imdbady01700,0.0014252264848016172
fest.lib.id.na293,0.027424663096462933
fest.lib.id98,0.006101940469449665
imdbady00838,0.0012737903321567584
imdbady01078,0.0010434108823610848
imdbady00535,0.0010519285226798373
fest.lib.id1034,0.008191780101326204
imdbady00226,0.001463428814910313
fest.lib.id.na93,0.0030377448126376115
imdbady00298,0.0016946181469417417
id511,0.0011416249955147001
imdbady00908,0.0014754817503632549
imdbady00469,0.0013028345947457892
fest.lib.id1644,0.04790537185876654
fest.lib.id.na253,0.0013984711616244895
fest.lib.id1585,0.006285429813321766
imdbady00609,0.0019453755204844306
fest.lib.id.na405,0.019830157600577776
fest.lib.id7487,0.012710613311914044
imdbady00086,0.0011935974747262527
fest.lib.id471,0.0035448715192937315
fest.lib.id7607,0.0012996548722011981
imdbady00239,0.0012396984273653116
fest.lib.id1035,0.004840043880746257
fest.lib.id1021,0.007426818948027758
fest.lib.id1221,0.002790480838960501
imdbady00644,0.0011158787547263804
imdbady00398,0.006266262331236854
fest.lib.id.survey.na169,0.0015193809527656755
imdbady00575,0.0019013705868256984
fest.lib.id1078,0.0012239875974210006
fest.lib.id.na32,0.0017211481901151908
fest.lib.id613,0.0015193809527656755
imdbady00885,0.005613138307684041
fest.lib.id.na120,0.04508871310438658
fest.lib.id6738,0.004044500926401236
imdbady00411,0.0016392492192211835
imdbady01021,0.001143995697673182
fest.lib.id.survey.na15,0.0014367646967664602
fest.lib.id600,0.0015878258192145822
imdbady01222,0.004990216249987475
fest.lib.id.na130,0.0014673172691301237
fest.lib.id8008,0.002001510119466842
fest.lib.id.na459,0.0040134448615545375
imdbady01445,0.0012893185928134
imdbady01467,0.0018577553928895275
imdbady00179,0.004498601112835978
fest.lib.id.survey.na448,0.0023373911130675365
fest.lib.id.survey.na548,0.001048813709741157
imdbady01343,0.0014314894180044002
imdbady01034,0.0016831412130016482
fest.lib.id447,0.002075585224902941
imdbady00470,0.0020436415399920117
fest.lib.id1618,0.023481760681616358
fest.lib.id.na98,0.00676497817275292
fest.lib.id1006,0.0013432467515765486
fest.lib.id7758,0.005264881794150704
fest.lib.id1569,0.0026972441187871924
fest.lib.id645,0.004692904266960732
fest.lib.id1118,0.012882490252282741
fest.lib.id.survey.na640,0.0021430541398146413
imdbady00564,0.0012997864365508298
fest.lib.id7596,0.009372163261975942
imdbady01558,0.0010674384898728842
fest.lib.id.na388,0.0016667475194027178
imdbady01432,0.001916740326644591
fest.lib.id.new.na.1,0.0021483554528712013
fest.lib.id.na155,0.010008517343272806
fest.lib.id1988,0.0036188610376891536
imdbady01458,0.001124949708890429
imdbady00707,0.001966217551443708
imdbady00662,0.001405416743207662
fest.lib.id8147,0.001301033704898769
fest.lib.id.na271,0.002452990939974678
fest.lib.id.na432,0.0011626271966954011
fest.lib.id.survey.na361,0.0014122977968438158
imdbady01537,0.0023823785674470716
imdbady00367,0.0011777527474812273
fest.lib.id.na396,0.0013922455776556645
id418,0.0011453330921134036
fest.lib.id.na328,0.002532959126432369
imdbady01289,0.0011840411538636343
fest.lib.id.na391,0.003229722786285196
fest.lib.id7825,0.0015193809527656755
fest.lib.id828,0.004781172942055449
fest.lib.id.survey.na662,0.0012105883685669572
fest.lib.id.na181,0.002704190052789331
fest.lib.id.na435,0.002269226603585904
fest.lib.id974,0.16229812321214043
fest.lib.id.survey.na512,0.0023055457370180733
fest.lib.id.na394,0.0013922455776556645
imdbady01547,0.0014337949725900614
fest.lib.id7778,0.00115266878948285
imdbady01620,0.0012997864365508298
fest.lib.id.na374,0.0010743172833337815
fest.lib.id.na196,0.0014256306726178126
imdbady00092,0.0011376357627885972
fest.lib.id1101,0.0013028345947457892
fest.lib.id.na254,0.04316572433830646
fest.lib.id668,0.003846802333504774
fest.lib.id1666,0.0027474605052283468
imdbady01333,0.001166066369470462
imdbady00597,0.003850729665017153
fest.lib.id.na110,0.01446269295542906
fest.lib.id.na483,0.0012996548722011981
fest.lib.id537,0.0028839024930517212
imdbady00814,0.0014993648156495286
imdbady00236,0.0014314894180044002
imdbady00246,0.0020741238722316166
imdbady00916,0.0023486382768517717
imdbady01227,0.0011128172747222364
imdbady01327,0.0019353235204074102
fest.lib.id1520,0.025009002178851433
imdbady01086,0.001069542775011049
fest.lib.id.survey.na280,0.0011935974747262527
fest.lib.id7530,0.07450826436865476
fest.lib.id.na13,0.0033381560677030655
imdbady00306,0.0021967491819090148
fest.lib.id6779,0.006964090201910417
fest.lib.id7732,0.0014739082701942523
imdbady00524,0.003556185188612994
fest.lib.id7771,0.04572868021300894
fest.lib.id1264,0.0017287569449819728
fest.lib.id.na247,0.0011738110844349938
imdbady00330,0.0012709078902233164
imdbady00634,0.0020453584754304747
fest.lib.id7535,0.01972946207965473
fest.lib.id.survey.na503,0.0013965631202055297
fest.lib.id2180,0.0015193809527656755
imdbady00090,0.0012737903321567584
imdbady00674,0.0012997864365508298
fest.lib.id.survey.na183,0.0013965631202055297
imdbady01667,0.0014641542100318696
fest.lib.id.survey.na581,0.001789390271378752
imdbady00518,0.0013139271747944676
imdbady00522,0.004452661551474317
imdbady00919,0.0018071120492100497
fest.lib.id.na190,0.0020155725102485463
fest.lib.id7828,0.00132859660521777
imdbady01499,0.0016252210016416903
imdbady00204,0.00267277693012275
fest.lib.id1662,0.015146563673507158
fest.lib.id.na340,0.001201471060121741
fest.lib.id.survey.na434,0.0019153741755533068
imdbady00880,0.0026288036464732272
imdbady01312,0.0014120662745685595
imdbady01075,0.008096364316486845
fest.lib.id1178,0.0015325073523890195
fest.lib.id807,0.00915998792514994
imdbady01172,0.0017228873135212918
imdbady01337,0.001283258851037558
imdbady00973,0.0012729517532788265
imdbady00672,0.0012997864365508298
fest.lib.id1374,0.012241423865721966
fest.lib.id1827,0.013212879199878848
fest.lib.id304,0.0014404926813621776
imdbady01579,0.0029356186461641774
fest.lib.id.survey.na97,0.0015878258192145822
imdbady00506,0.001856400478685141
fest.lib.id5381,0.0012824144305406452
fest.lib.id1259,0.01435005886648716
fest.lib.id1381,0.001369100039274232
imdbady01315,0.0018671107873739908
fest.lib.id.na114,0.0021028919055297744
fest.lib.id.na225,0.008534922080603677
imdbady01400,0.0013861386566507486
fest.lib.id9683,0.0013050138212113108
imdbady00712,0.001486798752167032
fest.lib.id.na373,0.003538295812692821
fest.lib.id.survey.na101,0.021677342244600706
imdbady00147,0.0014226766304048098
fest.lib.id.survey.na649,0.002060091629359342
fest.lib.id.survey.na315,0.004102507375160991
imdbady00325,0.0013451489078099522
imdbady01195,0.0012153672971134735
fest.lib.id.new.na.01,0.0015662540960047456
fest.lib.id.na165,0.001393695784359106
fest.lib.id.na84,0.0028146717796240757
imdbady00394,0.001147727797628083
fest.lib.id1623,0.02361397754077404
fest.lib.id.na68,0.0047884964315698265
imdbady00384,0.0011089113569233428
fest.lib.id1919,0.010972074825496638
fest.lib.id.na35,0.003617818809361229
imdbady00448,0.0013136265945332772
imdbady00263,0.0011999258114383457
fest.lib.id.survey.na259,0.0025556207323317345
fest.lib.id1832,0.10684151432045275
fest.lib.id.na298,0.0022234549012593832
imdbady01298,0.0027487102817547663
imdbady00513,0.0011280081187965908
fest.lib.id.na400,0.008181622419241636
fest.lib.id7849,0.0015193809527656755
fest.lib.id.na440,0.0027017519382000117
fest.lib.id6295,0.0014122977968438158
fest.lib.id.survey.na285,0.0013965631202055297
imdbady01500,0.0014729915480598567
fest.lib.id.survey.na70,0.0012679161014601743
imdbady01729,0.0012350937003513484
imdbady00165,0.0015544144403783092
fest.lib.id.na30,0.006347712435194941
fest.lib.id1603,0.0025855195803341996
imdbady00137,0.0014739082701942523
imdbady00348,0.0016963049235402517
imdbady00125,0.0014739082701942523
fest.lib.id.survey.na427,0.0028983751536351314
fest.lib.id1557,0.19355067805909
imdbady01583,0.00208136476478154
fest.lib.id870,0.002282905632204974
fest.lib.id1751,0.0032478777330886385
fest.lib.id.na334,0.00800421354103605
fest.lib.id.survey.na167,0.003203881897157461
imdbady01089,0.0010593772263213519
fest.lib.id.survey.na513,0.002033383565943617
imdbady00281,0.0016370674459598045
imdbady01452,0.0015586427158825987
fest.lib.id.survey.na268,0.0014367646967664602
imdbady00801,0.0015250724195291516
fest.lib.id1613,0.06430215101394857
imdbady00543,0.0012997864365508298
fest.lib.id1904,0.00999093343119598
fest.lib.id1669,0.10444058310552894
fest.lib.id252,0.0032688527059038202
fest.lib.id.na282,0.006192364029310684
imdbady01184,0.0014739082701942523
fest.lib.id1300,0.003284089647596143
fest.lib.id206,0.01882695794132455
imdbady01669,0.00567392884360078
fest.lib.id747,0.0014878338521386253
imdbady01168,0.001112813165820379
fest.lib.id.survey.na509,0.002005477160704472
fest.lib.id1286,0.013204462507570871
fest.lib.id.na194,0.010111207190546125
fest.lib.id.na168,0.007437157678461283
fest.lib.id.na346,0.0021973624073568575
fest.lib.id.na458,0.0018577197742591606
fest.lib.id.na140,0.003303915646494553
imdbady01507,0.0014861620708675964
imdbady00822,0.0013861386566507486
imdbady01571,0.002848647668275315
fest.lib.id000001,0.006468265418307656
fest.lib.id.na202,0.0011122945645962333
imdbady01199,0.001185656803101456
imdbady00282,0.0013636853513610742
imdbady01031,0.0026285245881455944
fest.lib.id.survey.na638,0.0023055457370180733
fest.lib.id222,0.004746069017884922
fest.lib.id.survey.na239,0.0015193809527656755
fest.lib.id.na485,0.004413263693022536
imdbady01369,0.0013794228872920386
imdbady00284,0.0011089113569233428
imdbady00410,0.0015203925047308406
fest.lib.id1774,0.009588060507155733
imdbady00701,0.0019334756628644053
fest.lib.id6833,0.0020198900527984114
imdbady01681,0.0017711941922256796
fest.lib.id.survey.na290,0.0015193809527656755
fest.lib.id5242,0.001296537388407162
imdbady01559,0.001127656726347326
imdbady00319,0.0012014565460049934
imdbady00052,0.001131397579267447
fest.lib.id.na306,0.009677639350467572
fest.lib.id.survey.na653,0.0015193809527656755
fest.lib.id.na26,0.015995170390635884
fest.lib.id3558,0.007022351898460169
imdbady00344,0.0012428076033759103
fest.lib.id5699,0.00192672519188153
imdbady00198,0.001274263434538812
imdbady01190,0.0014314894180044002
fest.lib.id1351,0.00606312365502592
fest.lib.id.na51,0.0010528491807847904
imdbady00430,0.0025563568168696918
imdbady00417,0.001541331722415716
imdbady00096,0.001083042547699056
fest.lib.id.na341,0.028217524169757893
fest.lib.id8024,0.002383804725072045
imdbady00461,0.0015884936717347356
imdbady01305,0.0012367976678774497
fest.lib.id1432,0.0063367379257681
imdbady00064,0.0012997864365508298
imdbady01154,0.0033335903208265905
imdbady00521,0.0028212580784463975
fest.lib.id.survey.na63,0.0013965631202055297
imdbady00229,0.0011140084368531993
fest.lib.id.na333,0.02560174765333237
imdbady01690,0.001341552064723449
imdbady01204,0.0014948299756657676
fest.lib.id.na403,0.0035192121212708383
fest.lib.id7674,0.012166402718669728
fest.lib.id.na431,0.0010950631033154422
fest.lib.id1848,0.004787357399912215
fest.lib.id1925,0.0062764066254804825
fest.lib.id.survey.na205,0.0025028870575879783
imdbady01611,0.001301033704898769
imdbady00590,0.0013451489078099522
imdbady00105,0.002114047338383278
imdbady00463,0.001143995697673182
imdbady00665,0.001130537893123858
id086,0.0015193809527656755
imdbady01544,0.0018747387811881575
imdbady00215,0.0012530081301738824
imdbady00649,0.001203470420641786
imdbady01018,0.0015626047495861466
fest.lib.id.na191,0.04577591160462887
fest.lib.id5532,0.021547307188279588
imdbady01769,0.0013050334962233171
fest.lib.id1168,0.0035872905474984475
fest.lib.id351,0.018235202012596274
fest.lib.id.survey.na681,0.0014122977968438158
fest.lib.id8662,0.0013794228872920386
imdbady01628,0.0020799665238802776
imdbady00177,0.0012997864365508298
imdbady00063,0.0012997864365508298
fest.lib.id1679,0.010151784330751836
imdbady00677,0.0014314894180044002
id129,0.0019423260990422346
fest.lib.id7532,0.02322082709518239
fest.lib.id152,0.007204064856332121
imdbady00474,0.001522023542974639
imdbady00678,0.002288373930990088
fest.lib.id.ch1786,0.19707774754205087
imdbady01071,0.0017281505900661493
imdbady00473,0.0012282785344206275
imdbady01546,0.006064192328871407
imdbady01127,0.00139529536594032
fest.lib.id.survey.na359,0.0015193809527656755
fest.lib.id1632,0.0038724131065502594
imdbady01192,0.0015623212145349141
fest.lib.id.na197,0.010250455340686056
fest.lib.id5844,0.0017498496794717475
imdbady00251,0.0019088107811265544
imdbady01529,0.0012260062203586033
imdbady01747,0.0010830495045830051
fest.lib.id.na437,0.004684177516218746
imdbady00185,0.001619319368370392
fest.lib.id.na466,0.01429958244328424
fest.lib.id7798,0.0019223343671007503
imdbady00542,0.0011987448329478566
fest.lib.id705,0.0018980785992834882
fest.lib.id7546,0.008445061727440382
imdbady01336,0.001210127112318106
imdbady01736,0.001380539440225686
imdbady00778,0.0012959031945047994
imdbady01376,0.001360810373413929
imdbady00116,0.0012161931196576579
imdbady01183,0.0010796272249822614
imdbady00708,0.0030842289529831803
imdbady00112,0.0020077259316430567
fest.lib.id.na480,0.0014404926813621776
fest.lib.id1792,0.0011191232846375855
imdbady00987,0.0011410886219314284
fest.lib.id1668,0.061815450712753774
fest.lib.id827,0.008849038902565196
fest.lib.id.survey.na344,0.004063534665234884
fest.lib.id7773,0.0020876941194417375
id298,0.0014122977968438158
fest.lib.id580,0.0019781203266414564
imdbady00580,0.001124949708890429
imdbady00824,0.0014314894180044002
fest.lib.id1364,0.020912179746952062
imdbady01251,0.002154356968002739
fest.lib.id.survey.na365,0.0015193809527656755
fest.lib.id.na473,0.01305929993913909
fest.lib.id1291,0.014747440729239914
fest.lib.id966,0.0058504691803312
fest.lib.id147,0.0032632124025777295
fest.lib.id.na418,0.0016221655885014345
id335,0.014938791948526466
fest.lib.id60,0.008658491480604403
imdbady00793,0.004500796554338117
fest.lib.id.survey.na113,0.0064746981638282766
imdbady01338,0.0012385773802403373
fest.lib.id.na62,0.005311387555621037
fest.lib.id.survey.na432,0.002068207277881344
fest.lib.id7715,0.001943358598468109
fest.lib.id834,0.006371382360185065
imdbady01323,0.0014161204765078368
fest.lib.id1048,0.0018001506634552024
imdbady00895,0.0012161931196576579
imdbady01385,0.0013861386566507486
imdbady01276,0.009552320436316228
fest.lib.id874,0.5062687909078113
fest.lib.id1501,0.001964679337098939
fest.lib.id891,0.002597655228591096
fest.lib.id223,0.003899242305997125
imdbady00347,0.002022999434598306
fest.lib.id.survey.na31,0.002108704074842083
fest.lib.id.survey.na667,0.008189234756389644
fest.lib.id1542,0.007406752105808419
fest.lib.id107,0.0015193809527656755
imdbady00862,0.0020653358799946463
fest.lib.id1674,0.018646473978450793
fest.lib.id.survey.na312,0.03609695369611469
imdbady01737,0.0013297426530962388
imdbady00835,0.0013152848014854612
fest.lib.id7521,0.002127290489047582
fest.lib.id.na242,0.0017267326873497439
fest.lib.id.na54,0.0011738110844349938
fest.lib.id.na434,0.006084312803329333
fest.lib.id.survey.na576,0.001369100039274232
imdbady01125,0.0011390701462512735
imdbady00958,0.0018152289477506786
imdbady00167,0.002064629066456299
fest.lib.id1434,0.00788179521873073
fest.lib.id1306,0.0015193809527656755
fest.lib.id.na22,0.01366548588512684
fest.lib.id.na99,0.02583581085309211
fest.lib.id.na264,0.0032821620345627983
fest.lib.id.survey.na309,0.001784092022175077
fest.lib.id3995,0.008773522568597276
fest.lib.id922,0.004693408449177611
imdbady00117,0.002068207277881344
imdbady01088,0.0014314894180044002
fest.lib.id510,0.032092881033137406
imdbady00073,0.0023864936466263306
imdbady01213,0.0011317119043525508
fest.lib.id.survey.na90,0.0035367362529154255
fest.lib.id948,0.001129320733143441
imdbady01739,0.001053521127188549
imdbady00343,0.0013771207196493994
fest.lib.id.na324,0.0015849461567697023
fest.lib.id1342,0.06876843098609271
imdbady01380,0.0011834211899277426
fest.lib.id6858,0.0012824144305406452
fest.lib.id.na246,0.001502287742623437
fest.lib.id396,0.0021855081615289895
fest.lib.id1860,0.002068502498281153
imdbady00355,0.001114262883703297
imdbady00261,0.0014297222678694252
imdbady01109,0.0013493196558873116
fest.lib.id1983,0.0020198900527984114
fest.lib.id.na449,0.0036443339363682256
fest.lib.id.survey.na419,0.0013640316058171583
fest.lib.id1311,0.016561567809067174
imdbady01774,0.0016379327945687968
imdbady01688,0.0013050138212113108
fest.lib.id3169,0.0011693587527075626
imdbady00280,0.0013802783553282982
fest.lib.id.survey.na413,0.0014122977968438158
fest.lib.id1383,0.019917966318304926
fest.lib.id.survey.na633,0.0025185479180181354
fest.lib.id1611,0.03077133127229219
fest.lib.id1876,0.009342954086059146
fest.lib.id.na484,0.0016667475194027178
imdbady00552,0.0012709078902233164
imdbady00316,0.0011598259197051213
fest.lib.id.na478,0.002900159859206613
fest.lib.id.survey.na149,0.0015171246707038136
imdbady01003,0.00201452241786522
imdbady01568,0.0015249663874248873
imdbady00743,0.0025349633498945876
fest.lib.id.survey.na69,0.009063797275018305
fest.lib.id8442,0.001287299007108443
imdbady00847,0.0014298557830023158
imdbady00628,0.006826340347965667
fest.lib.id.na372,0.0014404926813621776
imdbady00104,0.001301033704898769
fest.lib.id.na297,0.017968073115802695
imdbady01050,0.0014085825151765033
fest.lib.id1491,0.0047056437865132415
imdbady00618,0.0018585790368537902
imdbady01118,0.0013064040460220093
fest.lib.id.na277,0.003285515291555661
fest.lib.id316,0.006204803889196334
imdbady00446,0.0012709078902233164
fest.lib.id1039,0.03720433983335527
imdbady01410,0.001579889551362738
imdbady01026,0.0010836868974393155
imdbady00249,0.0014513135991736418
imdbady00180,0.0012997864365508298
fest.lib.id8298,0.0032517564663846962
fest.lib.id.survey.na00017,0.0011416249955147001
fest.lib.id.na461,0.012943178622763367
imdbady00120,0.0030750711920610745
fest.lib.id884,0.003431035985042734
fest.lib.id.na87,0.0012070783523249599
fest.lib.id5894,0.007359529878582344
id245,0.0012321793060018726
fest.lib.id282,0.03946355520582079
fest.lib.id1150,0.010222580535069145
fest.lib.id115,0.002500385532774682
imdbady00904,0.0016277098938991931
fest.lib.id6822,0.027126502871932454
imdbady00336,0.0018245117146091037
fest.lib.id104,0.0015815830004429132
fest.lib.id.survey.na362,0.0012679161014601743
imdbady01585,0.002044002369617025
imdbady00860,0.0014314894180044002
imdbady00224,0.0012503922628239598
fest.lib.id.survey.na216,0.0023011089196226142
fest.lib.id.na457,0.0034194839344962994
fest.lib.id.na221,0.011327689655229789
imdbady01569,0.001191547027497224
imdbady01580,0.008704240278250269
fest.lib.id.survey.na260,0.0015878258192145822
imdbady01699,0.0017123933701628615
imdbady01435,0.0013287169430226272
fest.lib.id.na220,0.0356960683429116
fest.lib.id1938,0.001508931916415577
imdbady00663,0.0012711322697936344
fest.lib.id1134,0.008795632174815715
fest.lib.id1708,0.001624767472463701
fest.lib.id7541,0.0019601264423105822
imdbady01360,0.0022686028330807816
fest.lib.id9338,0.002734629707044467
fest.lib.id7929,0.0016086233336724616
imdbady00955,0.001994606603211076
fest.lib.id1249,0.00871323056192924
fest.lib.id.survey.na261,0.0015878258192145822
fest.lib.id1667,0.003978581501776218
fest.lib.id1704,0.0826856495616202
imdbady00162,0.0010566652906264865
fest.lib.id.na71,0.005506214099196479
fest.lib.id.survey.na346,0.0014367646967664602
fest.lib.id291,0.013369960434954345
imdbady00423,0.0024989221192062133
fest.lib.id.na80,0.0020042694167699627
fest.lib.id2613,0.0017414004283073032
imdbady01288,0.0012528296627381435
fest.lib.id1267,0.008255238725366265
fest.lib.id.ch615,0.002692825702640446
imdbady01237,0.0012756665662230918
imdbady00621,0.0012593447548149837
imdbady01749,0.0011761337358200904
fest.lib.id5710,0.0018468874644400432
fest.lib.id2635,0.02101617231325207
imdbady01180,0.0012676644946738235
fest.lib.id7851,0.004027598691659667
fest.lib.id7571,0.008930907721097961
fest.lib.id.survey.na445,0.002103844528475966
fest.lib.id.na137,0.01579673964243101
fest.lib.id.survey.na381,0.0012282785344206275
imdbady00277,0.0017915046324136908
fest.lib.id1950,0.0014298045587039345
imdbady01446,0.0011265485109915564
fest.lib.id3468,0.0015193809527656755
fest.lib.id3202,0.0012824144305406452
imdbady01352,0.0075671988516707225
imdbady00784,0.005285813139675256
imdbady00184,0.0013973127158122293
imdbady01159,0.0013225483106735455
fest.lib.id247,0.007806631266260427
imdbady01485,0.0012608568944980547
fest.lib.id2944,0.0020055158053907383
imdbady00629,0.0011403408471106096
imdbady00607,0.0014739082701942523
fest.lib.id.survey.na615,0.003524147350075408
imdbady01256,0.0010571293378700418
imdbady01576,0.0014314894180044002
imdbady00015,0.003966505592464028
fest.lib.id.survey.na129,0.0012824144305406452
fest.lib.id8518,0.010059330153336493
fest.lib.id671,0.0014513135991736418
imdbady01202,0.0015235366501679002
fest.lib.id.na228,0.002387061930926011
imdbady00688,0.0013636853513610742
fest.lib.id.na154,0.0012996548722011981
imdbady01658,0.001518732836239206
imdbady01515,0.0027981800064347823
fest.lib.id1682,0.00692691132912269
fest.lib.id7565,0.019834951648108362
fest.lib.id1017,0.0016163851693532028
imdbady00936,0.001620781204686204
fest.lib.id.na243,0.0016420771660369327
fest.lib.id1237,0.02330651210589785
fest.lib.id8627,0.003777748334761983
fest.lib.id.na255,0.0016789883794863859
imdbady00550,0.003969915583122324
fest.lib.id7249,0.002196686529804096
imdbady00526,0.00353383783131666
fest.lib.id5688,0.014186984599496275
fest.lib.id.na375,0.19236865604671277
fest.lib.id1385,0.004393631084626594
fest.lib.id5985,0.00898466802132393
imdbady01488,0.0018656473835398147
imdbady01634,0.0057242515547429075
imdbady01476,0.0012594326624704795
imdbady01701,0.0011987038986845872
fest.lib.id627,0.001818920932063019
fest.lib.id.survey.na591,0.0010965844479315916
imdbady00234,0.002490531159841168
imdbady00767,0.0020975166883231396
fest.lib.id.survey.na496,0.003301064429002196
imdbady00654,0.004776441851663162
imdbady00436,0.0012998434091698679
fest.lib.id39,0.09626611562864955
fest.lib.id.survey.na474,0.0015878258192145822
imdbady01593,0.001339702876005605
fest.lib.id217,0.13475573540038221
fest.lib.id8976,0.0028804509748530643
fest.lib.id914,0.0011038837163541194
imdbady01705,0.001242996995046394
imdbady00817,0.001430399775728198
imdbady01555,0.0024505753364993154
fest.lib.id21,0.0015193809527656755
imdbady00240,0.0014594541076943894
imdbady00395,0.0024251992572825506
fest.lib.id6843,0.0010797963854596276
imdbady00304,0.002486168545271073
imdbady00903,0.0010580446932191045
fest.lib.id9675,0.0018392912900912848
fest.lib.id445,0.0028726852531059
imdbady00099,0.0011840411538636343
imdbady00604,0.0013636853513610742
fest.lib.id3166,0.0014122977968438158
fest.lib.id1897,0.0019067407603500421
fest.lib.id83,0.017234630619636697
fest.lib.id.survey.na482,0.0012737903321567584
imdbady01224,0.0015894434167962434
imdbady01378,0.001522023542974639
fest.lib.id1319,0.0020151191509134923
imdbady00777,0.0014739082701942523
fest.lib.id8254,0.0014594541076943894
imdbady01233,0.0011987448329478566
fest.lib.id1157,0.0037098776958811607
fest.lib.id.survey.na678,0.0015193809527656755
imdbady01618,0.005243133257033275
fest.lib.id.na16,0.001091804995610905
fest.lib.id1289,0.0023957873414271373
imdbady01093,0.001171344288995906
fest.lib.id6064,0.05436316162960417
imdbady01377,0.0014526209824921193
imdbady00633,0.0012997864365508298
fest.lib.id.na67,0.003776814844495812
imdbady00555,0.002271977190893595
fest.lib.id.na439,0.0011473829824903603
imdbady00033,0.001526850733310703
fest.lib.id.survey.na401,0.014876096940346195
fest.lib.id8269,0.0013965631202055297
imdbady01680,0.0015122207382751837
imdbady01113,0.0014739082701942523
imdbady00567,0.0011935974747262527
fest.lib.id566,0.0022459909887139525
imdbady01751,0.0010965844479315916
fest.lib.id1365,0.0018729863280308665
imdbady00425,0.0014359732327722699
fest.lib.id656,0.007984485340505719
fest.lib.id835,0.0013965631202055297
imdbady01498,0.0014466599152432647
fest.lib.id144,0.0041152730168264
fest.lib.id.na96,0.0017184525426540834
fest.lib.id.na427,0.007336365051726776
imdbady00706,0.0013557792479064286
fest.lib.id.survey.na151,0.0013965631202055297
fest.lib.id1936,0.0022105119520018836
imdbady01269,0.0016370674459598045
fest.lib.id7733,0.0017496853910568566
imdbady00060,0.0013636853513610742
imdbady01596,0.002567024047220635
imdbady01595,0.0017100189881311424
imdbady01147,0.001203470420641786
imdbady00879,0.002611992954166612
imdbady01060,0.004077519284966213
imdbady01565,0.0014739082701942523
fest.lib.id.na173,0.0030424550948161336
imdbady01291,0.00162080954565632
imdbady00647,0.0012737903321567584
fest.lib.id1798,0.0014998889520174822
imdbady00273,0.00159164922467506
fest.lib.id6734,0.0033844799721552787
fest.lib.id1887,0.11341129673140814
fest.lib.id.survey.na560,0.0025260867755122988
imdbady01079,0.0014161204765078368
imdbady01674,0.0012328894579442839
fest.lib.id7921,0.001047268465354202
imdbady01426,0.001099573040470683
id263,0.005491744347656057
fest.lib.id1028,0.016649482467803418
fest.lib.id.na169,0.003671006394370219
fest.lib.id.survey.na127,0.0013640316058171583
fest.lib.id534,0.006248647658998345
fest.lib.id6362,0.0014064856275315066
imdbady01284,0.0010477453501780208
fest.lib.id1106,0.013954589438174311
fest.lib.id.na47,0.014149528567519845
fest.lib.id.na76,0.0024403011236113505
fest.lib.id.na327,0.009456621444276276
id506,0.01061981279386026
fest.lib.id7444,0.0011031362680428355
imdbady01501,0.0014314894180044002
imdbady00235,0.0012040960233053578
imdbady01399,0.0011562447916889733
id635,0.0010757228890581737
fest.lib.id.na224,0.0014249823348791355
imdbady01228,0.0011678603304878495
imdbady01566,0.0014739082701942523
fest.lib.id.survey.na177,0.0015193809527656755
fest.lib.id.survey.na121,0.0015193809527656755
imdbady01265,0.0012997864365508298
fest.lib.id6464,0.0011134603118655953
imdbady00002,0.0010684711542326042
fest.lib.id1802,0.003685997062212277
fest.lib.id111,0.004558911499656053
imdbady00443,0.0012282785344206275
imdbady00299,0.001294993415962997
fest.lib.id1251,0.030168672945357255
fest.lib.id859,0.013401782077490586
imdbady00574,0.0013636853513610742
fest.lib.id.na266,0.026386693860835003
imdbady00813,0.0013136265945332772
imdbady00111,0.0011192455289479209
fest.lib.id1818,0.08098663544424346
fest.lib.id.na212,0.007325491132744159
fest.lib.id.survey.na671,0.0019351113138566774
fest.lib.id.survey.na112,0.001379723810311949
imdbady01532,0.0013048489786926288
fest.lib.id6061,0.006614353965771359
fest.lib.id2024,0.03447105478829865
imdbady00067,0.0011705107224167016
fest.lib.id5692,0.0027068839604591764
imdbady00450,0.001767413880623974
fest.lib.id.survey.na53,0.0014122977968438158
fest.lib.id.na424,0.0025403526780480357
imdbady01420,0.0014314894180044002
imdbady00705,0.0012355941926453227
imdbady01479,0.0018459768104491943
imdbady01461,0.0014314894180044002
imdbady00097,0.0013897423697993073
imdbady00195,0.001259682074427219
imdbady01439,0.005689985201644216
fest.lib.id.na292,0.07612469051374422
fest.lib.id7967,0.003382423539559993
imdbady01495,0.0023536567114870073
fest.lib.id.na204,0.0185246188482383
imdbady01421,0.0012998434091698679
fest.lib.id.na420,0.0019466116472129946
fest.lib.id.na183,0.0012017718757172116
fest.lib.id1431,0.0019763821973627503
fest.lib.id937,0.002824773009784044
fest.lib.id.na58,0.002062690328968844
imdbady00770,0.019164603279223983
fest.lib.id.survey.na626,0.001259682074427219
fest.lib.id3088,0.0057571935383426325
imdbady01437,0.0017370351322080668
fest.lib.id1921,0.005650876962369199
fest.lib.id.na199,0.0023766634259859256
fest.lib.id8179,0.0013965631202055297
fest.lib.id.na123,0.00527162515712039
id401,0.07211320128732311
fest.lib.id1139,0.001558250813170736
fest.lib.id.survey.na453,0.0015193809527656755
fest.lib.id1459,0.001132504111355357
fest.lib.id876,0.001369100039274232
fest.lib.id7263,0.0038145110271375453
imdbady01602,0.0011999258114383457
fest.lib.id.na295,0.0018136769016942962
imdbady00870,0.0011405703940266883
fest.lib.id1177,0.0358547708140046
imdbady01363,0.0013280552939055439
fest.lib.id.na309,0.04223590146581524
imdbady01268,0.0018532304635377778
imdbady01438,0.021585913397982007
fest.lib.id.na129,0.010202134744958631
imdbady01275,0.0012528296627381435
imdbady01300,0.0016880815292772582
fest.lib.id783,0.005475378263475763
imdbady00968,0.0028141716435211793
imdbady00221,0.001463428814910313
imdbady00309,0.0014739082701942523
imdbady00772,0.0014739082701942523
fest.lib.id3912,0.010269257313660319
imdbady00295,0.0019013705868256984
imdbady00194,0.0012013368988927926
fest.lib.id1490,0.0035242247722318027
fest.lib.id8163,0.004207307983174548
imdbady00118,0.0013050138212113108
fest.lib.id3149,0.001965002970118308
imdbady00471,0.0012546876549053441
imdbady01575,0.0011660810680473332
fest.lib.id1126,0.00244032457974291
fest.lib.id1697,0.05210166239461778
fest.lib.id.na251,0.002068207277881344
fest.lib.id.survey.na632,0.0017347939844994185
fest.lib.id364,0.6039825158473134
fest.lib.id908,0.0056047967006251555
imdbady01253,0.0022342613724659604
imdbady00914,0.0014808999302971953
fest.lib.id6122,0.0019543538086162684
imdbady00159,0.007167649666561711
fest.lib.id320,0.002161219690118789
fest.lib.id.survey.na50,0.0014594541076943894
imdbady00498,0.0012746896777845846
fest.lib.id.na303,0.005874889682345136
fest.lib.id68,0.0047966961643109126
fest.lib.id1356,0.004362676706003335
fest.lib.id994,0.004428276331828365
fest.lib.id.na367,0.003118568038571221
fest.lib.id646,0.0013965631202055297
imdbady00414,0.0033373173231586424
imdbady00361,0.001999739778435787
fest.lib.id8529,0.01602651758021529
imdbady01353,0.0014739082701942523
imdbady00977,0.0017236065939672128
imdbady00068,0.003353213361111712
fest.lib.id.na299,0.0016884598041629853
imdbady01087,0.001146184833521601
fest.lib.id.na316,0.002825078833482248
imdbady00011,0.0011705107224167016
fest.lib.id.survey.na230,0.0014367646967664602
fest.lib.id.na167,0.0012996548722011981
fest.lib.id4688,0.013918290944049705
fest.lib.id1462,0.002967910599713398
fest.lib.id7576,0.0018544317656373193
imdbady00742,0.0012737903321567584
fest.lib.id.na48,0.0015849461567697023
imdbady00761,0.0014754891816083724
fest.lib.id.na381,0.0025037673077805446
fest.lib.id7901,0.011698372753694312
fest.lib.id.survey.na80,0.0013965631202055297
fest.lib.id.survey.na599,0.0021913203308412984
imdbady00081,0.0016054506056653933
fest.lib.id.na203,0.0020487433832569162
imdbady00132,0.001559488049698506
imdbady00315,0.0015384993014076703
fest.lib.id8264,0.0024163530223765355
imdbady00200,0.0019313045562243444
imdbady00503,0.0011941228684741302
imdbady01464,0.0013462062480804275
imdbady00883,0.0013050138212113108
imdbady00602,0.0012709078902233164
fest.lib.id1115,0.08905067793670396
fest.lib.id7329,0.0249989754597084
imdbady00321,0.0012468738688469834
fest.lib.id465,0.007674730781168264
fest.lib.id342,0.030199973620409305
fest.lib.id8543,0.0030097368812779654
fest.lib.id.na347,0.009202267109422754
fest.lib.id.survey.na153,0.001343066369774767
fest.lib.id.na201,0.0034464089347347147
fest.lib.id942,0.049190127422426844
imdbady00021,0.0036945256186628737
fest.lib.id1795,0.009180520377611176
imdbady01762,0.0011333807153728961
fest.lib.id.na443,0.025111993397530303
imdbady00056,0.0023918620770440693
imdbady00270,0.0012889670201227583
imdbady00496,0.0012733355386261376
fest.lib.id7842,0.0014165265854339283
fest.lib.id814,0.0024078489250635273
fest.lib.id.survey.na58,0.001369100039274232
imdbady00640,0.0011287092200939356
imdbady00714,0.0018591780968309308
imdbady00959,0.0011215547531465697
imdbady00638,0.0020621620587009636
fest.lib.id9639,0.0015193809527656755
imdbady00050,0.0047859633847513895
imdbady01186,0.001207393255457055
imdbady01538,0.0014776816497618494
imdbady01436,0.0013794228872920386
imdbady00774,0.001122798359935425
imdbady00477,0.001078082890228553
imdbady00475,0.0014421705566120232
fest.lib.id.survey.na625,0.0035128456317458315
imdbady00399,0.0017829135316154321
fest.lib.id.na39,0.016457340377808
imdbady01483,0.0014466565771000042
fest.lib.id.na274,0.001637877626976775
imdbady01361,0.0012001739892675378
fest.lib.id1189,0.020835876703816147
imdbady01205,0.002594376155892774
imdbady00995,0.0010942472875540388
imdbady01054,0.0011999258114383457
fest.lib.id2892,0.02026457221513718
imdbady00413,0.00543824698870017
imdbady01395,0.0014460019963512263
id421,0.001938378521268002
imdbady01709,0.0013724930577936243
fest.lib.id1680,0.013338138813084389
imdbady01293,0.006373880472661817
imdbady00203,0.001232915415517463
imdbady01069,0.001463428814910313
imdbady01090,0.0010404023845598045
fest.lib.id907,0.0181019727234368
imdbady01379,0.002105477504087821
fest.lib.id.survey.na44,0.0014367646967664602
imdbady00549,0.0012997864365508298
imdbady00500,0.0011310442726726194
fest.lib.id497,0.0029697695001433674
imdbady01460,0.0026175606341605376
fest.lib.id.na117,0.0013922455776556645
fest.lib.id.na267,0.0032792965940787403
fest.lib.id.na300,0.0015276140066461286
imdbady00763,0.002475993642769844
fest.lib.id.na147,0.003615866863896314
imdbady00751,0.0010998571409336281
fest.lib.id.na296,0.008893172428030251
id238,0.0408858975952493
fest.lib.id286,0.0015878258192145822
fest.lib.id2123,0.0076548434664813056
imdbady01242,0.001440366680172995
imdbady00225,0.0014739082701942523
fest.lib.id.na82,0.002774831283605397
imdbady01642,0.0016170329560782108
fest.lib.id3401,0.0010471218194308986
imdbady00727,0.0011777527474812273
imdbady00072,0.0014314894180044002
imdbady00150,0.001556488676019731
imdbady01734,0.0015200757039558295
fest.lib.id.na213,0.0192305499949209
fest.lib.id.na215,0.07270284889751268
fest.lib.id.na339,0.0011302362434411264
fest.lib.id1899,0.020175366079478816
imdbady01720,0.0010711879853830147
imdbady00785,0.0014739082701942523
fest.lib.id8196,0.0034084100623222708
fest.lib.id.survey.na105,0.005630861501740563
imdbady00023,0.001792659194285164
imdbady01250,0.0011834211899277426
imdbady00027,0.001259682074427219
fest.lib.id6240,0.012192023755148272
fest.lib.id.survey.na175,0.004529400087028405
fest.lib.id.na187,0.0012497808781607555
imdbady00016,0.003998074263686495
imdbady00909,0.001219162137244537
imdbady00715,0.0014739082701942523
fest.lib.id1918,0.007152999113938354
fest.lib.id897,0.004477402543437117
imdbady00329,0.0014739082701942523
fest.lib.id7837,0.0029531343302260826
imdbady00166,0.0015305942129914885
imdbady00581,0.0025937123861460715
fest.lib.id.survey.na220,0.002293272147397142
fest.lib.id.na311,0.0011693587527075626
imdbady00788,0.0011271448769621935
imdbady00103,0.0010830495045830051
imdbady00035,0.002023094401550031
fest.lib.id1956,0.016853238613655553
fest.lib.id.survey.na65,0.0017391472510610798
fest.lib.id1808,0.1145501607898263
imdbady00764,0.001330222850652644
imdbady00188,0.0014314648880419045
fest.lib.id7524,0.008085491619333144
fest.lib.id.na102,0.0065257813015153435
imdbady01390,0.0011955127646341044
fest.lib.id.na240,0.06203455950095228
imdbady00954,0.0014739082701942523
fest.lib.id788,0.003659664172283769
fest.lib.id463,0.0779767084966147
imdbady01218,0.0014314894180044002
fest.lib.id1072,0.009191995293624466
imdbady00873,0.0012013368988927926
imdbady00029,0.001294993415962997
fest.lib.id1972,0.013834076062327318
imdbady00941,0.0011405703940266883
imdbady01671,0.0020274530481081193
fest.lib.id.na132,0.004105013786987753
fest.lib.id.na9,0.050618395656052695
imdbady00157,0.0015013755619209962
fest.lib.id8564,0.001381889911636586
fest.lib.id752,0.07935485557086505
fest.lib.id1497,0.05660824773915387
fest.lib.id1075,0.003498326067236099
imdbady00373,0.001497496646962962
fest.lib.id1694,0.0015693699414686846
imdbady01755,0.001372527908555955
imdbady01339,0.0016370674459598045
imdbady01261,0.0011633035650447515
fest.lib.id6251,0.0013343646221704926
imdbady00744,0.0011171087942191884
fest.lib.id328,0.001689189673251111
imdbady00658,0.0011606310753375173
id519,0.001331039913131526
imdbady00882,0.0016877464292151174
fest.lib.id.survey.na610,0.0020234805280168293
imdbady00918,0.0024986548146630014
imdbady01217,0.001125684900336156
fest.lib.id1067,0.00976298842262912
fest.lib.id.survey.na143,0.0015878258192145822
fest.lib.id.survey.na669,0.002012040966814288
fest.lib.id6669,0.004352261946698859
imdbady01441,0.001173101983742777
fest.lib.id6250,0.007829432465199064
imdbady01141,0.0014739082701942523
imdbady00187,0.0014739082701942523
fest.lib.id.na256,0.002306161681270718
imdbady00939,0.0014918528440545518
fest.lib.id2952,0.006689674841516832
imdbady01255,0.0032322618607182564
fest.lib.id.na24,0.0013363769560027902
fest.lib.id1536,0.019642111753073396
imdbady00201,0.0038006856562338093
fest.lib.id.na90,0.015772236282366865
fest.lib.id.na25,0.0019131366462168098
id618,0.001287299007108443
fest.lib.id.survey.na164,0.0014122977968438158
imdbady00363,0.0010706151890627655
fest.lib.id2597,0.0015193809527656755
fest.lib.id.survey.na251,0.0015878258192145822
imdbady01156,0.0011390701462512735
imdbady01310,0.0019007363564098084
fest.lib.id.na386,0.019447580188516594
imdbady01440,0.002005290484209387
imdbady01381,0.0014739082701942523
fest.lib.id.survey.na286,0.0015878258192145822
imdbady01240,0.012268671571908496
fest.lib.id1129,0.0025991388804264886
fest.lib.id.na214,0.0017125915802085835
fest.lib.id.na229,0.0015276140066461286
fest.lib.id424,0.005304605589729922
imdbady00396,0.0012756665662230918
fest.lib.id.na121,0.0014164946656828991
fest.lib.id1599,0.0033681560626751123
fest.lib.id1298,0.009515150807180305
fest.lib.id.survey.na433,0.0013640316058171583
imdbady00135,0.0011791307378944422
imdbady01039,0.0014314894180044002
id557,0.0016493847361894953
fest.lib.id1736,1.0
imdbady00485,0.00206969781624263
fest.lib.id1813,0.005383374222217289
fest.lib.id1074,0.045751935521372585
fest.lib.id6405,0.003928671275813424
fest.lib.id.na383,0.0018785224986667948
fest.lib.id7727,0.00464812753998713
imdbady00039,0.0012357188752884429
imdbady01182,0.0017640346078041367
fest.lib.id.survey.na6,0.002340473849681116
imdbady00494,0.0020610849602815022
fest.lib.id.na441,0.0013922455776556645
imdbady01386,0.0012564170680242606
fest.lib.id1504,0.002148122573271715
fest.lib.id.survey.na283,0.0019921539589705696
imdbady01073,0.0027102426801322464
fest.lib.id414,0.006391893041814866
fest.lib.id7505,0.06371828239502825
fest.lib.id1713,0.007236022401505479
fest.lib.id268,0.03638586113407253
fest.lib.id.na128,0.0011769624479971922
fest.lib.id.survey.na680,0.00200369208270499
fest.lib.id.na281,0.0016169981610769156
fest.lib.id.na323,0.0014064856275315066
id075,0.0025725641471372887
fest.lib.id1984,0.001958176488280289
imdbady01002,0.002565089872647792
fest.lib.id3843,0.001577167017143491
imdbady01534,0.0013050138212113108
fest.lib.id4233,0.00842620966645315
fest.lib.id1313,0.0032703952162964323
imdbady01470,0.0014540932399083478
fest.lib.id2592,0.0013875745584548066
fest.lib.id.survey.na440,0.001369100039274232
imdbady00207,0.0014314894180044002
fest.lib.id1389,0.0020807340232707004
fest.lib.id244,0.0030941363364391083
fest.lib.id.survey.na414,0.0013965631202055297
imdbady00260,0.0014594541076943894
imdbady00341,0.0014739082701942523
imdbady00403,0.0020077259316430567
id209,0.001217708582763908
imdbady01587,0.002607024765621201
imdbady01431,0.0018551230243898785
imdbady00058,0.0019013705868256984
fest.lib.id.na290,0.0030694104538502207
imdbady01447,0.0016036918929865738
fest.lib.id8623,0.0032509145370216838
imdbady00391,0.0032900111386910042
fest.lib.id.na23,0.0024367773499015064
fest.lib.id776,0.002003745252410475
id392,0.0012824144305406452
fest.lib.id9318,0.05049994368862475
fest.lib.id1180,0.022425458764178004
fest.lib.id1544,0.043549453066737534
fest.lib.id1260,0.004495029947934542
imdbady00083,0.0011376357627885972
imdbady01264,0.0016792613757082506
imdbady01005,0.0026360878503997147
fest.lib.id.na116,0.010534461513433544
fest.lib.id.survey.na16,0.002212548104536902
fest.lib.id1677,0.0013139271747944676
imdbady01367,0.0016262316633455431
imdbady01428,0.003079396474667034
fest.lib.id1741,0.03903597476384243
imdbady00853,0.0031038821565902404
imdbady00220,0.0010456952559586858
fest.lib.id.survey.na282,0.0014367646967664602
fest.lib.id.na263,0.0010527564805536324
imdbady00704,0.0015001985473893271
fest.lib.id349,0.0013965631202055297
fest.lib.id.survey.na64,0.0013640316058171583
fest.lib.id1366,0.0013640316058171583
imdbady00253,0.001036457658873224
fest.lib.id490,0.01162454417668349
imdbady01325,0.0013225483106735455
imdbady00123,0.0014861620708675964
fest.lib.id.na206,0.0012497808781607555
fest.lib.id955,0.030472915589140497
fest.lib.id.na144,0.0014064856275315066
fest.lib.id.na481,0.002033430720693642
fest.lib.id961,0.043124735389292075
imdbady00592,0.0012384394475417682
imdbady01169,0.0013064040460220093
fest.lib.id1888,0.9014664491525963
fest.lib.id319,0.0028108641938900595
fest.lib.id1013,0.03395517165584926
imdbady00089,0.001463428814910313
imdbady00297,0.0013050138212113108
fest.lib.id6585,0.00198254869313463
imdbady00313,0.002204361661126739
fest.lib.id969,0.00522868104738361
imdbady01590,0.0011999258114383457
imdbady00258,0.001379723810311949
imdbady00278,0.0025097950583972783
fest.lib.id1770,0.0048905010459069165
fest.lib.id8251,0.006334709600874964
imdbady00170,0.0011408594870320535
fest.lib.id.na314,0.0010527564805536324
fest.lib.id633,0.001080645579535626
imdbady00937,0.0018919803538254537
imdbady01212,0.0018160061100033415
imdbady00582,0.0019229997868700425
imdbady01024,0.0015914471626057713
fest.lib.id1908,0.0015187080194518374
fest.lib.id.na413,0.001094163756725337
imdbady01273,0.0018135064882289788
imdbady01660,0.0014314894180044002
imdbady01396,0.0014034917093291687
fest.lib.id.na465,0.0024421802881067585
fest.lib.id1836,0.03307221669352303
fest.lib.id.survey.na274,0.0013136265945332772
imdbady00659,0.006229556555231046
fest.lib.id7560,0.010410600021076133
fest.lib.id648,0.008134580754714654
imdbady00061,0.0013636853513610742
fest.lib.id3364,0.0020298125601243885
id514,0.0010911994545427673
fest.lib.id.survey.na40,0.01368072797422547
imdbady01743,0.0010351372513885094
fest.lib.id215,0.0024640777238594622
imdbady00719,0.0014739082701942523
imdbady00558,0.001257738623999617
fest.lib.id.survey.na579,0.0017386165908637094
imdbady01194,0.0013050138212113108
fest.lib.id507,0.003344785192613087
imdbady01019,0.0014739082701942523
fest.lib.id489,0.007752950533746969
id035,0.007126699570908031
imdbady00314,0.0014739082701942523
imdbady01062,0.0013502519649044422
imdbady00698,0.0015682873508109931
fest.lib.id.survey.na325,0.0013965631202055297
fest.lib.id1941,0.0013134409765115434
fest.lib.id9453,0.001082773539201293
fest.lib.id933,0.0016418884767812876
imdbady00641,0.0013794228872920386
imdbady00255,0.0014314894180044002
imdbady01635,0.0015089730040101171
imdbady01666,0.0014881628053624528
fest.lib.id318,0.007030406926369627
fest.lib.id1989,0.001982130838298613
fest.lib.id.na101,0.0017072841013629197
imdbady01548,0.0016862665309451776
imdbady00400,0.00137507938994811
fest.lib.id1776,0.029239436365596817
fest.lib.id1437,0.0016667475194027178
fest.lib.id436,0.022565297608912495
imdbady01570,0.0028282003491340506
fest.lib.id1299,0.007039956182600893
imdbady00318,0.001302292170959784
imdbady01563,0.0012692669291085093
fest.lib.id.na319,0.0027492905090200086
imdbady01374,0.001111598515825947
fest.lib.id7347,0.0025368431960663476
fest.lib.id.na330,0.0011693587527075626
imdbady00030,0.001700576139867162
imdbady00510,0.0010921328419833294
imdbady00927,0.002196620837799787
fest.lib.id816,0.004177180750195761
fest.lib.id1729,0.0013640316058171583
imdbady01562,0.0013050138212113108
fest.lib.id1689,0.0010851843097545988
fest.lib.id.survey.na409,0.0013965631202055297
imdbady00041,0.0022686028330807816
fest.lib.id.survey.na255,0.001369100039274232
imdbady00124,0.009368656136930454
fest.lib.id.survey.na338,0.0027989125867958946
imdbady01465,0.00169276283879577
imdbady01521,0.005161007808361294
fest.lib.id211,0.002426644994596964
imdbady01549,0.0016540738911048859
imdbady01308,0.007109230638023554
fest.lib.id890,0.0014367646967664602
imdbady01130,0.0012997864365508298
imdbady01080,0.0019580842165584384
fest.lib.id1401,0.00812481297591991
fest.lib.id109,0.0014122977968438158
fest.lib.id.survey.na75,0.002498654801929662
fest.lib.id1191,0.04049416195128062
imdbady00371,0.0011746135033079816
fest.lib.id562,0.007353972318251043
fest.lib.id6936,0.00271554637339918
fest.lib.id.na131,0.004002043210380775
imdbady00540,0.008444396584726685
fest.lib.id943,0.004774160305604754
imdbady00713,0.002104280700438024
imdbady00453,0.0029636228578943232
fest.lib.id.na360,0.002920891949738211
fest.lib.id.na363,0.0011560261041094466
imdbady01246,0.001738693409675214
fest.lib.id865,0.0019458385963825944
fest.lib.id.na429,0.0046978057805142515
imdbady00441,0.0011952174706368036
fest.lib.id.survey.na421,0.013916031190738616
imdbady00408,0.0018665584660188057
imdbady01096,0.0012564170680242606
fest.lib.id.na269,0.0014537771038474958
fest.lib.id.na447,0.0016099783049105501
imdbady01624,0.001096231017369683
imdbady00736,0.0012354867597708986
fest.lib.id.survey.na304,0.0017857609243845532
imdbady00322,0.0015258815943181075
imdbady00487,0.0010937690484067082
imdbady00121,0.001463428814910313
fest.lib.id1853,0.012387996649593459
fest.lib.id.survey.na602,0.002068502498281153
fest.lib.id7960,0.00477166343953152
imdbady01135,0.02372164921216576
fest.lib.id.survey.na609,0.0013640316058171583
imdbady00238,0.0015402456306093794
fest.lib.id.na433,0.0014064856275315066
fest.lib.id1447,0.0031918844183715725
fest.lib.id1691,0.0014122977968438158
fest.lib.id1294,0.0020077259316430567
imdbady01654,0.0011985101224323631
fest.lib.id8025,0.0033523524140940814
fest.lib.id.survey.na619,0.0027080040839563154
fest.lib.id7551,0.001227850184950788
imdbady01753,0.0012350937003513484
imdbady01129,0.001636658726591272
fest.lib.id.survey.na318,0.0013965631202055297
imdbady00758,0.0013636853513610742
imdbady01670,0.0013636853513610742
id642,0.0013145680817501376
imdbady01017,0.0016704389538624827
fest.lib.id1510,0.03750500301014553
imdbady01391,0.0012147719011533977
imdbady00890,0.0026311541499410016
imdbady00745,0.0012161931196576579
imdbady01511,0.0011409838665523025
fest.lib.id.na122,0.003360804493390582
imdbady00645,0.0015986349792186248
fest.lib.id.survey.na635,0.002175585654203013
imdbady01731,0.001532827849913832
fest.lib.id.na157,0.008760280619473163
fest.lib.id.survey.na485,0.0015878258192145822
imdbady01455,0.0014326511832947056
imdbady00483,0.0017184815854799282
imdbady01117,0.0010921487575243497
fest.lib.id.na125,0.0037007818454390467
fest.lib.id1065,0.0027924027087358524
fest.lib.id.na74,0.013862633708654823
imdbady00748,0.0010416591277909687
imdbady01384,0.0014739082701942523
fest.lib.id1234,0.048618230462118085
imdbady00385,0.0016303232873224097
fest.lib.id719,0.001640471671590204
fest.lib.id523,0.001369100039274232
fest.lib.id.na401,0.022471773924880985
fest.lib.id193,0.01447770585311524
fest.lib.id2690,0.0012996548722011981
imdbady00693,0.0023674563693971786
fest.lib.id.na143,0.0014064856275315066
imdbady00810,0.0013999537537061602
imdbady00192,0.0013794228872920386
fest.lib.id3627,0.002345526233549806
fest.lib.id.na258,0.0017588776411239183
imdbady00911,0.002159655587410515
fest.lib.id6275,0.0017536320642666508
fest.lib.id7225,0.0011746135033079816
fest.lib.id.na59,0.0019360660401755913
imdbady01122,0.0011895342407397878
fest.lib.id1725,0.003586333457140091
fest.lib.id1395,0.0024508712167201634
fest.lib.id.na188,0.011812823480329382
fest.lib.id1120,0.0015062021057438456
fest.lib.id.na.ch43,0.0449107785683695
imdbady01415,0.0018718351275947272
fest.lib.id373,0.002883092129883087
fest.lib.id1292,0.004710768670663078
fest.lib.id.na97,0.0014897473341073312
id610,0.001287299007108443
fest.lib.id6352,0.00850150382254969
fest.lib.id437,0.04486369651905941
imdbady01022,0.0013803411122876555
fest.lib.id382,0.004154320362509023
imdbady01254,0.002292279694837849
imdbady00107,0.00853299303716098
fest.lib.id.survey.na34,0.0015193809527656755
imdbady01712,0.001430399775728198
imdbady00606,0.001068723410140404
fest.lib.id8560,0.0013965631202055297
fest.lib.id311,0.0038467372852341473
imdbady00026,0.001259682074427219
fest.lib.id1681,0.0012616736491908923
fest.lib.id29,0.0011738110844349938
imdbady01027,0.0027138806505590902
fest.lib.id1384,0.002557672815344851
imdbady00792,0.001131397579267447
fest.lib.id.survey.na144,0.0015193809527656755
fest.lib.id1457,0.001082773539201293
imdbady01097,0.0017375307133026153
id201,0.014079317259357451
fest.lib.id338,0.007239117808906393
imdbady01738,0.0017274621426619455
fest.lib.id1524,0.003762714873428177
fest.lib.id.na272,0.0011643467563001268
imdbady01741,0.0013350314656628225
fest.lib.id742,0.0017318345663842002
imdbady00199,0.001131638721490838
fest.lib.id.na289,0.016889362918812247
imdbady00046,0.0021446329384489132
imdbady00502,0.0010868041152587212
fest.lib.id285,0.39801347663094955
imdbady00913,0.0012448793970677257
fest.lib.id979,0.002461392174705397
imdbady00217,0.0017902261802477738
imdbady01048,0.0030449170906987825
imdbady01340,0.0019847509957504205
fest.lib.id.na163,0.00263475562171809
fest.lib.id.na180,0.0011159142326727732
imdbady01444,0.0012795468884771216
imdbady01665,0.0015319965782380454
fest.lib.id6981,0.005447685106529729
imdbady00119,0.007138459242160698
imdbady01008,0.0014759553907891588
imdbady00415,0.001154378942608441
fest.lib.id763,0.16911813420957966
imdbady00586,0.0012179327750565835
fest.lib.id1473,0.012978752400486635
imdbady00950,0.0044692404833203275
fest.lib.id1182,0.029129658789427314
fest.lib.id.na4,0.03566994574215833
imdbady00557,0.001136194687047962
imdbady01750,0.0012525019311564998
imdbady00892,0.0011785620328772265
fest.lib.id8570,0.0012824144305406452
imdbady01301,0.0019309292186182334
fest.lib.id7797,0.0032347173361716715
fest.lib.id6530,0.0013640316058171583
imdbady01572,0.0013794228872920386
imdbady00986,0.0010958161833287442
fest.lib.id7340,0.0016875696765652772
fest.lib.id295,0.0012996548722011981
fest.lib.id3402,0.0020929497087919507
fest.lib.id.na.ch170,0.0015878258192145822
fest.lib.id.na83,0.0024538200612606235
fest.lib.id1768,0.07352724707497833
fest.lib.id.na285,0.004173476154596792
imdbady01249,0.003245380546603454
imdbady00040,0.0012773854521538528
imdbady01474,0.0014513135991736418
fest.lib.id1772,0.001287299007108443
fest.lib.id.survey.na300,0.001122807474570282
fest.lib.id.na88,0.008020590316202343
imdbady00212,0.002159422923485718
fest.lib.id6120,0.002385853381076906
imdbady00812,0.0015907939779722007
imdbady01405,0.0017603728601273119
fest.lib.id782,0.03168250471808614
imdbady00003,0.001136773794772231
fest.lib.id8067,0.0018370494277354494
imdbady01578,0.0010868041152587212
fest.lib.id.survey.na238,0.0014367646967664602
imdbady01174,0.001125684900336156
fest.lib.id.survey.na668,0.0026408645057577514
fest.lib.id.na61,0.006020997567343051
imdbady00133,0.0012997864365508298
imdbady01040,0.0010707235622461478
imdbady01450,0.0012468738688469834
fest.lib.id.na345,0.0011738110844349938
imdbady01424,0.0010831500667831664
fest.lib.id.na111,0.013684973272772927
fest.lib.id.na422,0.003335433665253892
imdbady01241,0.0012959031945047994
fest.lib.id.na189,0.009880188395013844
fest.lib.id7940,0.0014404926813621776
fest.lib.id.na164,0.0014231422172074012
id627,0.06218359890861916
imdbady01519,0.0014198326955930582
imdbady00871,0.0011490049022239998
fest.lib.id.survey.na366,0.0012824144305406452
fest.lib.id86,0.0182476630995813
imdbady01496,0.0016262316633455431
imdbady00130,0.0010392136907432905
fest.lib.id9651,0.0015193809527656755
fest.lib.id.survey.na27,0.0020198900527984114
fest.lib.id.na406,0.00249682168729713
imdbady00545,0.0014314894180044002
imdbady00966,0.0041807697936394545
fest.lib.id1890,0.017783632446809833
fest.lib.id1411,0.026525914688567735
imdbady00045,0.0011107305169309543
imdbady00857,0.001837474839919213
imdbady00044,0.0019007873763787404
fest.lib.id213,0.00976860318220209
imdbady00288,0.0014314894180044002
fest.lib.id464,0.006057061049396258
fest.lib.id1720,0.0017522553423711415
imdbady00492,0.0014594541076943894
fest.lib.id229,0.003091870913624216
fest.lib.id20,0.034341018289259624
fest.lib.id2126,0.002134990935855503
imdbady00886,0.0013050138212113108
imdbady01144,0.001262854364536667
imdbady00173,0.0050220096728715614
imdbady00059,0.0012997864365508298
imdbady00366,0.013393617853888484
fest.lib.id6254,0.0026251129612705503
imdbady01722,0.0027713899286338608
imdbady00768,0.001923075390233472
fest.lib.id276,0.01534232887727003
imdbady01541,0.0015450022534514718
fest.lib.id.na320,0.0013061789120368073
imdbady00028,0.0018979302662512864
fest.lib.id1272,0.04443110120312822
fest.lib.id1174,0.005578404291859357
fest.lib.id.na365,0.053889133022886754
fest.lib.id.survey.na110,0.00255678187566969
imdbady00989,0.0011033179276260705
fest.lib.id.survey.na212,0.0013965631202055297
imdbady00349,0.005477673547281746
imdbady01683,0.001294993415962997
imdbady01425,0.0018509808138236926
fest.lib.id.survey.na62,0.0015193809527656755
fest.lib.id.na366,0.002033278540649497
imdbady01042,0.00894652033113177
fest.lib.id7391,0.0028277837105344593
imdbady00843,0.0014305375203799247
fest.lib.id.survey.na306,0.0014367646967664602
imdbady01346,0.0019307125771950778
fest.lib.id122,0.0022248698917036883
imdbady00622,0.0019277130998038693
imdbady00464,0.0016831412130016482
imdbady01621,0.002181805970307084
fest.lib.id484,0.0012997864365508298
imdbady01149,0.011966113492184145
imdbady00802,0.0011802711434057873
imdbady00806,0.0014314894180044002
imdbady01001,0.001387282019869441
imdbady01454,0.0012396984273653116
fest.lib.id469,0.019241998458219826
fest.lib.id.na308,0.006180417695820174
imdbady01517,0.001185718671725635
fest.lib.id1909,0.0068774478412469255
fest.lib.id1041,0.04255574650653668
imdbady00390,0.007263539560911155
fest.lib.id7250,0.001369100039274232
imdbady00442,0.0024239386052049457
imdbady00585,0.0011158787547263804
imdbady00888,0.001219340610567647
imdbady00760,0.0012180829340043384
imdbady00648,0.0029962442207077298
fest.lib.id7865,0.0013640316058171583
fest.lib.id381,0.02475785535988938
imdbady01411,0.0011541816006604686
imdbady00573,0.0012049628611534853
imdbady00700,0.0014607955685928694
fest.lib.id1388,0.0038701278790679236
fest.lib.id804,0.0013794228872920386
imdbady00630,0.0011935974747262527
fest.lib.id3079,0.0012996548722011981
fest.lib.id.na416,0.0041785141258399855
fest.lib.id1568,0.002577979883589319
fest.lib.id1913,0.002175585654203013
fest.lib.id.na210,0.00566190476227705
fest.lib.id1344,0.007128921551388989
fest.lib.id6703,0.0032582347517774186
imdbady00009,0.0016303232873224097
fest.lib.id.na69,0.0016464064493820695
fest.lib.id262,0.0011459926828772575
imdbady01170,0.0013636853513610742
imdbady01098,0.0016110183261006754
fest.lib.id.survey.na12,0.0015193809527656755
imdbady01328,0.0020337296312052263
fest.lib.id7894,0.0013640316058171583
fest.lib.id1955,0.0023904610939231735
imdbady01049,0.0027138118645877963
fest.lib.id7494,0.0022288014400094077
imdbady00186,0.0015502181198260852
fest.lib.id1391,0.008034460864869747
id023,0.002529655628914452
fest.lib.id.survey.na568,0.0020655063172724994
fest.lib.id.na354,0.005662227244426444
fest.lib.id.na38,0.0018785224986667948
imdbady01178,0.0012857764515967066
imdbady01371,0.0014739082701942523
fest.lib.id.survey.na335,0.003194241024218296
imdbady00601,0.0016145543505660957
imdbady01523,0.0013237787624901525
imdbady01382,0.0013797957768924142
imdbady00560,0.0014314894180044002
imdbady01418,0.0014314894180044002
fest.lib.id.survey.na455,0.001978820708538913
imdbady00171,0.0022089825919841912
imdbady01429,0.0014326511832947056
imdbady01490,0.005312901354874299
imdbady00071,0.0014421705566120232
imdbady00684,0.0014739082701942523
fest.lib.id9313,0.001369100039274232
imdbady00577,0.0012997864365508298
imdbady00153,0.001841373219930591
imdbady00075,0.0013515240796986908
fest.lib.id9344,0.0015878258192145822
imdbady01478,0.0021903011318432954
imdbady00048,0.0017715907180673584
fest.lib.id1089,0.004731277495374692
imdbady00593,0.0011226414982836127
fest.lib.id.survey.na526,0.15796024924762553
fest.lib.id.na273,0.0015662540960047456
imdbady01646,0.0028627641187215186
imdbady00019,0.002102493283434159
imdbady01614,0.0010451020801113934
imdbady01035,0.0013794228872920386
id549,0.0015878258192145822
imdbady01344,0.0025379236815469518
imdbady00656,0.001329920713656438
fest.lib.id448,0.006659687056639577
fest.lib.id1637,0.0012824144305406452
imdbady01107,0.0011106636340101504
fest.lib.id7523,0.010362072505060953
fest.lib.id.na455,0.0012239875974210006
imdbady01723,0.001960652930381717
fest.lib.id1084,0.004775053770958409
fest.lib.id.na118,0.0011738110844349938
fest.lib.id6684,0.0011968544622611267
fest.lib.id.na12,0.002062690328968844
imdbady00787,0.0011746135033079816
fest.lib.id1517,0.0027704864925105453
imdbady01609,0.0014739082701942523
fest.lib.id.survey.na464,0.0034218230800387196
fest.lib.id7477,0.010973276575960327
imdbady01020,0.0013225483106735455
id604,0.0024951135848268065
fest.lib.id.survey.na111,0.008778112768917146
imdbady01763,0.0013538285976471575
fest.lib.id637,0.008272144374503573
imdbady00087,0.001088631950142881
imdbady00493,0.008816851552668207
imdbady00875,0.0012260062203586033
fest.lib.id.na78,0.0011222186247132789
fest.lib.id754,0.04673394137292894
fest.lib.id2022,0.008183424241903221
fest.lib.id949,0.00543917505738562
fest.lib.id.na72,0.007018989921137832
imdbady00517,0.0010819973583904962
imdbady01355,0.0011280081187965908
imdbady01416,0.0013050138212113108
fest.lib.id791,0.001203448600776166
fest.lib.id1892,0.016038140602942452
fest.lib.id1733,0.0017750768287192425
fest.lib.id.na75,0.001399310803987537
imdbady00687,0.0014594541076943894
fest.lib.id169,0.004828269330549954
fest.lib.id95,0.004325763289806156
fest.lib.id.na161,0.0020417037103629574
imdbady00747,0.0012756665662230918
fest.lib.id7573,0.0040642626372510765
imdbady00720,0.001584620660157498
imdbady01163,0.001124949708890429
fest.lib.id.na106,0.0021028919055297744
fest.lib.id1877,0.0013605087398629709
imdbady01768,0.0014314894180044002
imdbady01145,0.001124949708890429
imdbady01176,0.0011935974747262527
fest.lib.id1393,0.004143114549068411
imdbady00038,0.0013794228872920386
imdbady00454,0.0011410886219314284
imdbady01274,0.002245726527769581
imdbady01469,0.0017757172558440437
imdbady00489,0.0011918786071417763
fest.lib.id894,0.001294993415962997
fest.lib.id1027,0.05065465121311899
fest.lib.id.survey.na29,0.0014367646967664602
imdbady00762,0.0018124631864852685
fest.lib.id779,0.005765383710910132
imdbady01114,0.0010803459720470756
fest.lib.id6356,0.0021606550769621576
fest.lib.id.na395,0.0015849461567697023
imdbady01032,0.0014739082701942523
imdbady00563,0.0021450416538533797
fest.lib.id.survey.na383,0.0018795020403883469
fest.lib.id.na425,0.014170898323568427
imdbady00160,0.0012357188752884429
fest.lib.id.na40,0.002626915893836074
imdbady00145,0.0013237787624901525
fest.lib.id704,0.002434050902371956
imdbady00484,0.0010910491511018044
fest.lib.id.na250,0.004097778374511665
id458,0.0013965631202055297
fest.lib.id6063,0.0018438032654854663
imdbady00998,0.0016571042634028427
fest.lib.id7657,0.0015163403327432196
imdbady00499,0.0017879487712145223
imdbady01052,0.0014314894180044002
fest.lib.id1402,0.01682114414639636
fest.lib.id.survey.na22,0.002175585654203013
fest.lib.id.na146,0.002699184257815305
fest.lib.id1170,0.0016532425830281374
imdbady01487,0.0019013705868256984
fest.lib.id.na392,0.014677670655206724
imdbady00821,0.001136194687047962
fest.lib.id6727,0.003602873785571368
fest.lib.id264,0.00732888400495578
fest.lib.id214,0.021576660924783372
fest.lib.id.na325,0.001076443662040513
imdbady00339,0.0010825669579851995
fest.lib.id.na234,0.0023132164339523934
fest.lib.id1433,0.007360904048814773
fest.lib.id7643,0.0018496794074075692
fest.lib.id103,0.0035439313102769037
fest.lib.id.survey.na630,0.0014122977968438158
imdbady00952,0.0010830495045830051
imdbady01266,0.0012871027033308695
fest.lib.id375,0.00350652035728732
imdbady00080,0.0015089211112777926
fest.lib.id1252,0.002189307231848297
fest.lib.id5108,0.001369100039274232
imdbady01165,0.0019878506294263264
imdbady00017,0.0018064230431718707
imdbady00154,0.0011360707527642729
fest.lib.id.survey.na527,0.002521707303345619
imdbady01157,0.002090865540226437
imdbady00576,0.0019013705868256984
fest.lib.id901,0.0020672319285753343
fest.lib.id623,0.004110931233606198
fest.lib.id.na486,0.002621567283713039
fest.lib.id649,0.013319990907987458
imdbady00769,0.0018966121935208404
fest.lib.id3596,0.0023743693147118233
fest.lib.id.na408,0.00710810543705935
fest.lib.id632,0.019369471425451527
fest.lib.id.survey.na484,0.0015878258192145822
imdbady00495,0.0011999258114383457
fest.lib.id1083,0.003966646211150059
fest.lib.id.survey.na657,0.0018181755609593016
fest.lib.id1617,0.02121175203711801
imdbady00267,0.0020001199417456904
imdbady01341,0.00132859660521777
imdbady00899,0.0012997864365508298
fest.lib.id14,0.0083552049049372
id257,0.01719281774492154
fest.lib.id1167,0.14309594420744598
imdbady00491,0.0012795468884771216
fest.lib.id.survey.na689,0.0015878258192145822
fest.lib.id509,0.002737256927962679
imdbady00444,0.0013045737556641585
fest.lib.id.na158,0.0028986398285440027
fest.lib.id.survey.na330,0.0020935906157476206
imdbady01584,0.0011855533744320457
imdbady00836,0.008006325861346487
id420,0.002489258098929387
fest.lib.id726,0.017274875442102107
imdbady00891,0.001726480067171681
imdbady00929,0.001182696643752271
imdbady00733,0.001125684900336156
fest.lib.id3033,0.0013965631202055297
fest.lib.id.survey.na470,0.0025476377573406994
imdbady01520,0.0014198326955930582
fest.lib.id1538,0.004987785974577043
fest.lib.id100,0.005312007174460047
imdbady00320,0.0016268730862915991
imdbady00974,0.008247317685625517
fest.lib.id.na423,0.0011104281417302377
imdbady01302,0.0012998434091698679
fest.lib.id.na452,0.0012081040610409845
imdbady00051,0.004507822108845512
imdbady00328,0.0013247083153161256
fest.lib.id.na198,0.0011093810356069267
fest.lib.id.na280,0.0024642177659991707
imdbady00962,0.0019162649167944923
fest.lib.id.survey.na107,0.001180635882216451
imdbady00548,0.0019013705868256984
imdbady00211,0.002090865540226437
imdbady00084,0.001147727797628083
imdbady01166,0.0012737903321567584
imdbady01409,0.0012350937003513484
imdbady00387,0.0012014565460049934
fest.lib.id7384,0.0014404926813621776
fest.lib.id993,0.005266391464969568
imdbady00102,0.0014198326955930582
fest.lib.id7747,0.0035528843611400485
fest.lib.id.na353,0.016235478259815785
imdbady01139,0.0011376357627885972
fest.lib.id.na301,0.011399972569437675
imdbady00082,0.004941881533042843
fest.lib.id.survey.na368,0.019417545992852517
fest.lib.id.na81,0.0020350873944458697
fest.lib.id8826,0.012164056657404663
fest.lib.id.survey.na351,0.0013640316058171583
imdbady00636,0.0027932358365038643
fest.lib.id.na77,0.0021828934546303112
fest.lib.id1040,0.03933416883761357
imdbady01296,0.002541966570467854
imdbady01272,0.00138007174270412
imdbady00514,0.0013803411122876555
imdbady01077,0.001584556046810725
imdbady01101,0.001076560054955178
fest.lib.id.na57,0.00688470427560502
fest.lib.id.na42,0.06417041546238612
imdbady01260,0.0013050138212113108
imdbady00799,0.001283258851037558
fest.lib.id6853,0.0017207516727752441
fest.lib.id1891,0.007447427042255789
imdbady01451,0.0013050138212113108
imdbady01294,0.001111970066658036
imdbady00632,0.001657426745067232
imdbady00681,0.0014488272860694905
imdbady00509,0.0029556423582596508
fest.lib.id.na252,0.0014404926813621776
fest.lib.id.survey.na446,0.00132859660521777
imdbady01486,0.0020626837056377024
imdbady01509,0.0012299782125265218
fest.lib.id6635,0.006101720651995687
imdbady00588,0.0012997864365508298
fest.lib.id629,0.0027774430815830494
fest.lib.id.survey.na171,0.0015193809527656755
imdbady01387,0.004936920349010675
imdbady00193,0.0013809134570246199
fest.lib.id.na149,0.013534430001993716
fest.lib.id.survey.na131,0.002025556810300237
fest.lib.id1258,0.1587868864408964
fest.lib.id1302,0.019699060386634742
imdbady00725,0.001891522524584603
fest.lib.id.na326,0.002644903069981442
fest.lib.id7291,0.0015193809527656755
imdbady00915,0.0024569885097873233
fest.lib.id.survey.na254,0.0015193809527656755
fest.lib.id.na142,0.0014373589479684656
fest.lib.id.na332,0.002926144806645071
imdbady00757,0.0017526020637383902
imdbady01647,0.0013636853513610742
fest.lib.id7676,0.011597792265165562
fest.lib.id1359,0.03713247974486391
imdbady00571,0.00169701099794992
imdbady00460,0.0013050138212113108
fest.lib.id317,0.001219162137244537
fest.lib.id.survey.na199,0.0015193809527656755
imdbady00978,0.0012603589556122203
fest.lib.id1541,0.007137824457596991
imdbady01076,0.0017043635295124428
fest.lib.id267,0.0012996548722011981
imdbady00808,0.0013050138212113108
imdbady00241,0.0011225398706979164
fest.lib.id724,0.0016331512672635793
imdbady00856,0.00258546695726934
imdbady00709,0.001825871067152261
imdbady01484,0.0018356683133995933
fest.lib.id326,0.025856979574646992
imdbady01115,0.0020817219569111696
fest.lib.id1684,0.0019492579203750416
imdbady00926,0.00508318303409042
fest.lib.id.na37,0.019588819827686316
imdbady00723,0.0014066785027733377
fest.lib.id.na115,0.013396580549470185
fest.lib.id388,0.10657216405781064
fest.lib.id.survey.na412,0.0015193809527656755
imdbady00290,0.0013493196558873116
fest.lib.id378,0.003292067463187837
fest.lib.id.na310,0.007403485317066849
fest.lib.id3822,0.004280701257977821
fest.lib.id.survey.na209,0.0015193809527656755
imdbady01539,0.0010900319497334514
fest.lib.id598,0.0037859768541930274
fest.lib.id.na283,0.007158945929946918
imdbady00971,0.0036511882734832817
imdbady00896,0.0017247436990424502
imdbady00820,0.001219690644349073
imdbady00551,0.0013336964701152355
imdbady01494,0.0012320349940826137
fest.lib.id.na349,0.00140064138564123
imdbady00156,0.0018124631864852685
imdbady00480,0.0010868041152587212
fest.lib.id1655,0.0084309848272797
fest.lib.id.na.ch323,0.002215787230763943
fest.lib.id1335,0.0044040570540669986
fest.lib.id.na414,0.011156958093454357
fest.lib.id1239,0.03969953473245662
imdbady00839,0.0012414633973757353
imdbady01126,0.0012709078902233164
fest.lib.id.na112,0.002250389088144823
fest.lib.id.survey.na483,0.0015878258192145822
imdbady00938,0.0016036207080063947
fest.lib.id.survey.na494,0.0024151778996271455
fest.lib.id395,0.003023053054649402
imdbady00877,0.0013050138212113108
imdbady01653,0.0017295388144348857
imdbady00069,0.00500200162334351
imdbady00961,0.0012827670092246304
imdbady01009,0.0012033110820031886
fest.lib.id679,0.019408975706331093
fest.lib.id7709,0.03840153619126433
fest.lib.id.ch859,0.020422489926764233
fest.lib.id1648,0.20248827622358084
fest.lib.id6123,0.012341157538687956
fest.lib.id.na207,0.017811275232205062
fest.lib.id97,0.0014122977968438158
imdbady01057,0.003999572676705772
imdbady01313,0.0022579198083867253
imdbady00077,0.004755270487917779
fest.lib.id7662,0.0364173458057436
imdbady01041,0.003772960209642956
imdbady01502,0.008770601214940592
fest.lib.id1565,0.03422279893718779
fest.lib.id.na321,0.013724794358564453
fest.lib.id8135,0.004136979173634832
imdbady00012,0.0012943892273075191
fest.lib.id.na362,0.0034865553277771332
fest.lib.id7554,0.0616213380035944
imdbady01491,0.0011114021540935353
imdbady00884,0.0014421705566120232
imdbady01335,0.002037891205807718
imdbady00438,0.0019157632445671235
fest.lib.id.na453,0.010091694557350065
imdbady01716,0.0012944939853640413
fest.lib.id.na21,0.0010588351364815294
imdbady00356,0.00132859660521777
imdbady01280,0.0013794228872920386
imdbady00664,0.0024438135855456592
fest.lib.id1893,0.016624421352887907
fest.lib.id8371,0.0023862775157245425
fest.lib.id.survey.na567,0.0015193809527656755
imdbady01316,0.003769038923300242
imdbady00013,0.0015203925047308406
fest.lib.id832,0.039329702969599804
imdbady00274,0.001122189304288133
fest.lib.id9345,0.0021913203308412984
imdbady01245,0.001417635065094098
imdbady00109,0.0017883856337482084
imdbady00178,0.0013794228872920386
fest.lib.id7832,0.009542128701935777
imdbady00286,0.0011991512435327951
imdbady00001,0.0013200155430556939
imdbady00931,0.0021030769032659956
imdbady01331,0.0014314894180044002
fest.lib.id8277,0.0016170329560782108
imdbady01528,0.0017590751581587148
id622,0.001195980605135592
fest.lib.id767,0.00473483991189265
fest.lib.id99,0.006514753164816502
imdbady01171,0.0014739082701942523
fest.lib.id.survey.na203,0.0014367646967664602
fest.lib.id7875,0.00793518041704091
imdbady01187,0.0012206592068511807
imdbady01063,0.0010293010465960842
fest.lib.id.na134,0.01590237994100195
fest.lib.id5235,0.007571702558751103
fest.lib.id717,0.0015193809527656755
fest.lib.id8013,0.0012824144305406452
imdbady00999,0.0010988305474498486
fest.lib.id.na479,0.0013196005893653007
imdbady00025,0.001625822982577819
imdbady01422,0.0013237787624901525
fest.lib.id.survey.na329,0.001219340610567647
imdbady01735,0.0019438357223960573
fest.lib.id.survey.na436,0.0013965631202055297
imdbady01472,0.0029104037597133593
fest.lib.id.survey.na546,0.0013965631202055297
imdbady00816,0.0019171372195948106
fest.lib.id.na141,0.0037260542320315285
fest.lib.id.na398,0.0014064856275315066
fest.lib.id1500,0.0015878258192145822
fest.lib.id1085,0.003050708520348664
fest.lib.id280,0.011793678950720476
fest.lib.id1070,0.005129851768525825
imdbady01211,0.002284109582840187
imdbady01726,0.0011731640813279706
imdbady01095,0.0014739082701942523
imdbady00670,0.0032836697109821854
imdbady00354,0.001294993415962997
fest.lib.id810,0.0015383585906986077
fest.lib.id1279,0.0012244230260590936
imdbady00728,0.001242996995046394
id293,0.0014122977968438158
imdbady01543,0.0013050138212113108
imdbady00437,0.001294993415962997
fest.lib.id1253,0.016771004451246067
fest.lib.id.na389,0.002624433570536206
fest.lib.id.na.ch163,0.02124090626912694
imdbady01342,0.0042582879867250865
imdbady00085,0.0010968907378729796
fest.lib.id.survey.na467,0.001904707434333639
imdbady01771,0.0028897548387445218
imdbady00616,0.0020090847635345008
imdbady00110,0.0013425703773211819
fest.lib.id1821,0.15848479903885174
fest.lib.id768,0.007324761773419437
fest.lib.id.na150,0.0011310976697330457
imdbady00402,0.0016303232873224097
fest.lib.id.na43,0.008814533835153978
fest.lib.id.na177,0.0010778858782680473
imdbady01542,0.0014314894180044002
fest.lib.id.survey.na265,0.0015878258192145822
imdbady01459,0.0011700899992281425
imdbady00505,0.0011388197805673181
id283,0.00278759818720735
fest.lib.id.survey.na56,0.0015193809527656755
fest.lib.id.na227,0.0068407960933985915
fest.lib.id.survey.na307,0.003291476017158581
imdbady01056,0.0016170329560782108
imdbady00020,0.0011195806128611405
imdbady00307,0.0020353684869693746
fest.lib.id.survey.na608,0.002711810980459568
fest.lib.id1615,0.0017983412094053778
fest.lib.id.na426,0.0017456188670257802
fest.lib.id.na357,0.0020230872591198113
imdbady00834,0.0032430048873215308
imdbady00676,0.001124949708890429
imdbady00088,0.0014026592436165715
imdbady00346,0.0025040785378322725
imdbady01468,0.0014799707931758646
imdbady01320,0.0010666278599246477
imdbady01271,0.0013237787624901525
imdbady01025,0.0022499004272882516
imdbady01038,0.001102206082556185
fest.lib.id.survey.na.ch.470,0.001853878295962412
imdbady01219,0.0010928130489195644
fest.lib.id.survey.na400,0.0015193809527656755
fest.lib.id1587,0.03131125874066732
imdbady01285,0.0042403619139926374
fest.lib.id746,0.007062345870089662
fest.lib.id.survey.na443,0.0027989125867958946
fest.lib.id864,0.005140545675196599
fest.lib.id1658,0.15002034797660702
id520,0.00200680197087117
fest.lib.id.na200,0.001145914100751525
fest.lib.id.survey.na402,0.0014122977968438158
imdbady01401,0.0030865892871853335
fest.lib.id505,0.0036133679844816296
fest.lib.id209,0.0016695953406813508
fest.lib.id.na126,0.0014273727334070136
imdbady01209,0.0011283157219003142
fest.lib.id.na52,0.0068185888097810335
imdbady00031,0.001897046938255237
fest.lib.id1049,0.0017433380579782185
imdbady00832,0.0011422126029983612
fest.lib.id1537,0.010619492515148809
imdbady01607,0.001033431344548756
fest.lib.id.na454,0.0011263071703091349
fest.lib.id9613,0.0014122977968438158
fest.lib.id7449,0.0013965631202055297
imdbady01028,0.001612783216939036
imdbady00301,0.0021049160274870045
imdbady00100,0.0010589803849773423
imdbady01745,0.0011283233805153773
fest.lib.id7964,0.05089801476608011
imdbady01443,0.0014124023236752985
fest.lib.id.na468,0.005633096257377021
fest.lib.id2739,0.0014594541076943894
fest.lib.id129,0.0013640316058171583
fest.lib.id8168,0.0011977381186524894
fest.lib.id1580,0.001369100039274232
id187,0.0013640316058171583
fest.lib.id441,0.006488090295589559
id630,0.0011151811012709344
fest.lib.id6977,0.00776110125680931
imdbady00034,0.0018200021114317736
imdbady01503,0.0011999258114383457
fest.lib.id902,0.0023153545885833352
fest.lib.id.na407,0.001145792301126326
imdbady01412,0.001463428814910313
imdbady00333,0.001110800481104147
fest.lib.id243,0.02271909456383388
fest.lib.id6031,0.007048301958134299
fest.lib.id2518,0.0038776787486992986
imdbady00750,0.0030778880024247513
imdbady01012,0.0019013705868256984
imdbady00923,0.0014739082701942523
fest.lib.id.na186,0.0011975220028131778
imdbady01553,0.00200134267890288
imdbady01350,0.0014314894180044002
imdbady00791,0.0010685130186294726
imdbady00108,0.0013861386566507486
imdbady00230,0.0018918941312619894
imdbady00809,0.002186499211052433
imdbady01506,0.002076731140589082
fest.lib.id.na79,0.0010895972500106507
fest.lib.id.survey.na461,0.0019219773205979048
imdbady00972,0.0018741416015608135
imdbady00881,0.0011501145996837515
fest.lib.id3163,0.0022399296025642198
imdbady01304,0.002068207277881344
fest.lib.id1577,0.033539337390164
fest.lib.id.survey.na41,0.07660484868927712
imdbady01162,0.0012490739728727488
imdbady00800,0.001145029589244116
imdbady00445,0.004225372311267638
imdbady00465,0.0011746135033079816
imdbady01366,0.0019013705868256984
id398,0.0012824144305406452
imdbady01102,0.0033035400450297566
imdbady00842,0.0014739082701942523
fest.lib.id1873,0.0051773994168128985
fest.lib.id5837,0.0011080990951287941
imdbady01704,0.0013043848390906327
fest.lib.id.survey.na264,0.0015878258192145822
fest.lib.id5971,0.0074446066938312965
imdbady00428,0.0019451454207384603
fest.lib.id1582,0.04430384424256456
imdbady01631,0.001102206082556185
fest.lib.id218,0.01127171815311215
fest.lib.id5832,0.001369100039274232
fest.lib.id.na85,0.0035749097213049826
imdbady01326,0.001242996995046394
imdbady00949,0.0014198326955930582
fest.lib.id1874,0.0011673199753432673
fest.lib.id1453,0.0010598728372961021
imdbady00699,0.005890788820324688
fest.lib.id731,0.3424863555939673
fest.lib.id.survey.na168,0.0011746135033079816
imdbady00969,0.0020030320618422692
fest.lib.id7903,0.004414264037832879
imdbady00206,0.001192958888938136
fest.lib.id.survey.na558,0.0015878258192145822
fest.lib.id.survey.na122,0.001967988467297933
fest.lib.id7784,0.0038207354484763485
fest.lib.id149,0.002401715892049291
fest.lib.id.na294,0.0027348821076360183
imdbady01518,0.001055874682398311
fest.lib.id.survey.na563,0.0014367646967664602
imdbady01497,0.0015303122971847417
fest.lib.id1454,0.008344457647676573
fest.lib.id202,0.002068502498281153
imdbady01696,0.0013050138212113108
fest.lib.id.survey.na236,0.0023055457370180733
imdbady00613,0.003867691044456753
fest.lib.id.na33,0.0016667475194027178
imdbady00898,0.0022371700500291784
fest.lib.id1474,0.016663416321392677
fest.lib.id8189,0.004432934511593202
fest.lib.id4689,0.00502348081342817
fest.lib.id.survey.na431,0.0012593447548149837
imdbady01728,0.0013851726232912772
imdbady00202,0.0014660401459635998
fest.lib.id.survey.na408,0.0013965631202055297
fest.lib.id.survey.na130,0.002563182412128679
imdbady00569,0.0011999258114383457
fest.lib.id184,0.012771551974560228
imdbady01392,0.017329938685995066
imdbady01573,0.0014546881006148372
fest.lib.id.na302,0.0016667475194027178
imdbady01100,0.0014161204765078368
fest.lib.id.na244,0.005371724536937493
fest.lib.id.survey.na320,0.0020528128661542414
fest.lib.id1882,0.007214962864556647
fest.lib.id30,0.005164443740115314
id019,0.003961181295350116
fest.lib.id.survey.na292,0.0015193809527656755
fest.lib.id.survey.na297,0.0014367646967664602
imdbady01714,0.0020254489504480263
imdbady00010,0.0021545598141465205
fest.lib.id7653,0.0013640316058171583
imdbady00619,0.001125684900336156
imdbady01358,0.0018920725986977284
imdbady01123,0.0013050138212113108
imdbady01215,0.0010665120159473664
fest.lib.id.na464,0.0016650434728656895
fest.lib.id8001,0.004643705421072941
imdbady00759,0.0014270216743751706
fest.lib.id.survey.na406,0.0013640316058171583
fest.lib.id1960,0.0038748361708336966
fest.lib.id.na7,0.01143655315393875
fest.lib.id.na205,0.002251567279518817
imdbady01322,0.001463428814910313
fest.lib.id.na291,0.005066174580229889
fest.lib.id1748,0.014952276399207232
fest.lib.id1290,0.0015328675570762005
imdbady00983,0.0014355786168817422
fest.lib.id7904,0.0012824144305406452
fest.lib.id.na108,0.0011827166271279053
imdbady01282,0.0015305942129914885
imdbady00533,0.0013515240796986908
fest.lib.id.survey.na159,0.0012679161014601743
fest.lib.id389,0.10581747073825994
fest.lib.id1769,0.003008932096509196
imdbady01717,0.0011408594870320535
fest.lib.id7718,0.0015193809527656755
fest.lib.id38,0.01570669147454149
imdbady00783,0.0011522805842236559
imdbady01364,0.0013803411122876555
imdbady00620,0.001358475815850457
fest.lib.id.na476,0.0052725126266476375
fest.lib.id1156,0.0025296224414529398
fest.lib.id.na259,0.0017249644589546636
fest.lib.id.na257,0.0031031986497399473
imdbady00948,0.0018518318429135707
imdbady00642,0.0012550071384961844
imdbady00789,0.0010880675049498285
imdbady00753,0.0012396984273653116
fest.lib.id1494,0.14895479943977585
imdbady00985,0.0012489993628423208
imdbady00272,0.001965002970118308
imdbady01493,0.0014513135991736418
imdbady00409,0.0012737903321567584
imdbady00579,0.0020996660303826526
imdbady00232,0.0013800341122576704
imdbady01279,0.0022686028330807816
fest.lib.id.survey.na120,0.0013640316058171583
imdbady01329,0.0011286159468993687
imdbady00360,0.00110007398185061
imdbady00559,0.0016922636873483135
imdbady00334,0.0014594541076943894
imdbady00717,0.0014739082701942523
imdbady00158,0.0033631256664904308
fest.lib.id189,0.0011952174706368036
fest.lib.id703,0.005830816487698035
fest.lib.id990,0.0038768089506089148
fest.lib.id8116,0.0012824144305406452
imdbady00434,0.0020077259316430567
imdbady01262,0.0019411812334480937
fest.lib.id1850,0.00337442762197466
fest.lib.id1700,0.022713881069003995
fest.lib.id.na46,0.004220091832952866
fest.lib.id.survey.na605,0.0020929693982037973
imdbady00726,0.0012448793970677257
imdbady01692,0.0011483229229411415
fest.lib.id716,0.013623324064307753
fest.lib.id185,0.0014829115456971402
imdbady00113,0.008011456934005264
fest.lib.id1187,0.004224816491040295
imdbady00771,0.0014739082701942523
fest.lib.id.na41,0.11516145534226155
imdbady00350,0.0037656654442876913
fest.lib.id.survey.na595,0.0013965631202055297
imdbady01297,0.0017011112648493937
imdbady01406,0.001801748361395808
fest.lib.id.na329,0.002624746647780134
fest.lib.id1543,0.07586793383075503
fest.lib.id5231,0.00197697287429894
imdbady01403,0.001346173720115964
imdbady00963,0.0014088935533522447
imdbady00928,0.0014707960623770553
imdbady01659,0.0012230524083208453
fest.lib.id1098,0.0018854737700623695
fest.lib.id.survey.na644,0.001839835959410575
imdbady01277,0.0019285917204777876
imdbady00127,0.0012676644946738235
id136,0.003319880573101506
imdbady01234,0.0016370674459598045
fest.lib.id1592,0.0012824144305406452
fest.lib.id102,0.002713065844220971
fest.lib.id1895,0.10094273609320706
fest.lib.id553,0.003871346459595342
imdbady00420,0.0023969997705462756
imdbady00867,0.0013225483106735455
fest.lib.id5210,0.002087995326747828
fest.lib.id7160,0.08755778354559723
imdbady00091,0.001844038237605085
imdbady01393,0.001140843811766916
fest.lib.id.na336,0.09896749631298603
fest.lib.id.na312,0.0021719044785063874
fest.lib.id.na223,0.0032454691676040127
imdbady00907,0.0013794228872920386
imdbady01198,0.0015952973571783046
imdbady00231,0.0013691178921266592
imdbady00351,0.0011036228770007436
fest.lib.id.na1,0.0013920140472971168
imdbady01207,0.0012282785344206275
fest.lib.id.survey.na654,0.0014367646967664602
imdbady00456,0.0013794228872920386
fest.lib.id8828,0.023265864921095433
fest.lib.id517,0.002895084216744419
imdbady00680,0.0016565404890856498
fest.lib.id2379,0.0035914315519670415
fest.lib.id.na50,0.08438403960319157
fest.lib.id7762,0.0019300874979891348
fest.lib.id.na415,0.0016442336996392059
fest.lib.id200,0.005661805757383891
fest.lib.id.na470,0.03404568592118648
imdbady00070,0.003522467479086065
fest.lib.id1147,0.04743769596462434
fest.lib.id.na390,0.011186523567133408
fest.lib.id.na217,0.021794704861961424
imdbady00538,0.001143995697673182
fest.lib.id.na317,0.0028062738989340047
fest.lib.id6558,0.022927788110100236
fest.lib.id7780,0.020967976332882988
imdbady01196,0.0014161204765078368
fest.lib.id.na124,0.001269861089965893
fest.lib.id59,0.0023240596807887095
fest.lib.id.na159,0.002448998998586547
imdbady00993,0.001747710902511968
fest.lib.id.survey.na270,0.001369100039274232
imdbady01430,0.0019847455125622075
fest.lib.id.survey.na155,0.0018438172756566468
fest.lib.id.survey.na624,0.0010475985006564057
fest.lib.id.na8,0.0016343718599525516
imdbady00055,0.0012711322697936344
fest.lib.id7878,0.002710672017529463
fest.lib.id3662,0.0016932713493424871
imdbady01177,0.0027165953091948867
fest.lib.id.survey.na646,0.002108704074842083
imdbady01132,0.0015370740381280485
fest.lib.id1,0.018699242764545317
imdbady00115,0.0011089113569233428
imdbady00811,0.0011813792684748565
fest.lib.id.na315,0.015145544115484253
imdbady01161,0.0016370674459598045
fest.lib.id841,0.011369512367888353
imdbady00337,0.0019748209209604663
fest.lib.id3341,0.0013148466379452285
fest.lib.id.na304,0.0025203355710266277
fest.lib.id792,0.005234770749603367
fest.lib.id796,0.0021842232937820077
imdbady00242,0.0014479234427225921
imdbady00248,0.002098518576218235
fest.lib.id7550,0.014681257721091617
imdbady00869,0.0011103135114794293
imdbady00900,0.001215780375286237
imdbady01531,0.006441185957139582
imdbady00854,0.0010443390077588155
fest.lib.id.survey.na30,0.002188201279675383
imdbady01625,0.0013794228872920386
fest.lib.id.na222,0.00164985693106479
imdbady00393,0.0012468738688469834
imdbady01397,0.0014421705566120232
imdbady00866,0.0045626808362194075
fest.lib.id1722,0.10246538636036051
imdbady00497,0.0024750940621215763
fest.lib.id997,0.06166273990342565
fest.lib.id958,0.12075010945459504
fest.lib.id.na53,0.001201471060121741
imdbady01119,0.0019334756628644053
fest.lib.id1578,0.0013462062480804275
imdbady01000,0.0014161204765078368
fest.lib.id.na109,0.0011827166271279053
fest.lib.id1994,0.002238476641691872
imdbady00957,0.0011468201141928715
fest.lib.id909,0.13015898047987368
fest.lib.id.survey.na3,0.0014122977968438158
fest.lib.id3184,0.023402548030820258
imdbady00660,0.002265700101437377
imdbady00828,0.0016303232873224097
fest.lib.id.na230,0.0012996548722011981
imdbady01103,0.002614617724240595
imdbady01303,0.0013622018166476915
imdbady01389,0.002291233724552812
fest.lib.id.survey.na81,0.0013965631202055297
fest.lib.id1766,0.037218631546872126
fest.lib.id.na352,0.0014064856275315066
fest.lib.id.na171,0.0017553703413164666
fest.lib.id8246,0.0014404926813621776
fest.lib.id.na18,0.0073719319909097795
imdbady01368,0.0012282785344206275
fest.lib.id148,0.004220547339044249
imdbady01398,0.0014314894180044002
imdbady01652,0.0013794228872920386
imdbady00005,0.0016303232873224097
fest.lib.id7671,0.00353772217091721
imdbady01752,0.0016294701876812445
imdbady00151,0.0014203612105918417
imdbady00689,0.001983027735393128
imdbady01200,0.002892160775458019
fest.lib.id96,0.007165786644235403
imdbady00754,0.0011760453367867538
imdbady01407,0.0017572613750527195
fest.lib.id1894,0.07073302680059652
imdbady00996,0.0011114021540935353
imdbady00905,0.016009503139741747
imdbady01577,0.0016160389895379104
imdbady00095,0.0020077259316430567
imdbady00172,0.0018527486419625371
fest.lib.id216,0.011601333047554022
fest.lib.id174,0.12232867487620556
imdbady01270,0.0013009992562404583
imdbady01616,0.0015900463013047738
imdbady01124,0.001219162137244537
imdbady00625,0.0019652368612840666
imdbady00397,0.0011388197805673181
imdbady01402,0.0013493196558873116
fest.lib.id1690,0.0032095794578573893
fest.lib.id1483,0.003072553782038137
fest.lib.id195,0.004216256552466737
fest.lib.id.na139,0.00824321031662001
fest.lib.id.na421,0.004003808658229306
fest.lib.id.na175,0.0021770041004579195
fest.lib.id.survey.na498,0.001369100039274232
imdbady01206,0.004455216698934281
imdbady01510,0.0018124631864852685
imdbady01463,0.0013198457487283344
imdbady01727,0.0013050138212113108
imdbady01033,0.0010575581898863828
imdbady00935,0.0011612896239361831
fest.lib.id.na404,0.0011031362680428355
fest.lib.id664,0.0018470698329837634
fest.lib.id.survey.na658,0.0016654504557483925
imdbady01462,0.0014739082701942523
fest.lib.id.na29,0.0016265223367525478
imdbady00910,0.0013794228872920386
fest.lib.id.survey.na7,0.001836196670492275
imdbady00264,0.0016165679566878235
fest.lib.id.survey.na182,0.0014297222678694252
imdbady01759,0.0012468738688469834
fest.lib.id.na348,0.0034733540840917888
fest.lib.id.na411,0.0012996548722011981
imdbady00243,0.0011870653990931853
imdbady00529,0.014428928118922595
imdbady01489,0.0014529633740644546
imdbady00126,0.0014734775779161693
fest.lib.id1009,0.0027526874876615953
fest.lib.id.na378,0.006195137949580132
fest.lib.id8160,0.00132859660521777
fest.lib.id258,0.0013432467515765486
imdbady01708,0.0015006182930366542
fest.lib.id.na103,0.001471385925374749
imdbady01066,0.001343066369774767
fest.lib.id6851,0.003350715492230075
fest.lib.id.na70,0.0015638937734419084
fest.lib.id.na380,0.012700304742965842
fest.lib.id855,0.004226596206123086
imdbady00183,0.0013177414278521093
imdbady01299,0.0026760668935012087
fest.lib.id.na450,0.02663835093875202
imdbady00259,0.004114896488568395
fest.lib.id415,0.03975869785403128
fest.lib.id8203,0.0016479477176199599
imdbady00468,0.0021026149276645867
imdbady00766,0.0014314894180044002
fest.lib.id.na73,0.0010783020832164124
imdbady01134,0.00254640905696633
imdbady00612,0.0011550814086421122
imdbady00528,0.0011041680296285442
fest.lib.id418,0.05422420453294368
fest.lib.id251,0.030214209572879583
fest.lib.id940,0.0030389261316978882
imdbady00418,0.0018915280801382684
imdbady01482,0.0010977545269300706
imdbady00675,0.0014739082701942523
imdbady01317,0.0013794228872920386
fest.lib.id7741,0.0018660799868495633
imdbady00358,0.0016370674459598045
fest.lib.id.na379,0.002729274195793597
fest.lib.id305,0.033467502671182564
imdbady01081,0.0013050334962233171
fest.lib.id.survey.na411,0.0012824144305406452
fest.lib.id1261,0.0066855649267926085
imdbady00554,0.001379723810311949
imdbady01525,0.0014314894180044002
fest.lib.id931,0.009966778131847088
imdbady00546,0.002908768777883955
fest.lib.id7074,0.031815480196570815
imdbady01419,0.0014198326955930582
fest.lib.id525,0.0066053951913533915
fest.lib.id1889,0.016204492012890873
fest.lib.id.na148,0.0011895554703659386
fest.lib.id1735,0.06336170154920864
fest.lib.id.na436,0.0018734540652097212
imdbady01536,0.0014161204765078368
fest.lib.id480,0.0566266130237478
imdbady00134,0.0017926316685343297
imdbady00018,0.0019013705868256984
imdbady00718,0.0014739082701942523
imdbady00639,0.0014594541076943894
imdbady01404,0.0013794228872920386
imdbady00256,0.008285667200964665
fest.lib.id1050,0.10887639162499597
imdbady01362,0.0011820071668978158
imdbady01112,0.0014739082701942523
imdbady00730,0.0011408594870320535
imdbady00721,0.0014641542100318696
fest.lib.id1986,0.002114291715384494
imdbady00615,0.0019054701776515693
fest.lib.id848,0.002741520404147252
imdbady00452,0.0012396984273653116
fest.lib.id.na231,0.004066491715342037
fest.lib.id5246,0.0017139140030012828
imdbady01639,0.0037215103916389694
imdbady01151,0.0011834211899277426
imdbady00515,0.0010796272249822614
imdbady01760,0.0010598728372961021
imdbady01091,0.00287688490510511
fest.lib.id1990,0.0015193809527656755
imdbady00340,0.0014739082701942523
imdbady00695,0.0014739082701942523
fest.lib.id.survey.na181,0.0012830675733010765
imdbady01748,0.0012933751860492446
fest.lib.id.survey.na178,0.003893215278854384
fest.lib.id1688,0.006440938723492507
imdbady00389,0.002068207277881344
imdbady00283,0.004082254796278244
imdbady00053,0.001195277871589345
imdbady00965,0.0012711322697936344
fest.lib.id1900,0.004738210100363746
fest.lib.id5534,0.002060091629359342
fest.lib.id.survey.na493,0.0013686362505569752
fest.lib.id.survey.na477,0.001122807474570282
fest.lib.id1015,0.0016767749913320985
fest.lib.id7034,0.037368473947701035
fest.lib.id.na350,0.007849658798717908
imdbady01004,0.005307416078441753
imdbady00655,0.0011999258114383457
fest.lib.id3618,0.0021913203308412984
imdbady00507,0.001153087278717943
imdbady00696,0.00132859660521777
fest.lib.id7558,0.0157275711732934
fest.lib.id7866,0.004331634240076039
imdbady00312,0.0011131896016254139
fest.lib.id8078,0.002192007755145518
fest.lib.id.na166,0.00166174625045339
id508,0.0011416249955147001
fest.lib.id.na6,0.003563378594598484
imdbady00006,0.0014052581718028
imdbady00734,0.0014314894180044002
imdbady01623,0.0019568570836472907
imdbady00846,0.0011408594870320535
fest.lib.id.na270,0.0011473829824903603
fest.lib.id1503,0.02528824098579947
fest.lib.id2047,0.001186127149846912
fest.lib.id.na100,0.0034500660339384314
fest.lib.id1069,0.0011786678872078642
fest.lib.id5924,0.0059159457742769895
imdbady00912,0.0013050334962233171
imdbady00692,0.0017273703500723934
imdbady00815,0.0012756665662230918
imdbady00872,0.001329920713656438
fest.lib.id725,0.011064722323923625
imdbady00294,0.0013043848390906327
imdbady00697,0.0014739082701942523
imdbady01746,0.001257738623999617
fest.lib.id348,0.008379069076396241
fest.lib.id.na276,0.0015268215914616792
fest.lib.id.na286,0.010566829721508469
fest.lib.id.na192,0.0027230993460034287
imdbady00902,0.0015203925047308406
id200,0.0013640316058171583
fest.lib.id2970,0.002734629707044467
fest.lib.id984,0.0062535065184023955
imdbady01527,0.004189140934994779
imdbady00142,0.0010382581563286482
imdbady01281,0.0014297222678694252
fest.lib.id.na107,0.0011827166271279053
imdbady00876,0.0013148466379452285
fest.lib.id.na2,0.0022163712088561606
imdbady00292,0.0023717486733707905
fest.lib.id619,0.0011609376153341286
fest.lib.id.new.na.2,0.0038079605215617946
imdbady00897,0.0013237787624901525
fest.lib.id1439,0.016752073785562045
fest.lib.id941,0.00207842500560713
imdbady00849,0.0014297222678694252
fest.lib.id1254,0.04270900707335868
fest.lib.id.survey.na516,0.016003343031194682
fest.lib.id6,0.0024953120093164556
imdbady00690,0.0012737903321567584
imdbady01676,0.0011935974747262527
fest.lib.id650,0.0031425818975163167
imdbady01713,0.0013139271747944676
fest.lib.id2176,0.0019558595736385354
fest.lib.id.survey.na180,0.0015193809527656755
imdbady00262,0.001171934488011116
fest.lib.id.survey.na500,0.0015193809527656755
fest.lib.id.survey.na250,0.0013965631202055297
fest.lib.id6932,0.00378943246758337
fest.lib.id365,0.0812771382038422
fest.lib.id461,0.008425186084074991
fest.lib.id1843,0.01165070094018319
imdbady00375,0.0017411985168364309
imdbady00486,0.0018831122244452032
imdbady00257,0.0012737903321567584
imdbady01324,0.0011089113569233428
id208,0.002482894230452231
fest.lib.id1732,0.16442851051533133
fest.lib.id8248,0.01109953977847143
fest.lib.id.survey.na317,0.0014367646967664602
fest.lib.id7717,0.004255853928537712
imdbady01535,0.0016370674459598045
fest.lib.id1141,0.006471116848396129
fest.lib.id.na359,0.009007038214981746
imdbady00981,0.021864617361161177
imdbady01457,0.001084111298688413
fest.lib.id670,0.0046549299672542024
fest.lib.id.na11,0.01102316326369
fest.lib.id8202,0.01527016022770166
fest.lib.id228,0.001201471060121741
imdbady01764,0.0011379130402439312
imdbady00247,0.0014853189854907626
imdbady00176,0.0012238986736238218
imdbady00323,0.001224971460539889
fest.lib.id.na153,0.0012996548722011981
imdbady00851,0.004785224506125357
imdbady01220,0.0014314894180044002
fest.lib.id7673,0.0022188432155944814
imdbady01203,0.001195277871589345
fest.lib.id8170,0.004884996867746859
fest.lib.id7870,0.0013605087398629709
fest.lib.id7509,0.0014122977968438158
imdbady00650,0.0010725215024798703
fest.lib.id7990,0.004113666963798025
imdbady01449,0.0011660810680473332
fest.lib.id1540,0.05973852230628165
fest.lib.id18,0.0030680052516838113
fest.lib.id1268,0.012700883197996036
fest.lib.id7526,0.025533820159097897
fest.lib.id4680,0.1366072752245275
fest.lib.id.survey.na89,0.0012396984273653116
fest.lib.id1737,0.027546812998660877
fest.lib.id.survey.na194,0.0013965631202055297
fest.lib.id1407,0.009039219343198152
imdbady00711,0.002184234662163003
fest.lib.id.na160,0.02073420537207051
imdbady01601,0.0010794060270223698
imdbady01357,0.0016375560183912318
imdbady01530,0.0010329023685606324
imdbady01373,0.003175246460469696
imdbady00631,0.001219340610567647
imdbady00303,0.005181428598231257
imdbady01477,0.0016370674459598045
imdbady01442,0.0012709078902233164
imdbady00357,0.0018661110967312477
imdbady01354,0.0017574866141367043
fest.lib.id7385,0.0028124979015482737
fest.lib.id.survey.na551,0.0017845541135374648
imdbady01053,0.001445711975317808
imdbady00651,0.0011169754056049796
fest.lib.id.survey.na584,0.0010868041152587212
imdbady00359,0.0012355941926453227
fest.lib.id.survey.na353,0.0013028345947457892
fest.lib.id2067,0.019364055953343097
fest.lib.id.survey.na675,0.0022009410995826014
fest.lib.id.na135,0.0014064856275315066
imdbady00532,0.0057777960232249185
imdbady01037,0.0014203612105918417
imdbady00252,0.0013797957768924142
imdbady01152,0.0029410079730463716
imdbady00004,0.0011162274083432488
fest.lib.id.survey.na225,0.0015193809527656755
fest.lib.id7231,0.008778773804552267
imdbady00416,0.002243510898782977
fest.lib.id.na448,0.006781741708927188
fest.lib.id.survey.na331,0.0014122977968438158
fest.lib.id5559,0.0023055457370180733
fest.lib.id7845,0.0011693587527075626
fest.lib.id201,0.004249649471627779
imdbady00572,0.0012997864365508298
fest.lib.id2009,0.004600784271462885
fest.lib.id3831,0.01247953924881878
imdbady00364,0.0022467824516369216
imdbady00894,0.0015437574910567237
fest.lib.id7570,0.0064461437289031484
imdbady00858,0.0036226070070413674
imdbady01283,0.0013877500812775737
fest.lib.id361,0.0120518249233453
imdbady01006,0.0018590820024904742
imdbady00447,0.0014513135991736418
fest.lib.id.na156,0.001202257977038212
fest.lib.id.na382,0.0062959219950138685
fest.lib.id7788,0.005746225484480765
imdbady01188,0.0011599852959544318
imdbady01216,0.0010862545555717458
imdbady00419,0.0011987038986845872
imdbady01179,0.0011777527474812273
fest.lib.id895,0.03059247055336556
fest.lib.id.na469,0.005908189802614219
imdbady00539,0.0018857755243076508
imdbady00326,0.0010540273385616214
id414,0.002655799043908863
imdbady01230,0.0019334756628644053
fest.lib.id1443,0.010985810676868239
fest.lib.id.survey.na241,0.003157315953936754
fest.lib.id.na344,0.002138633251043854
imdbady01657,0.001171934488011116
fest.lib.id886,0.0014064856275315066
fest.lib.id1739,0.001203735431610018
imdbady01685,0.001124949708890429
fest.lib.id.survey.na253,0.0011919202724610185
fest.lib.id.na387,0.01362513270674657
fest.lib.id1823,0.0034471383306047963
fest.lib.id.na19,0.0012687658328616972
fest.lib.id560,0.0033659252521261347
fest.lib.id521,0.004621215292751849
imdbady01278,0.0026641928547076034
imdbady01475,0.001215780375286237
imdbady01150,0.002198974195604734
imdbady00780,0.002470479463264097
fest.lib.id.survey.na392,0.0014122977968438158
fest.lib.id.survey.na17,0.0012105883685669572
fest.lib.id.na162,0.0011310976697330457
imdbady00584,0.0012997864365508298
fest.lib.id923,0.001948541639303959
fest.lib.id1529,0.11108067190434959
fest.lib.id1140,0.001815365907650719
fest.lib.id751,0.06591674348473482
fest.lib.id6363,0.0012996548722011981
imdbady01408,0.0013064040460220093
imdbady01214,0.0021173264448171737
imdbady01010,0.001154793701988977
fest.lib.id192,0.007676116481360661
imdbady00776,0.0012483730976772208
imdbady01099,0.001361178805858516
imdbady00504,0.0014393809778324332
imdbady01356,0.0011820071668978158
fest.lib.id.survey.na541,0.0012824144305406452
fest.lib.id1868,0.001287299007108443
fest.lib.id6814,0.00692117836901193
fest.lib.id117,0.039048634073661166
fest.lib.id7491,0.0020396886731887227
imdbady01108,0.0012997864365508298
imdbady00310,0.0019903023857046447
fest.lib.id.na136,0.002655545972106019
fest.lib.id.na412,0.0017569561294049872
imdbady01613,0.0017370351322080668
fest.lib.id4188,0.001110800481104147
id239,0.0022998999523969983
imdbady01131,0.001173101983742777
fest.lib.id9001,0.002043008563822962
fest.lib.id224,0.024197724220021692
fest.lib.id.na236,0.016167791167439913
fest.lib.id.na287,0.00965467937605731
imdbady01545,0.0011888387290064665
imdbady00457,0.0014641542100318696
fest.lib.id651,0.002980824558355505
imdbady00724,0.0014306765641103301
imdbady00244,0.0033764013276184695
imdbady01675,0.0013050334962233171
id348,0.0022022115574132
imdbady01347,0.001379723810311949
imdbady01619,0.001257738623999617
fest.lib.id.ch1897,0.00584991723699176
imdbady00716,0.0012733355386261376
imdbady00196,0.0014641542100318696
imdbady01533,0.0017496657334921514
imdbady01612,0.0010697751486313353
fest.lib.id.na438,0.0014404926813621776
imdbady00213,0.0011587180402435452
fest.lib.id220,0.0012824144305406452
fest.lib.id.survey.na108,0.0038078541610279725
fest.lib.id823,0.011614746760487403
fest.lib.id1475,0.0015586471021038562
imdbady01349,0.0023330579644415617
fest.lib.id.survey.na533,0.001602683674532819
imdbady01059,0.0018534209397551328
imdbady01332,0.0012711322697936344
fest.lib.id.na145,0.0016733716352349097
imdbady00803,0.0011036228770007436
imdbady01175,0.0030933058485314215
fest.lib.id397,0.002088550479627783
fest.lib.id336,0.02015536754326901
imdbady01608,0.0010943591364790048
fest.lib.id8144,0.005189222892735734
imdbady01348,0.0012795468884771216
fest.lib.id7953,0.0012824144305406452
imdbady01471,0.00132859660521777
fest.lib.id.na170,0.002078677406198681
fest.lib.id2002,0.0012105883685669572
imdbady00997,0.0010665120159473664
imdbady01120,0.001312045216485016
imdbady01189,0.0014945274726809207
imdbady01267,0.0013139271747944676
imdbady01524,0.0013050334962233171
imdbady01068,0.0010829425496237425
fest.lib.id.na305,0.022172359758840153
imdbady00568,0.0011030913670594122
imdbady00047,0.0019177111610357827
fest.lib.id7819,0.0035063060724820584
imdbady00218,0.0016216751086636607
fest.lib.id265,0.009196265325530967
fest.lib.id903,0.00554436351274064
fest.lib.id1967,0.0015305942129914885
fest.lib.id.na15,0.0014888658272865316
id289,0.032710941086123504
imdbady00433,0.0013861386566507486
fest.lib.id.na152,0.002600040793049137
imdbady01556,0.0018625867685784843
fest.lib.id1424,0.0023559209017528383
fest.lib.id3368,0.0018785808211985182
idadd00001,0.0015105685540017524
fest.lib.id636,0.01596965468641324
imdbady00426,0.0013794228872920386
fest.lib.id1570,0.0020706197686248874
imdbady00826,0.0011089113569233428
fest.lib.id1915,0.006266045667585446
imdbady00300,0.001127198145956429
imdbady01615,0.0012550071384961844
imdbady00825,0.0011952174706368036
fest.lib.id511,0.03865647562362998
imdbady01116,0.0016892919116628998
fest.lib.id.na104,0.004057091705035587
fest.lib.id1329,0.007273065087468569
fest.lib.id7591,0.002147473041859874
fest.lib.id.na232,0.007273826290746834
imdbady01243,0.0012320349940826137
imdbady01055,0.0011746135033079816
imdbady00074,0.0012997864365508298
imdbady01766,0.0013462062480804275
imdbady00741,0.0013050138212113108
fest.lib.id7572,0.0018633716144142772
imdbady01153,0.0014739082701942523
imdbady00951,0.002794802444192383
fest.lib.id.na472,0.001491776128534417
fest.lib.id.na127,0.005063759667680321
fest.lib.id745,0.0023961242431850324
fest.lib.id1296,0.12314726966479073
fest.lib.id.na358,0.0015559416425060953
fest.lib.id8186,0.0018417108839736507
fest.lib.id.survey.na163,0.0015193809527656755
imdbady01414,0.0014161204765078368
fest.lib.id457,0.0018722930410044406
imdbady01557,0.0012707445206940335
fest.lib.id1901,0.00392552162667898
fest.lib.id.na34,0.0014499170347496788
imdbady01007,0.0010716214807378706
imdbady01505,0.0014739082701942523
imdbady00276,0.0012889635408852792
fest.lib.id7577,0.0012824144305406452
fest.lib.id7100,0.0030267426109892733
fest.lib.id1406,0.05275076452374586
fest.lib.id543,0.0073864955257383885
fest.lib.id7289,0.008622129187819539
fest.lib.id1238,0.0021855081615289895
fest.lib.id7777,0.0018516854665578467
fest.lib.id.survey.na152,0.0014122977968438158
imdbady00141,0.0016831412130016482
fest.lib.id.na442,0.0011948148558172252
fest.lib.id275,0.009604474355317657
imdbady00324,0.001856003223710649
fest.lib.id5195,0.0022163175110513724
fest.lib.id.na487,0.003090341691528755
fest.lib.id1902,0.004520479264415233
fest.lib.id1664,0.15064075420920695
imdbady01679,0.0011283494121001277
imdbady01085,0.0016360121076003948
imdbady00189,0.0015974047416041758
fest.lib.id.na355,0.0015091027248395634
fest.lib.id.na456,0.0026978828704914684
imdbady00076,0.0020141438584719558
imdbady00561,0.001965360309738366
fest.lib.id7598,0.04410357690711096
fest.lib.id.na377,0.013245412499029767
imdbady00627,0.00137507938994811
imdbady01236,0.0013877500812775737
fest.lib.id1809,0.0043927965538907016
imdbady01655,0.0014713954053809577
imdbady01011,0.0013794228872920386
fest.lib.id3546,0.002906918230000151
fest.lib.id1273,0.0020007911170889002
fest.lib.id410,0.00452670535225083
imdbady00317,0.0027138118645877963
fest.lib.id.survey.na627,0.0012824144305406452
imdbady00024,0.0022039462300837962
fest.lib.id208,0.04600974406402983
imdbady00043,0.0029032282589765736
fest.lib.id.survey.na543,0.0015193809527656755
imdbady00335,0.0011287092200939356
fest.lib.id435,0.002866580217303514
fest.lib.id3125,0.022403234291909168
imdbady00600,0.0012733355386261376
imdbady00570,0.0015661367164075677
fest.lib.id54,0.010311784634123179
imdbady01567,0.004835957478403681
fest.lib.id.na361,0.0021787055057350285
fest.lib.id1712,0.0019526366256802281
imdbady01164,0.0024747816997693637
fest.lib.id.survey.na501,0.0011834211899277426
imdbady00265,0.0012733355386261376
fest.lib.id376,0.0021028919055297744
fest.lib.id7925,0.0012824144305406452
imdbady01684,0.009157710031486842
fest.lib.id.survey.na135,0.0017696122416609363
fest.lib.id1532,0.0017874143206876027
fest.lib.id.na275,0.00389632940809789
fest.lib.id.na174,0.0012996548722011981
fest.lib.id2910,0.0015193809527656755
fest.lib.id1143,0.025054105452442302
imdbady01724,0.0017485560853541672
imdbady00057,0.002460403242992917
imdbady00520,0.0012579034225010703
imdbady01208,0.0024475966823930663
imdbady01140,0.0011158787547263804
imdbady01030,0.0016253308402062255
imdbady01721,0.0012711322697936344
imdbady00365,0.0010598728372961021
fest.lib.id.na318,0.014163873147450805
fest.lib.id178,0.0043068734474047245
imdbady00338,0.0020241291851495137
imdbady00878,0.0019162649167944923
fest.lib.id1883,0.011346928688455974
fest.lib.id.na14,0.004621130797066429
fest.lib.id.na172,0.002709957866792769
imdbady00146,0.001259682074427219
fest.lib.id1875,0.007799133642023824
fest.lib.id6065,0.0018174172712264929
imdbady00980,0.002403399496403359
imdbady00605,0.0013050138212113108
imdbady00861,0.0014161204765078368
fest.lib.id1124,0.008600300473566776
fest.lib.id.na66,0.001753374329544729
fest.lib.id.survey.na334,0.001369100039274232
imdbady01678,0.0022686028330807816
imdbady01661,0.0011760981818752837
fest.lib.id.na402,0.0034569715496521954
imdbady00275,0.0072602384575969755
fest.lib.id.survey.na82,0.0010868041152587212
imdbady01043,0.0014676218412355874
imdbady01334,0.0010944194558330997
id097,0.020373317099565996
imdbady00353,0.001185656803101456
imdbady00237,0.0011985101224323631
fest.lib.id.survey.na556,0.0013136265945332772
imdbady00691,0.0015728816550020475
imdbady00216,0.0014431192687251308
fest.lib.id750,0.003966797621389175
imdbady00942,0.010199051714931033
fest.lib.id743,0.0018663605899680732
imdbady01121,0.0011297080128873592
fest.lib.id.survey.na578,0.0010868041152587212
fest.lib.id.na63,0.019741891456726904
fest.lib.id.na284,0.001424946479056169
imdbady00269,0.0014161204765078368
imdbady00933,0.0011304838379793624
fest.lib.id162,0.0402412207674064
fest.lib.id.survey.na235,0.002108704074842083
fest.lib.id.na338,0.0012085001430207764
fest.lib.id22,0.0015878258192145822
fest.lib.id.survey.na416,0.0013797957768924142
imdbady01029,0.001904072161583647
imdbady01290,0.001185656803101456
fest.lib.id.na475,0.005081834196410571
imdbady01067,0.002375572555939948
imdbady00383,0.0011705107224167016
fest.lib.id1326,0.003928015510267379
imdbady01252,0.001966217551443708
fest.lib.id.na343,0.0066001962988992986
fest.lib.id.na430,0.0015078319738596254
fest.lib.id1559,0.01396952645427298
imdbady00245,0.002149586266369212
imdbady00940,0.001882729169191061
imdbady01610,0.0024040897547021223
imdbady01295,0.0019941967545136644
fest.lib.id678,0.0010797963854596276
imdbady00737,0.0013771207196493994
imdbady01286,0.0012350937003513484
fest.lib.id1796,0.0033161188295594475
fest.lib.id.survey.na339,0.002241598568619028
fest.lib.id369,0.0017592222648713512
fest.lib.id.na27,0.0014064856275315066
imdbady00370,0.00120267785448637
imdbady01581,0.001707242852809563
imdbady01221,0.0014641542100318696
imdbady01307,0.0011169754056049796
fest.lib.id1409,0.0031606633660924747
imdbady01070,0.001562165364023277
fest.lib.id1144,0.025879574403349523
imdbady00467,0.006952028954680651
fest.lib.id8006,0.0023058119879265635
fest.lib.id6100,0.0013410886039193742
imdbady01191,0.0014938163876321
fest.lib.id.na467,0.006246628468762871
fest.lib.id.na385,0.0015686792079329214
imdbady01651,0.001380539440225686
fest.lib.id33,0.048734666620580576
fest.lib.id709,0.0011738110844349938
fest.lib.id260,0.001201471060121741
imdbady00424,0.0018657216739123514
fest.lib.id2961,0.001287299007108443
fest.lib.id.survey.na631,0.001369100039274232
fest.lib.id495,0.011698302071235706
imdbady00305,0.0014753621761988416
fest.lib.id.na342,0.002292221546055928
fest.lib.id.survey.na35,0.0015193809527656755
imdbady00054,0.0021818437102738833
fest.lib.id61,0.0169622751681525
fest.lib.id1334,0.003583912207813405
imdbady01691,0.001125684900336156
imdbady00197,0.0017768703586190156
fest.lib.id.na369,0.0014902418843348753
fest.lib.id944,0.0059843794442359126
imdbady00749,0.002835548324223778
fest.lib.id6724,0.004920088875068059
imdbady00547,0.00431847426144353
imdbady01448,0.008065761133839916
fest.lib.id.na151,0.0011884215244454374
imdbady00128,0.0013025812884882037
fest.lib.id8618,0.004270938365921388
fest.lib.id.na364,0.015942861361124848
fest.lib.id335,0.001713307248511467
imdbady00982,0.001983954082237805
imdbady01383,0.0014739082701942523
imdbady01589,0.0018924925325252248
fest.lib.id595,0.0018795020403883469
imdbady00786,0.0012015696419570962
fest.lib.id1414,0.0013965631202055297
fest.lib.id.na17,0.026238226744440273
imdbady00412,0.0012303014888053964
imdbady01586,0.0018803853128623797
fest.lib.id1910,0.004135218548204918
fest.lib.id4682,0.004066670177061421
fest.lib.id.na219,0.003610404564253591
fest.lib.id759,0.07865943369023712
imdbady01552,0.0019231133691437112
fest.lib.id1154,0.002263610515801825
fest.lib.id1205,0.0015193809527656755
imdbady00191,0.001294993415962997
fest.lib.id1328,0.003642577185047844
fest.lib.id231,0.002103422488045798
fest.lib.id1535,0.08500246471603438
fest.lib.id6074,0.0019283987871450596
fest.lib.id.na119,0.005304655362104878
imdbady00746,0.0014478193508962035
imdbady01725,0.0013050138212113108
fest.lib.id7583,0.012402266634712307
fest.lib.id1160,0.049233222816861676
imdbady00990,0.0016370674459598045
imdbady00661,0.001269995085834899
fest.lib.id238,0.010711358167718224
imdbady00917,0.0016500042103679046
fest.lib.id8241,0.0021736065072800867
imdbady01248,0.0010863517714408194
fest.lib.id.na36,0.0029279803749150497
fest.lib.id7843,0.0012996548722011981
id332,0.0014122977968438158
imdbady01673,0.0014139852797448807
imdbady00405,0.0015765880731718387
fest.lib.id5226,0.0036963356065622278
imdbady01345,0.005078926710344973
imdbady01309,0.001294993415962997
imdbady00222,0.0017493874838000962
imdbady01718,0.0011834211899277426
fest.lib.id1787,0.005807509983782226
fest.lib.id5367,0.007497375381761823
fest.lib.id925,0.0022328413788779014
imdbady01640,0.0013136265945332772
fest.lib.id2683,0.0028991302314233178
imdbady00381,0.0011564339732340883
imdbady00887,0.001094650504702213
imdbady00122,0.001125684900336156
imdbady00657,0.0012997864365508298
imdbady00837,0.0010910227586285095
fest.lib.id1812,0.001723396635393343
imdbady01045,0.0015305942129914885
fest.lib.id.na482,0.0012996548722011981
fest.lib.id.survey.na249,0.0015878258192145822
fest.lib.id1276,0.0014064856275315066
imdbady01036,0.0013794228872920386
imdbady01492,0.0011376357627885972
imdbady01058,0.001612529418046576
imdbady00964,0.001150615605500001
imdbady01427,0.0014314894180044002
fest.lib.id.na235,0.0024177360662499606
fest.lib.id588,0.013206233699414295
fest.lib.id.survey.na370,0.0010774761975695518
imdbady01137,0.0011784503503564812
fest.lib.id.survey.na179,0.0015193809527656755
imdbady00603,0.0010630252837238769
imdbady00098,0.001137808055184148
imdbady01594,0.0012153672971134735
imdbady01311,0.0014314894180044002
fest.lib.id.na313,0.0010734482447600218
imdbady00435,0.0011415654914664402
imdbady00161,0.0014739082701942523
imdbady00624,0.0012396984273653116
imdbady00223,0.0013477756146776665
imdbady01173,0.0010683037403724724
fest.lib.id.na399,0.014566550760325906
imdbady01351,0.00561173470683752
imdbady01668,0.002215051127645588
imdbady01433,0.0012282785344206275
fest.lib.id.survey.na128,0.001369100039274232
fest.lib.id1572,0.0036476752055081274
fest.lib.id5838,0.0015686775420534187
imdbady00169,0.0011107602800505946
imdbady00458,0.0017533436718577373
imdbady00327,0.0022953118916803224
imdbady00544,0.001146957782485577
fest.lib.id112,0.0014122977968438158
imdbady00732,0.0014314894180044002
fest.lib.id.na265,0.0013134844515856508
imdbady00626,0.0013281331698552557
fest.lib.id.na3,0.0015243185440168977
fest.lib.id1731,0.005506212914349632
imdbady01719,0.0010679618982870048
fest.lib.id384,0.0014064856275315066
fest.lib.id1456,0.002068502498281153
imdbady00455,0.00154763499598283
fest.lib.id.survey.na590,0.0012824144305406452
fest.lib.id7713,0.001222001174843837
imdbady00960,0.0012827670092246304
fest.lib.id.survey.na206,0.0013965631202055297
imdbady01600,0.0010965844479315916
imdbady01388,0.001854421433745634
fest.lib.id.na471,0.05809860871885474
fest.lib.id.na444,0.006445591211797108
imdbady00432,0.0014961083637250448
imdbady00032,0.0012264546267069893
imdbady01160,0.0013566441854964207
imdbady01663,0.0012353903393899387
imdbady00155,0.002231580401383094
fest.lib.id1427,0.003058692548213818
fest.lib.id.na176,0.004633344458919006
fest.lib.id284,0.0022078298251507586
imdbady00287,0.0013050138212113108
imdbady00790,0.0028307004033665257
fest.lib.id1046,0.004448819937464601
fest.lib.id1166,0.011165376303085018
fest.lib.id308,0.1567988599577044
fest.lib.id.survey.na226,0.0015878258192145822
fest.lib.id.survey.na360,0.003197056737796829
imdbady00143,0.006049105530527871
fest.lib.id7361,0.0030521438300663587
fest.lib.id1867,0.01669590221864366
fest.lib.id1095,0.0019710513393825656
fest.lib.id845,0.02120777480370455
imdbady01263,0.0012355941926453227
imdbady00342,0.0019334756628644053
imdbady00014,0.004884623972354461
imdbady00668,0.0011998392829189331
imdbady01591,0.001219162137244537
fest.lib.id.survey.na508,0.015132269349426243
imdbady01504,0.0014739082701942523
fest.lib.id9484,0.0012932237101751843
imdbady01372,0.0018048337417918194
imdbady01321,0.0014314894180044002
imdbady01106,0.0013009992562404583
imdbady00345,0.001966217551443708
fest.lib.id1183,0.04617845839505119
fest.lib.id.survey.na695,0.0012679161014601743
imdbady01632,0.0029475331034531332
imdbady01508,0.0011677435732184475
fest.lib.id.na279,0.008605841849203896
imdbady01514,0.0034625635941626996
imdbady00710,0.0012737903321567584
fest.lib.id.na10,0.00342020022138873
fest.lib.id799,0.001841910410825389
fest.lib.id.na49,0.001965002970118308
imdbady01582,0.002056031454546164
fest.lib.id7632,0.0019004927226776414
fest.lib.id.survey.na313,0.002082781040287271
imdbady00722,0.0014739082701942523
fest.lib.id1560,0.003318659121444753
fest.lib.id5689,0.003767272559234343
fest.lib.id885,0.004898575459495401
fest.lib.id.survey.na298,0.0031274004388335943
imdbady00679,0.0029774005336728115
imdbady00254,0.0019013705868256984
imdbady00168,0.0011166020650411133
imdbady00164,0.0014803271524016263
fest.lib.id1489,0.11452150555649154
fest.lib.id1851,0.013282249360976718
fest.lib.id.survey.na507,0.0029304318015486116
imdbady00775,0.0014228554621693458
imdbady00062,0.0018269847374717133
fest.lib.id182,0.0031511814238755413
imdbady01065,0.0019587941162915084
fest.lib.id.na446,0.0050560576538036936
fest.lib.id7232,0.003872451891746107
fest.lib.id1635,0.006369208402852755
fest.lib.id287,0.0010797963854596276
imdbady00291,0.0010952766588433116
fest.lib.id.na31,0.0017267326873497439
fest.lib.id.na95,0.0024234747523924575
fest.lib.id762,0.016333424821204194
fest.lib.id7781,0.002293272147397142
fest.lib.id.na233,0.001180243887258268
imdbady01257,0.0018998630958847124
fest.lib.id971,0.029028194901948634
imdbady00578,0.0012737903321567584
imdbady01292,0.0013177414278521093
imdbady00362,0.0011760453367867538
imdbady01434,0.0013139271747944676
imdbady00610,0.0017190887164900217
fest.lib.id.na64,0.0011738110844349938
fest.lib.id.survey.na371,0.002289711527853506
imdbady01481,0.0011403210209347695
fest.lib.id.survey.na623,0.0014122977968438158
imdbady01193,0.0020077259316430567
fest.lib.id998,0.004282470165897953
imdbady01167,0.0012997864365508298
imdbady00773,0.0014739082701942523
imdbady00976,0.0014298045587039345
fest.lib.id809,0.005266327878503618
imdbady00729,0.0010868041152587212
fest.lib.id8055,0.0034188715398735126
imdbady00984,0.001303538300454905
fest.lib.id.na368,0.0035962382017809286
imdbady00589,0.001203470420641786
fest.lib.id1914,0.003362471918225743
fest.lib.id930,0.028112612225342132
imdbady01554,0.0013794228872920386
imdbady00093,0.0014314894180044002
fest.lib.id345,0.0054990841089789634
fest.lib.id1097,0.0022284028562363127
imdbady00537,0.0013136265945332772
