film_id,filmrank,premiere_festival,premiere_year,premiere_festival_filmrank,played_strategic,num_strategic,max_strategic_filmrank,avg_strategic_filmrank,played_top5_festival,played_top10_festival,num_top5_festivals,num_top10_festivals
tffnew1113,0.05694217789683718,fest.lib.id285,2014,0.39801347663094955,0,0,0,0,1,1,3,4
428,0.04456170602029878,fest.lib.id1736,2013,1.0,0,0,0,0,1,1,3,3
tffnew2000,0.009336977626214061,fest.lib.id1736,2016,1.0,0,0,0,0,1,1,1,1
frnew108,0.028563715413081954,fest.lib.id1148,2011,0.021450340112936533,0,0,0,0,0,1,0,1
idfnew825,0.04172901950260501,fest.lib.id.na240,2014,0.06203455950095228,0,0,0,0,0,0,0,0
f17433,0.029492125294904532,fest.lib.id1888,2015,0.9014664491525963,0,0,0,0,1,1,2,2
tffnew176,0.009336977626214061,fest.lib.id1736,2011,1.0,0,0,0,0,1,1,1,1
f8253,0.06120056559408781,fest.lib.id1888,2017,0.9014664491525963,0,0,0,0,1,1,1,2
745,0.036175349682489144,fest.lib.id1888,2013,0.9014664491525963,0,0,0,0,1,1,1,1
frnew760,0.04242176020630449,fest.lib.id665,2015,0.318359506181511,0,0,0,0,0,1,0,1
idfnew1797,0.008532319332021776,fest.lib.id942,1999,0.049190127422426844,0,0,0,0,0,0,0,0
f17153,0.032439261572356375,fest.lib.id.na254,2014,0.04316572433830646,0,0,0,0,0,1,0,1
N1501476,0.011219045524521635,fest.lib.id364,2015,0.6039825158473134,0,0,0,0,1,1,1,1
f9293,0.03163850264145672,fest.lib.id285,2016,0.39801347663094955,0,0,0,0,1,1,1,2
frnew416,0.010470746031531416,fest.lib.id665,2012,0.318359506181511,0,0,0,0,0,1,0,1
frnew1089,0.010470746031531416,fest.lib.id665,2017,0.318359506181511,0,0,0,0,0,1,0,1
tffnew2099,0.009534060237688663,fest.lib.id117,2016,0.039048634073661166,0,0,0,0,0,0,0,0
9052fnosuv,0.023698697275215442,fest.lib.id285,2011,0.39801347663094955,0,0,0,0,1,1,1,2
f16606,0.016319603212346136,fest.lib.id1888,2011,0.9014664491525963,0,0,0,0,1,1,1,1
idfnew594,0.009383812781205814,fest.lib.id5985,2013,0.00898466802132393,0,0,0,0,0,0,0,0
frnew471,0.02970144657132238,fest.lib.id1768,2014,0.07352724707497833,0,0,0,0,0,1,0,2
tffnew1983,0.01561700988778541,fest.lib.id1736,2016,1.0,0,0,0,0,1,1,2,2
tffnew153,0.0362621920378876,fest.lib.id1808,2011,0.1145501607898263,0,0,0,0,1,1,1,1
tffnew1674,0.06940334483325081,fest.lib.id1808,2015,0.1145501607898263,0,0,0,0,1,1,2,4
tffnew1439,0.030334066263831835,fest.lib.id1736,2014,1.0,0,0,0,0,1,1,1,3
84,0.03591104123050071,fest.lib.id285,2013,0.39801347663094955,0,0,0,0,1,1,2,2
idfnew1195,0.012358752091091399,fest.lib.id874,2015,0.5062687909078113,0,0,0,0,1,1,1,2
987,0.016989040225274744,fest.lib.id285,1967,0.39801347663094955,0,0,0,0,1,1,3,3
f17305,0.009940784625779017,fest.lib.id1888,2014,0.9014664491525963,0,0,0,0,1,1,1,1
f9314,0.009298203289242048,fest.lib.id285,2016,0.39801347663094955,0,0,0,0,1,1,1,1
frnew1028,0.023782984752641404,fest.lib.id364,2016,0.6039825158473134,0,0,0,0,1,1,1,2
idfnew1855,0.037269944118533564,fest.lib.id1737,2017,0.027546812998660877,0,0,0,0,1,1,1,2
9206fnosuv,0.08003726968499525,fest.lib.id285,2014,0.39801347663094955,0,0,0,0,1,1,2,5
f8022,0.023410352800674796,fest.lib.id1888,2016,0.9014664491525963,0,0,0,0,1,1,1,1
596,0.03201944947449647,fest.lib.id1535,1975,0.08500246471603438,0,0,0,0,1,1,1,1
I1601661,0.014001001432597445,fest.lib.id1832,2015,0.10684151432045275,0,0,0,0,1,1,1,1
9128fnosuv,0.037590819680266625,fest.lib.id285,2012,0.39801347663094955,0,0,0,0,1,1,1,2
f16949,0.024996488818282026,fest.lib.id1888,2012,0.9014664491525963,0,0,0,0,1,1,1,1
1203,0.013136138175283734,fest.lib.id285,1949,0.39801347663094955,0,0,0,0,1,1,2,2
f17306,0.018164971826185174,fest.lib.id1888,2014,0.9014664491525963,0,0,0,0,1,1,2,2
tffnew726,0.012864737137982732,fest.lib.id1736,2012,1.0,0,0,0,0,1,1,1,1
idfnew1815,0.026187492925306966,fest.lib.id285,2016,0.39801347663094955,0,0,0,0,1,1,1,1
tffnew2029,0.04666019860410928,fest.lib.id285,2016,0.39801347663094955,0,0,0,0,1,1,2,2
idfnew556,0.028961216236409515,fest.lib.id1736,2012,1.0,0,0,0,0,1,1,1,1
798,0.009940784625779017,fest.lib.id1888,2013,0.9014664491525963,0,0,0,0,1,1,1,1
tffnew1316,0.02248575857106015,fest.lib.id752,2014,0.07935485557086505,0,0,0,0,0,0,0,0
tffnew2618,0.04381660647071744,fest.lib.id1736,2017,1.0,0,0,0,0,1,1,1,3
idfnew1365,0.011451932798523268,fest.lib.id1489,2017,0.11452150555649154,0,0,0,0,0,0,0,0
f16587,0.009940784625779017,fest.lib.id1888,2011,0.9014664491525963,0,0,0,0,1,1,1,1
1622,0.014225977270276628,fest.lib.id1050,2008,0.10887639162499597,0,0,0,0,1,1,1,1
f8232,0.06602237630323993,fest.lib.id1888,2017,0.9014664491525963,0,0,0,0,1,1,1,3
1342,0.01967809937165979,fest.lib.id1736,2013,1.0,0,0,0,0,1,1,1,1
frnew129,0.01885423938993481,fest.lib.id7990,2010,0.004113666963798025,0,0,0,0,0,0,0,0
idfnew12,0.00995575178972834,fest.lib.id874,2011,0.5062687909078113,0,0,0,0,1,1,1,1
idfnew370,0.03963491662319396,fest.lib.id874,2012,0.5062687909078113,0,0,0,0,1,1,1,1
frnew702,0.010303047043328357,fest.lib.id342,2015,0.030199973620409305,0,0,0,0,0,0,0,0
1197,0.018656916230695604,fest.lib.id3627,2013,0.002345526233549806,0,0,0,0,0,1,0,1
f9317,0.03191846713503604,fest.lib.id285,2016,0.39801347663094955,0,0,0,0,1,1,1,1
f17400,0.012533385619228687,fest.lib.id1888,2015,0.9014664491525963,0,0,0,0,1,1,1,1
tffnew1347,0.053609309949881896,fest.lib.id.na292,2014,0.07612469051374422,0,0,0,0,1,1,1,2
f9245,0.009298203289242048,fest.lib.id285,2015,0.39801347663094955,0,0,0,0,1,1,1,1
506,0.07085067965602321,fest.lib.id1888,2013,0.9014664491525963,0,0,0,0,1,1,1,2
tffnew1636,0.009336977626214061,fest.lib.id1736,2015,1.0,0,0,0,0,1,1,1,1
f9255,0.03907046217257374,fest.lib.id285,2015,0.39801347663094955,0,0,0,0,1,1,2,2
f17274,0.009940784625779017,fest.lib.id1888,2014,0.9014664491525963,0,0,0,0,1,1,1,1
f17299,0.03193896978623915,fest.lib.id1888,2014,0.9014664491525963,0,0,0,0,1,1,1,1
f16974,0.03386357435806943,fest.lib.id1888,2012,0.9014664491525963,0,0,0,0,1,1,1,2
idfnew1334,0.038217261046008824,fest.lib.id874,2016,0.5062687909078113,0,0,0,0,1,1,1,1
idfnew993,0.018481590266009876,fest.lib.id1956,2014,0.016853238613655553,0,0,0,0,0,0,0,0
N1701422,0.011219045524521635,fest.lib.id364,2017,0.6039825158473134,0,0,0,0,1,1,1,1
f16440,0.013099134692435834,fest.lib.id1888,2011,0.9014664491525963,0,0,0,0,1,1,1,1
f9286,0.009298203289242048,fest.lib.id285,2016,0.39801347663094955,0,0,0,0,1,1,1,1
tffnew1503,0.009336977626214061,fest.lib.id1736,2014,1.0,0,0,0,0,1,1,1,1
f9062,0.02262697576732437,fest.lib.id285,2011,0.39801347663094955,0,0,0,0,1,1,1,1
idfnew685,0.016266333657096187,fest.lib.id7524,2013,0.008085491619333144,0,0,0,0,0,0,0,0
1710,0.015056980410563322,fest.lib.id1888,2012,0.9014664491525963,0,0,0,0,1,1,2,2
tffnew2703,0.029309738095997736,fest.lib.id1736,2017,1.0,0,0,0,0,1,1,1,1
f16816,0.033407437863093616,fest.lib.id1888,2012,0.9014664491525963,0,0,0,0,1,1,1,1
idfnew356,0.011876097642708349,fest.lib.id.na375,2012,0.19236865604671277,0,0,0,0,0,0,0,0
f17060,0.014938358681558121,imdbady01394,2014,0.0028715159610712476,0,0,0,0,1,1,1,1
f16438,0.021652568008515276,fest.lib.id1291,2010,0.014747440729239914,0,0,0,0,1,1,1,1
tffnew148,0.05722375925751242,fest.lib.id1736,2011,1.0,0,0,0,0,1,1,1,2
988,0.02817444215151307,fest.lib.id378,1999,0.003292067463187837,0,0,0,0,0,1,0,1
tffnew2608,0.06633099916212598,fest.lib.id1736,2017,1.0,0,0,0,0,1,1,1,2
f9308,0.07185539119396116,fest.lib.id285,2016,0.39801347663094955,0,0,0,0,1,1,2,3
tffnew1236,0.020034624028604654,fest.lib.id.survey.na312,2014,0.03609695369611469,0,0,0,0,1,1,1,2
tffnew220,0.04030705686626582,fest.lib.id1736,2011,1.0,0,0,0,0,1,1,2,3
333,0.00995575178972834,fest.lib.id874,2013,0.5062687909078113,0,0,0,0,1,1,1,1
1195,0.07653300511955297,fest.lib.id285,2013,0.39801347663094955,0,0,0,0,1,1,2,3
f17361,0.027429390426770364,fest.lib.id974,2013,0.16229812321214043,0,0,0,0,0,0,0,0
9567fnosuv,0.0217414237719065,fest.lib.id285,1970,0.39801347663094955,0,0,0,0,1,1,2,3
f17569,0.026265835222720624,fest.lib.id1888,2015,0.9014664491525963,0,0,0,0,1,1,1,1
f17563,0.047015869597186566,fest.lib.id1736,2014,1.0,0,0,0,0,1,1,2,3
f9125,0.10756083630451528,fest.lib.id285,2012,0.39801347663094955,0,0,0,0,1,1,1,1
267,0.00995575178972834,fest.lib.id874,2013,0.5062687909078113,0,0,0,0,1,1,1,1
tffnew358,0.0323817855859618,fest.lib.id1050,2012,0.10887639162499597,0,0,0,0,0,1,0,1
frnew513,0.0340966666631015,fest.lib.id974,2013,0.16229812321214043,0,0,0,0,0,1,0,1
1599,0.017886324002502303,id097,2001,0.020373317099565996,0,0,0,0,1,1,1,1
424,0.010470746031531416,fest.lib.id665,2013,0.318359506181511,0,0,0,0,0,1,0,1
I1203770,0.01100893068745289,fest.lib.id.survey.na615,2010,0.003524147350075408,0,0,0,0,0,0,0,0
tffnew28,0.062213548720933404,fest.lib.id285,2011,0.39801347663094955,0,0,0,0,1,1,2,3
9143fnosuv,0.025574479415762727,fest.lib.id285,2012,0.39801347663094955,0,0,0,0,1,1,1,2
f7897,0.022850642149633928,fest.lib.id1888,2016,0.9014664491525963,0,0,0,0,1,1,2,2
I1101122,0.03699958442186243,imdbady01272,2010,0.00138007174270412,0,0,0,0,0,0,0,0
f16520,0.017415393916437778,fest.lib.id1888,2011,0.9014664491525963,0,0,0,0,1,1,1,1
frnew38,0.020415650849460138,fest.lib.id731,2011,0.3424863555939673,0,0,0,0,0,1,0,1
1140,0.04568139504384635,fest.lib.id1736,2013,1.0,0,0,0,0,1,1,1,1
tffnew1264,0.021325152497810744,fest.lib.id.na90,2014,0.015772236282366865,0,0,0,0,1,1,1,1
f9147,0.12849205285960538,fest.lib.id285,2014,0.39801347663094955,0,0,0,0,1,1,1,3
N1600299,0.015011753960546973,fest.lib.id6558,2015,0.022927788110100236,0,0,0,0,1,1,1,1
tffnew1470,0.19909282217031563,fest.lib.id285,2014,0.39801347663094955,0,0,0,0,1,1,2,4
N1200612,0.011219045524521635,fest.lib.id364,2012,0.6039825158473134,0,0,0,0,1,1,1,1
tffnew2227,0.02334320309855659,fest.lib.id7554,2016,0.0616213380035944,0,0,0,0,0,0,0,0
f9376,0.012033911100956671,fest.lib.id1489,2017,0.11452150555649154,0,0,0,0,1,1,1,1
tffnew2252,0.01945579975035475,fest.lib.id1736,2016,1.0,0,0,0,0,1,1,1,1
N1401643,0.030683627554203053,fest.lib.id364,2014,0.6039825158473134,0,0,0,0,1,1,1,1
tffnew1617,0.009336977626214061,fest.lib.id1736,2015,1.0,0,0,0,0,1,1,1,1
I1204737,0.009610601098554416,fest.lib.id.na236,2011,0.016167791167439913,0,0,0,0,0,0,0,0
tffnew322,0.017392696972147605,fest.lib.id1895,2011,0.10094273609320706,0,0,0,0,0,1,0,1
tffnew1208,0.05059660774751009,fest.lib.id1808,2014,0.1145501607898263,0,0,0,0,1,1,1,3
idfnew450,0.017198332944365315,fest.lib.id1722,2003,0.10246538636036051,0,0,0,0,0,0,0,0
1570,0.015175809094020071,fest.lib.id364,2013,0.6039825158473134,0,0,0,0,1,1,1,1
f16956,0.015261499035526347,fest.lib.id.na90,2011,0.015772236282366865,0,0,0,0,1,1,1,1
idfnew1018,0.03471109740504378,fest.lib.id1768,2015,0.07352724707497833,0,0,0,0,1,1,1,2
tffnew2520,0.018086687461522484,fest.lib.id285,2017,0.39801347663094955,0,0,0,0,1,1,2,2
f8002,0.0321492073923993,fest.lib.id1888,2016,0.9014664491525963,0,0,0,0,1,1,1,4
284,0.01191129273677928,fest.lib.id1736,2013,1.0,0,0,0,0,1,1,1,1
idfnew1871,0.010069497199440837,fest.lib.id.na120,2018,0.04508871310438658,0,0,0,0,0,0,0,0
idfnew1180,0.00995575178972834,fest.lib.id874,2015,0.5062687909078113,0,0,0,0,1,1,1,1
tffnew2489,0.03691271846776193,fest.lib.id1736,2017,1.0,0,0,0,0,1,1,1,2
idfnew176,0.00903681935110335,fest.lib.id1268,2013,0.012700883197996036,0,0,0,0,0,0,0,0
f9364,0.009298203289242048,fest.lib.id285,2017,0.39801347663094955,0,0,0,0,1,1,1,1
tffnew2486,0.041350717956378645,fest.lib.id1735,2017,0.06336170154920864,0,0,0,0,1,1,1,2
tffnew1915,0.03490871126148779,fest.lib.id1736,2015,1.0,0,0,0,0,1,1,1,3
tffnew1485,0.019212714832763274,fest.lib.id1736,2014,1.0,0,0,0,0,1,1,1,1
f7967,0.009068749212259723,fest.lib.id510,2016,0.032092881033137406,0,0,0,0,0,0,0,0
tffnew1779,0.034926301387295196,fest.lib.id1736,2015,1.0,0,0,0,0,1,1,2,2
I1102977,0.023771063059910915,fest.lib.id1890,2010,0.017783632446809833,0,0,0,0,0,1,0,1
f8251,0.026662897120271083,fest.lib.id1888,2017,0.9014664491525963,0,0,0,0,1,1,1,1
frnew508,0.016772236992178904,fest.lib.id238,2014,0.010711358167718224,0,0,0,0,0,0,0,0
f16937,0.015240394346638424,fest.lib.id731,2012,0.3424863555939673,0,0,0,0,1,1,1,2
frnew298,0.012694687548483666,fest.lib.id2067,2011,0.019364055953343097,0,0,0,0,0,0,0,0
f7815,0.05015257478231608,fest.lib.id33,2015,0.048734666620580576,0,0,0,0,1,1,1,2
12,0.02258682408962472,fest.lib.id285,2013,0.39801347663094955,0,0,0,0,1,1,2,2
f17331,0.014925267437779796,fest.lib.id1888,2014,0.9014664491525963,0,0,0,0,1,1,1,1
tffnew1273,0.03343484777004285,fest.lib.id1658,2014,0.15002034797660702,0,0,0,0,1,1,1,1
tffnew1845,0.024715846552814492,fest.lib.id1736,2015,1.0,0,0,0,0,1,1,1,2
tffnew2538,0.06368395109139836,fest.lib.id1808,2017,0.1145501607898263,0,0,0,0,1,1,1,2
idfnew784,0.00995575178972834,fest.lib.id874,2014,0.5062687909078113,0,0,0,0,1,1,1,1
tffnew2334,0.014031834485464603,fest.lib.id1736,2016,1.0,0,0,0,0,1,1,1,1
1397,0.03702304078005416,fest.lib.id1888,2013,0.9014664491525963,0,0,0,0,1,1,1,1
f17582,0.03463787756376816,fest.lib.id1888,2015,0.9014664491525963,0,0,0,0,1,1,1,2
tffnew454,0.037866112292914596,fest.lib.id1736,2012,1.0,0,0,0,0,1,1,1,2
idfnew670,0.00910978148549232,fest.lib.id1050,2013,0.10887639162499597,0,0,0,0,0,0,0,0
N1501099,0.011219045524521635,fest.lib.id364,2015,0.6039825158473134,0,0,0,0,1,1,1,1
f16670,0.015173722809906486,fest.lib.id469,2010,0.019241998458219826,0,0,0,0,1,1,1,1
864,0.030562429706648627,fest.lib.id1585,2012,0.006285429813321766,0,0,0,0,1,1,1,1
f7939,0.10471648740496979,fest.lib.id1736,2015,1.0,0,0,0,0,1,1,2,2
tffnew1586,0.03703274353559113,fest.lib.id1736,2015,1.0,0,0,0,0,1,1,1,1
tffnew2574,0.017496882357101992,fest.lib.id1736,2017,1.0,0,0,0,0,1,1,1,1
f17152,0.02711486998263741,fest.lib.id1735,2013,0.06336170154920864,0,0,0,0,0,0,0,0
frnew910,0.0249512133513428,id401,2016,0.07211320128732311,0,0,0,0,0,1,0,2
idfnew963,0.012897596030812825,fest.lib.id1067,2014,0.00976298842262912,0,0,0,0,1,1,1,1
714,0.00995575178972834,fest.lib.id874,2013,0.5062687909078113,0,0,0,0,1,1,1,1
f8152,0.009940784625779017,fest.lib.id1888,2017,0.9014664491525963,0,0,0,0,1,1,1,1
tffnew1622,0.017391946181223288,fest.lib.id1565,2015,0.03422279893718779,0,0,0,0,1,1,1,1
f9026,0.045796425954567135,fest.lib.id285,2011,0.39801347663094955,0,0,0,0,1,1,1,2
N1200446,0.055203050868818646,fest.lib.id1848,2011,0.004787357399912215,0,0,0,0,1,1,1,1
f17625,0.0796484475475543,fest.lib.id1658,2015,0.15002034797660702,0,0,0,0,1,1,1,4
tffnew1368,0.03693618303907817,fest.lib.id1808,2014,0.1145501607898263,0,0,0,0,1,1,1,2
f9048,0.014320327006946151,fest.lib.id285,2011,0.39801347663094955,0,0,0,0,1,1,1,1
I1505162,0.01631957387393875,fest.lib.id364,2015,0.6039825158473134,0,0,0,0,1,1,1,1
f8272,0.07855474199160214,fest.lib.id1808,2016,0.1145501607898263,0,0,0,0,1,1,1,3
tffnew1594,0.017995563885555083,fest.lib.id1736,2015,1.0,0,0,0,0,1,1,1,1
555,0.022786520710768945,fest.lib.id1736,2013,1.0,0,0,0,0,1,1,1,2
tffnew1997,0.014150983250012284,fest.lib.id1736,2016,1.0,0,0,0,0,1,1,1,1
f7830,0.06124254397993144,fest.lib.id1888,2016,0.9014664491525963,0,0,0,0,1,1,2,2
N1600798,0.017691787009663423,fest.lib.id1050,2015,0.10887639162499597,0,0,0,0,1,1,1,1
f17252,0.027979806375353525,fest.lib.id1648,2013,0.20248827622358084,0,0,0,0,1,1,1,3
tffnew1849,0.024407820828469273,fest.lib.id1736,2015,1.0,0,0,0,0,1,1,1,1
tffnew253,0.024864809718313403,fest.lib.id1808,2011,0.1145501607898263,0,0,0,0,1,1,1,1
1434,0.009940784625779017,fest.lib.id1888,2013,0.9014664491525963,0,0,0,0,1,1,1,1
N1700437,0.02294881770126486,fest.lib.id.na155,2016,0.010008517343272806,0,0,0,0,1,1,1,1
609,0.01281853657680793,fest.lib.id1748,2012,0.014952276399207232,0,0,0,0,1,1,1,1
9428fnosuv,0.02527361012067877,fest.lib.id285,2016,0.39801347663094955,0,0,0,0,1,1,1,1
N1700946,0.011219045524521635,fest.lib.id364,2017,0.6039825158473134,0,0,0,0,1,1,1,1
idfnew192,0.014573661125039404,fest.lib.id.na227,1999,0.0068407960933985915,0,0,0,0,0,0,0,0
f9182,0.014968917965527526,fest.lib.id285,2014,0.39801347663094955,0,0,0,0,1,1,1,1
N1500624,0.039862372228043105,fest.lib.id1039,2014,0.03720433983335527,0,0,0,0,1,1,1,1
idfnew1910,0.04975517561484654,fest.lib.id1887,2014,0.11341129673140814,0,0,0,0,0,1,0,1
tffnew203,0.04125805636653348,fest.lib.id1736,1999,1.0,0,0,0,0,1,1,1,2
idfnew178,0.013124960156235713,fest.lib.id874,2011,0.5062687909078113,0,0,0,0,1,1,1,1
f8182,0.0391779443382886,fest.lib.id1888,2017,0.9014664491525963,0,0,0,0,1,1,1,1
tffnew2637,0.06516614535350013,fest.lib.id1808,2017,0.1145501607898263,0,0,0,0,1,1,1,1
9353fnosuv,0.011681675807304791,fest.lib.id.na41,2009,0.11516145534226155,0,0,0,0,1,1,1,1
tffnew1774,0.03585433532561645,fest.lib.id1736,2015,1.0,0,0,0,0,1,1,1,2
idfnew705,0.028434035734226103,fest.lib.id.na207,2014,0.017811275232205062,0,0,0,0,1,1,1,2
I1100683,0.020841438418887488,fest.lib.id744,2010,0.03530890126958436,0,0,0,0,0,0,0,0
313,0.009940784625779017,fest.lib.id1888,2013,0.9014664491525963,0,0,0,0,1,1,1,1
frnew633,0.008789446454753946,fest.lib.id6977,2013,0.00776110125680931,0,0,0,0,0,0,0,0
frnew166,0.012823787654634294,fest.lib.id7554,2011,0.0616213380035944,0,0,0,0,0,1,0,1
171,0.03285053591911109,fest.lib.id1736,2013,1.0,0,0,0,0,1,1,1,1
tffnew1109,0.029283868531446766,fest.lib.id1736,2014,1.0,0,0,0,0,1,1,1,1
tffnew2432,0.057515825397817896,fest.lib.id1697,2017,0.05210166239461778,0,0,0,0,1,1,1,2
idfnew1281,0.029710398784755676,fest.lib.id874,2014,0.5062687909078113,0,0,0,0,1,1,1,1
idfnew1770,0.01846966393982784,id401,2017,0.07211320128732311,0,0,0,0,1,1,1,1
1562,0.015385359730425638,id097,2012,0.020373317099565996,0,0,0,0,1,1,1,1
tffnew2126,0.03504620748548378,fest.lib.id1736,2016,1.0,0,0,0,0,1,1,1,3
N1200026,0.028370952981024433,fest.lib.id1827,2011,0.013212879199878848,0,0,0,0,1,1,1,1
f17409,0.10796126797028863,fest.lib.id1888,2015,0.9014664491525963,0,0,0,0,1,1,2,4
N1501112,0.015103685640539887,fest.lib.id364,2015,0.6039825158473134,0,0,0,0,1,1,1,1
I1401264,0.011219045524521635,fest.lib.id364,2013,0.6039825158473134,0,0,0,0,1,1,1,1
f16958,0.009940784625779017,fest.lib.id1888,2012,0.9014664491525963,0,0,0,0,1,1,1,1
f16903,0.0444583129712184,fest.lib.id1736,2011,1.0,0,0,0,0,1,1,2,3
f9300,0.011681675807304791,fest.lib.id285,2016,0.39801347663094955,0,0,0,0,1,1,1,1
1268,0.014488168152807275,fest.lib.id909,2013,0.13015898047987368,0,0,0,0,1,1,1,1
I1406270,0.021835777986105174,fest.lib.id251,2013,0.030214209572879583,0,0,0,0,1,1,1,1
tffnew2031,0.019730858833479956,fest.lib.id1736,2016,1.0,0,0,0,0,1,1,1,2
f17488,0.009940784625779017,fest.lib.id1888,2015,0.9014664491525963,0,0,0,0,1,1,1,1
1491,0.0138883809602319,fest.lib.id364,2013,0.6039825158473134,0,0,0,0,1,1,1,1
f17640,0.008516537632347446,fest.lib.id7709,2015,0.03840153619126433,0,0,0,0,0,0,0,0
N1101125,0.015132144729651336,fest.lib.id364,2011,0.6039825158473134,0,0,0,0,1,1,1,1
idfnew959,0.01079195887223651,imdbady01546,2014,0.006064192328871407,0,0,0,0,0,0,0,0
idfnew305,0.03877803938040412,fest.lib.id.na240,2011,0.06203455950095228,0,0,0,0,0,0,0,0
tffnew1768,0.009336977626214061,fest.lib.id1736,2015,1.0,0,0,0,0,1,1,1,1
9564fnosuv,0.0149449191230713,fest.lib.id285,1967,0.39801347663094955,0,0,0,0,1,1,1,1
tffnew2348,0.0891895858839053,fest.lib.id285,2017,0.39801347663094955,0,0,0,0,1,1,2,4
tffnew1714,0.049534568055267354,fest.lib.id1736,2015,1.0,0,0,0,0,1,1,1,2
f7754,0.017532638423453845,fest.lib.id1888,2016,0.9014664491525963,0,0,0,0,1,1,1,1
873,0.020492322466698912,fest.lib.id1736,2012,1.0,0,0,0,0,1,1,2,2
9576fnosuv,0.03892882756505142,imdbady00183,1949,0.0013177414278521093,0,0,0,0,1,1,1,1
N1701418,0.011219045524521635,fest.lib.id364,2017,0.6039825158473134,0,0,0,0,1,1,1,1
tffnew1498,0.05359032608657956,fest.lib.id1736,2014,1.0,0,0,0,0,1,1,1,1
tffnew1746,0.0890372107394907,fest.lib.id1808,2015,0.1145501607898263,0,0,0,0,1,1,1,3
tffnew1954,0.08214109117796126,fest.lib.id1736,2016,1.0,0,0,0,0,1,1,1,3
729,0.009940784625779017,fest.lib.id1888,2013,0.9014664491525963,0,0,0,0,1,1,1,1
f17260,0.023052195014079194,fest.lib.id1658,2014,0.15002034797660702,0,0,0,0,1,1,1,1
tffnew2308,0.02208551217454361,id627,2016,0.06218359890861916,0,0,0,0,0,0,0,0
989,0.022006916637910903,fest.lib.id1888,2013,0.9014664491525963,0,0,0,0,1,1,1,1
tffnew263,0.03680829653123119,fest.lib.id1736,2011,1.0,0,0,0,0,1,1,1,1
f17288,0.009940784625779017,fest.lib.id1888,2014,0.9014664491525963,0,0,0,0,1,1,1,1
tffnew146,0.013218827055303153,fest.lib.id1736,2011,1.0,0,0,0,0,1,1,1,1
f16435,0.013453996462191958,fest.lib.id1888,2011,0.9014664491525963,0,0,0,0,1,1,1,1
1305,0.06764586216536626,fest.lib.id1658,2013,0.15002034797660702,0,0,0,0,1,1,1,1
f7964,0.0730956981208378,fest.lib.id1888,2016,0.9014664491525963,0,0,0,0,1,1,1,1
f8122,0.04650983783790965,fest.lib.id1888,2017,0.9014664491525963,0,0,0,0,1,1,1,2
idfnew907,0.02284951246460596,fest.lib.id.survey.na526,2013,0.15796024924762553,0,0,0,0,0,0,0,0
idfnew1126,0.03350193873962367,fest.lib.id1704,2015,0.0826856495616202,0,0,0,0,1,1,1,1
idfnew929,0.02418842542883483,fest.lib.id665,2014,0.318359506181511,0,0,0,0,0,1,0,1
I1404843,0.021687507138054486,fest.lib.id364,2014,0.6039825158473134,0,0,0,0,1,1,1,1
idfnew895,0.008809858467147066,fest.lib.id731,1986,0.3424863555939673,0,0,0,0,0,1,0,1
tffnew1644,0.030271497952910814,fest.lib.id1736,2015,1.0,0,0,0,0,1,1,1,1
idfnew446,0.00995575178972834,fest.lib.id874,2012,0.5062687909078113,0,0,0,0,1,1,1,1
idfnew1381,0.008721578657805106,fest.lib.id909,2016,0.13015898047987368,0,0,0,0,0,0,0,0
idfnew1929,0.06720556569043398,fest.lib.id1658,2017,0.15002034797660702,0,0,0,0,1,1,1,2
f9157,0.11471810872424916,fest.lib.id285,2014,0.39801347663094955,0,0,0,0,1,1,1,2
idfnew589,0.011980707926819888,fest.lib.id1658,2012,0.15002034797660702,0,0,0,0,0,0,0,0
1154,0.01910989585469171,fest.lib.id6352,2013,0.00850150382254969,0,0,0,0,1,1,1,1
frnew455,0.00998231136511618,fest.lib.id.na191,2013,0.04577591160462887,0,0,0,0,0,0,0,0
f9282,0.09233348466348651,fest.lib.id285,2016,0.39801347663094955,0,0,0,0,1,1,2,4
tffnew1546,0.026298620301892145,fest.lib.id.survey.na434,2015,0.0019153741755533068,0,0,0,0,1,1,1,1
1066,0.03645102262764633,fest.lib.id1888,2013,0.9014664491525963,0,0,0,0,1,1,1,2
frnew846,0.010470746031531416,fest.lib.id665,2015,0.318359506181511,0,0,0,0,0,1,0,1
tffnew1310,0.032356599057872304,fest.lib.id1736,2014,1.0,0,0,0,0,1,1,1,1
frnew445,0.017563690835707513,fest.lib.id.na120,2013,0.04508871310438658,0,0,0,0,0,1,0,1
tffnew1605,0.009336977626214061,fest.lib.id1736,2015,1.0,0,0,0,0,1,1,1,1
f9123,0.01899772919844146,fest.lib.id285,2012,0.39801347663094955,0,0,0,0,1,1,1,1
1382,0.025390777655362445,fest.lib.id.na281,2012,0.0016169981610769156,0,0,0,0,1,1,1,1
frnew797,0.01669918482763219,fest.lib.id665,2015,0.318359506181511,0,0,0,0,0,1,0,1
f16710,0.019761962352287835,fest.lib.id7160,2010,0.08755778354559723,0,0,0,0,1,1,1,2
idfnew1167,0.07224960754932432,fest.lib.id958,2015,0.12075010945459504,0,0,0,0,1,1,1,3
tffnew2590,0.02105879528703308,fest.lib.id1736,2017,1.0,0,0,0,0,1,1,1,1
f9330,0.04785233898483599,fest.lib.id285,2017,0.39801347663094955,0,0,0,0,1,1,1,3
frnew565,0.0671202601490752,fest.lib.id1658,2014,0.15002034797660702,0,0,0,0,0,1,0,3
f16883,0.009940784625779017,fest.lib.id1888,2012,0.9014664491525963,0,0,0,0,1,1,1,1
N1201075,0.0181846843266346,fest.lib.id364,2012,0.6039825158473134,0,0,0,0,1,1,1,1
f17188,0.04210629693831592,fest.lib.id1888,2014,0.9014664491525963,0,0,0,0,1,1,1,2
f7918,0.008662777057224375,fest.lib.id.na450,2016,0.02663835093875202,0,0,0,0,0,0,0,0
862,0.023828757701743208,fest.lib.id1736,2013,1.0,0,0,0,0,1,1,1,1
f16649,0.03204064784726994,fest.lib.id1888,2011,0.9014664491525963,0,0,0,0,1,1,1,1
f7973,0.20343687562889348,fest.lib.id1888,2016,0.9014664491525963,0,0,0,0,1,1,1,3
f17426,0.02402905254156829,fest.lib.id1658,2015,0.15002034797660702,0,0,0,0,1,1,1,1
332,0.01341811878904108,fest.lib.id1736,2013,1.0,0,0,0,0,1,1,1,1
tffnew2096,0.014302825514125315,fest.lib.id1050,2016,0.10887639162499597,0,0,0,0,0,0,0,0
frnew746,0.010234032831391644,fest.lib.id.na42,2015,0.06417041546238612,0,0,0,0,0,0,0,0
idfnew977,0.013259115177807665,imdbady00750,2010,0.0030778880024247513,0,0,0,0,0,0,0,0
I1605935,0.013564567309572612,fest.lib.id1249,2015,0.00871323056192924,0,0,0,0,0,0,0,0
N1100690,0.026547790710105375,fest.lib.id364,2010,0.6039825158473134,0,0,0,0,1,1,1,1
idfnew1219,0.0128473483786166,fest.lib.id874,2015,0.5062687909078113,0,0,0,0,1,1,1,1
1073,0.009940784625779017,fest.lib.id1888,2013,0.9014664491525963,0,0,0,0,1,1,1,1
f9277,0.045073969064870656,fest.lib.id285,2016,0.39801347663094955,0,0,0,0,1,1,2,3
N1401509,0.021754358248118645,fest.lib.id364,2014,0.6039825158473134,0,0,0,0,1,1,1,1
tffnew2221,0.0465084647826991,fest.lib.id1577,2016,0.033539337390164,0,0,0,0,1,1,1,2
tffnew1424,0.050097908081274505,fest.lib.id1736,2014,1.0,0,0,0,0,1,1,1,3
1288,0.03895696207715298,fest.lib.id262,1958,0.0011459926828772575,0,0,0,0,1,1,1,1
idfnew1255,0.013041099487247628,fest.lib.id874,2015,0.5062687909078113,0,0,0,0,1,1,1,1
tffnew2297,0.011912622762043815,fest.lib.id1736,2016,1.0,0,0,0,0,1,1,1,2
frnew432,0.021716957811136042,fest.lib.id1888,1996,0.9014664491525963,0,0,0,0,1,1,2,2
frnew579,0.016904118638812932,fest.lib.id1167,2013,0.14309594420744598,0,0,0,0,0,0,0,0
f8211,0.73592942421114,fest.lib.id1697,2016,0.05210166239461778,0,0,0,0,1,1,2,2
frnew907,0.014063452527943198,fest.lib.id1618,2016,0.023481760681616358,0,0,0,0,0,0,0,0
297,0.012544824162242665,fest.lib.id1888,2013,0.9014664491525963,0,0,0,0,1,1,1,1
idfnew801,0.0138319386059608,fest.lib.id731,1982,0.3424863555939673,0,0,0,0,0,1,0,1
1682,0.01593766263805421,fest.lib.id6635,2010,0.006101720651995687,0,0,0,0,1,1,1,1
tffnew103,0.05175440141698337,fest.lib.id1736,2011,1.0,0,0,0,0,1,1,1,2
560,0.013613706938281676,fest.lib.id874,2013,0.5062687909078113,0,0,0,0,1,1,1,1
idfnew1089,0.03436937139686485,fest.lib.id285,1971,0.39801347663094955,0,0,0,0,1,1,2,2
idfnew593,0.016581928888361016,fest.lib.id7160,2012,0.08755778354559723,0,0,0,0,0,0,0,0
tffnew417,0.06939600406813026,fest.lib.id1736,2012,1.0,0,0,0,0,1,1,1,3
frnew1067,0.03574117425539082,fest.lib.id744,2017,0.03530890126958436,0,0,0,0,0,0,0,0
idfnew828,0.046523901590891106,fest.lib.id1768,2014,0.07352724707497833,0,0,0,0,1,1,1,3
idfnew606,0.01687265523867611,fest.lib.id874,2012,0.5062687909078113,0,0,0,0,1,1,1,1
f7703,0.0755599053768701,fest.lib.id1888,2016,0.9014664491525963,0,0,0,0,1,1,1,2
N1401357,0.025296687287657414,fest.lib.id364,2014,0.6039825158473134,0,0,0,0,1,1,1,1
N1501281,0.011219045524521635,fest.lib.id364,2015,0.6039825158473134,0,0,0,0,1,1,1,1
idfnew1632,0.01735018062507641,fest.lib.id1894,2017,0.07073302680059652,0,0,0,0,1,1,1,1
f9275,0.09139363630311532,fest.lib.id285,2016,0.39801347663094955,0,0,0,0,1,1,2,4
idfnew1210,0.024314761995292058,fest.lib.id1768,2015,0.07352724707497833,0,0,0,0,1,1,1,1
tffnew1537,0.02102274490262842,fest.lib.id285,2015,0.39801347663094955,0,0,0,0,1,1,2,2
f17072,0.012331949476108151,fest.lib.id1888,2014,0.9014664491525963,0,0,0,0,1,1,1,1
tffnew1695,0.008677164850302548,fest.lib.id1821,2015,0.15848479903885174,0,0,0,0,0,0,0,0
1133,0.03307025948024013,fest.lib.id1147,2013,0.04743769596462434,0,0,0,0,0,1,0,1
tffnew1432,0.009336977626214061,fest.lib.id1736,2014,1.0,0,0,0,0,1,1,1,1
I1200608,0.010801530776112718,fest.lib.id1889,2012,0.016204492012890873,0,0,0,0,0,0,0,0
f7922,0.009940784625779017,fest.lib.id1888,2016,0.9014664491525963,0,0,0,0,1,1,1,1
176,0.016782915304789047,fest.lib.id874,2013,0.5062687909078113,0,0,0,0,1,1,1,1
N1200649,0.01691469702734659,fest.lib.id463,2011,0.0779767084966147,0,0,0,0,1,1,1,1
idfnew1559,0.026355101547612517,fest.lib.id1658,2016,0.15002034797660702,0,0,0,0,1,1,1,1
tffnew1797,0.05558032588436328,fest.lib.id1697,2015,0.05210166239461778,0,0,0,0,1,1,1,3
111,0.024230063077448426,fest.lib.id1888,2013,0.9014664491525963,0,0,0,0,1,1,1,1
f9299,0.03842921788266655,fest.lib.id285,2016,0.39801347663094955,0,0,0,0,1,1,1,2
idfnew999,0.012730079923984804,fest.lib.id874,2015,0.5062687909078113,0,0,0,0,1,1,1,1
tffnew320,0.0222104432948082,fest.lib.id1736,2011,1.0,0,0,0,0,1,1,1,1
1582,0.022579214953436174,fest.lib.id8828,2012,0.023265864921095433,0,0,0,0,1,1,1,1
1436,0.02437147484061814,fest.lib.id285,2001,0.39801347663094955,0,0,0,0,1,1,2,2
f16367,0.03946179337404758,fest.lib.id1147,2011,0.04743769596462434,0,0,0,0,0,1,0,1
f7778,0.03459600700876805,fest.lib.id1888,2016,0.9014664491525963,0,0,0,0,1,1,2,4
frnew333,0.015695527123400024,fest.lib.id1722,2011,0.10246538636036051,0,0,0,0,0,0,0,0
tffnew1635,0.02050052614817598,fest.lib.id.na.ch163,2015,0.02124090626912694,0,0,0,0,1,1,1,1
N1501391,0.021551482743340608,fest.lib.id364,2015,0.6039825158473134,0,0,0,0,1,1,1,1
idfnew1166,0.025394240903779838,fest.lib.id308,2015,0.1567988599577044,0,0,0,0,0,1,0,1
165,0.009940784625779017,fest.lib.id1888,2013,0.9014664491525963,0,0,0,0,1,1,1,1
945,0.07200095274507205,fest.lib.id33,2009,0.048734666620580576,0,0,0,0,1,1,3,5
N1401623,0.03646088691249064,fest.lib.id364,2014,0.6039825158473134,0,0,0,0,1,1,1,1
f9273,0.10651541138501935,fest.lib.id285,2016,0.39801347663094955,0,0,0,0,1,1,2,4
f16833,0.009940784625779017,fest.lib.id1888,2012,0.9014664491525963,0,0,0,0,1,1,1,1
idfnew787,0.00995575178972834,fest.lib.id874,2014,0.5062687909078113,0,0,0,0,1,1,1,1
1364,0.016972556930051036,fest.lib.id1736,2013,1.0,0,0,0,0,1,1,1,2
1306,0.018549596158613468,fest.lib.id874,2013,0.5062687909078113,0,0,0,0,1,1,1,2
263,0.042831491228989944,fest.lib.id1736,2013,1.0,0,0,0,0,1,1,1,2
tffnew1887,0.02418916431381001,fest.lib.id1736,2015,1.0,0,0,0,0,1,1,1,1
tffnew1446,0.04619910108366659,fest.lib.id1736,2014,1.0,0,0,0,0,1,1,1,3
611,0.019959244017519827,fest.lib.id2024,2012,0.03447105478829865,0,0,0,0,0,1,0,1
idfnew602,0.05998638395925098,fest.lib.id1658,2012,0.15002034797660702,0,0,0,0,0,1,0,1
f9030,0.059886253893899656,fest.lib.id285,2011,0.39801347663094955,0,0,0,0,1,1,2,3
f16702,0.05222777454582259,fest.lib.id1697,2010,0.05210166239461778,0,0,0,0,1,1,2,4
N1501050,0.015577336211046884,fest.lib.id364,2015,0.6039825158473134,0,0,0,0,1,1,1,1
tffnew2042,0.05311983314943002,fest.lib.id958,2016,0.12075010945459504,0,0,0,0,1,1,2,4
idfnew1512,0.055821556159480694,fest.lib.id874,2016,0.5062687909078113,0,0,0,0,1,1,1,1
491,0.017057250690702234,fest.lib.id1658,2005,0.15002034797660702,0,0,0,0,1,1,1,1
I1201757,0.013837774442589407,fest.lib.id909,2011,0.13015898047987368,0,0,0,0,1,1,1,1
f8325,0.07460306990048478,fest.lib.id1888,2017,0.9014664491525963,0,0,0,0,1,1,1,3
tffnew1247,0.03763759771267677,fest.lib.id1736,2014,1.0,0,0,0,0,1,1,1,1
idfnew1438,0.00995575178972834,fest.lib.id874,2016,0.5062687909078113,0,0,0,0,1,1,1,1
tffnew2420,0.04325448432547201,fest.lib.id1050,2017,0.10887639162499597,0,0,0,0,1,1,1,2
1552,0.015258090026212002,fest.lib.id364,2013,0.6039825158473134,0,0,0,0,1,1,1,1
I1600226,0.014122064012180595,fest.lib.id7160,2015,0.08755778354559723,0,0,0,0,1,1,1,1
frnew961,0.009011573481631356,fest.lib.id1074,2015,0.045751935521372585,0,0,0,0,0,0,0,0
tffnew1773,0.020739751080131215,fest.lib.id1736,2015,1.0,0,0,0,0,1,1,1,2
f16562,0.05861993538981246,fest.lib.id1888,2011,0.9014664491525963,0,0,0,0,1,1,1,2
f9239,0.009298203289242048,fest.lib.id285,2015,0.39801347663094955,0,0,0,0,1,1,1,1
955,0.060498026832707004,fest.lib.id874,2013,0.5062687909078113,0,0,0,0,1,1,1,2
frnew500,0.04138385931085248,imdbady01763,2012,0.0013538285976471575,0,0,0,0,0,0,0,0
N1601013,0.011219045524521635,fest.lib.id364,2016,0.6039825158473134,0,0,0,0,1,1,1,1
1577,0.017129198347713308,fest.lib.id285,2010,0.39801347663094955,0,0,0,0,1,1,2,2
idfnew863,0.017688921989925777,fest.lib.id388,2014,0.10657216405781064,0,0,0,0,0,1,0,1
f9047,0.019608801294702823,fest.lib.id285,2011,0.39801347663094955,0,0,0,0,1,1,1,1
I1403941,0.024972583296000266,fest.lib.id997,2014,0.06166273990342565,0,0,0,0,0,0,0,0
idfnew1700,0.04588077977033076,fest.lib.id285,2017,0.39801347663094955,0,0,0,0,1,1,2,4
64,0.025185270678464683,fest.lib.id1888,2013,0.9014664491525963,0,0,0,0,1,1,1,1
idfnew560,0.018076532967735478,fest.lib.id731,2013,0.3424863555939673,0,0,0,0,0,1,0,1
tffnew2278,0.014227980322040269,fest.lib.id1736,2016,1.0,0,0,0,0,1,1,1,1
1287,0.00995575178972834,fest.lib.id874,2013,0.5062687909078113,0,0,0,0,1,1,1,1
762,0.020574923561493444,fest.lib.id1736,2013,1.0,0,0,0,0,1,1,1,1
frnew866,0.009364095288189737,fest.lib.id1359,2015,0.03713247974486391,0,0,0,0,0,0,0,0
tffnew1517,0.03871589214902307,fest.lib.id1736,2014,1.0,0,0,0,0,1,1,1,1
f17652,0.015606847452584708,fest.lib.id1888,2015,0.9014664491525963,0,0,0,0,1,1,1,1
1495,0.04101824540645956,fest.lib.id364,2013,0.6039825158473134,0,0,0,0,1,1,1,1
I1205695,0.01245372128253284,fest.lib.id1655,2012,0.0084309848272797,0,0,0,0,0,0,0,0
f9091,0.07108116470848139,fest.lib.id285,2012,0.39801347663094955,0,0,0,0,1,1,2,3
f16922,0.03321099837935193,imdbady00468,2011,0.0021026149276645867,0,0,0,0,1,1,2,2
I1405542,0.024796108253341907,fest.lib.id7160,2013,0.08755778354559723,0,0,0,0,0,0,0,0
tffnew204,0.02729170341172313,fest.lib.id1736,2011,1.0,0,0,0,0,1,1,1,1
idfnew1793,0.012670551063415296,fest.lib.id174,2017,0.12232867487620556,0,0,0,0,1,1,1,1
1212,0.012614784959674427,fest.lib.id874,2013,0.5062687909078113,0,0,0,0,1,1,1,1
tffnew2402,0.009336977626214061,fest.lib.id1736,2017,1.0,0,0,0,0,1,1,1,1
idfnew203,0.023699826284565316,imdbady00345,2011,0.001966217551443708,0,0,0,0,1,1,1,1
idfnew1201,0.047909916555004116,fest.lib.id162,2014,0.0402412207674064,0,0,0,0,1,1,1,1
N1100126,0.024007333531373052,fest.lib.id1180,2010,0.022425458764178004,0,0,0,0,0,0,0,0
idfnew1779,0.01554826198782515,fest.lib.id436,2017,0.022565297608912495,0,0,0,0,1,1,1,1
f16868,0.015853501367496046,fest.lib.id1888,2012,0.9014664491525963,0,0,0,0,1,1,1,1
frnew70,0.010470746031531416,fest.lib.id665,2011,0.318359506181511,0,0,0,0,0,1,0,1
idfnew957,0.008692125886973238,fest.lib.id1115,2002,0.08905067793670396,0,0,0,0,0,0,0,0
idfnew1068,0.016146762260236456,fest.lib.id874,2015,0.5062687909078113,0,0,0,0,1,1,1,1
idfnew1399,0.019281410039065357,fest.lib.id285,1986,0.39801347663094955,0,0,0,0,1,1,3,3
I1500560,0.017746686607352735,fest.lib.id285,2014,0.39801347663094955,0,0,0,0,1,1,2,2
tffnew1598,0.1033284375229684,fest.lib.id1050,2015,0.10887639162499597,0,0,0,0,1,1,1,4
tffnew24,0.03294328806923135,fest.lib.id7771,2011,0.04572868021300894,0,0,0,0,1,1,1,1
frnew1060,0.016627171270755425,fest.lib.id1342,2017,0.06876843098609271,0,0,0,0,0,0,0,0
89,0.012690235968676536,fest.lib.id874,2013,0.5062687909078113,0,0,0,0,1,1,1,1
idfnew525,0.015560318292019258,fest.lib.id1776,2012,0.029239436365596817,0,0,0,0,1,1,1,1
idfnew398,0.008821652236501049,fest.lib.id365,2012,0.0812771382038422,0,0,0,0,0,0,0,0
f17584,0.06231631325894435,fest.lib.id1658,2015,0.15002034797660702,0,0,0,0,1,1,1,2
f9013,0.02273555057366689,fest.lib.id285,2011,0.39801347663094955,0,0,0,0,1,1,1,1
frnew803,0.03674168060729298,fest.lib.id1843,2014,0.01165070094018319,0,0,0,0,0,0,0,0
I1702064,0.025268091809055006,imdbady01254,2015,0.002292279694837849,0,0,0,0,0,0,0,0
1324,0.0177187077917094,fest.lib.id1888,2013,0.9014664491525963,0,0,0,0,1,1,1,1
idfnew382,0.03512932274604915,fest.lib.id1658,2012,0.15002034797660702,0,0,0,0,0,1,0,1
frnew850,0.03435813103683782,fest.lib.id1736,1995,1.0,0,0,0,0,1,1,2,2
tffnew1429,0.01939678621255958,fest.lib.id1736,2014,1.0,0,0,0,0,1,1,1,2
frnew398,0.02081444299867406,fest.lib.id1050,2011,0.10887639162499597,0,0,0,0,0,1,0,1
N1100589,0.029372558786188566,imdbady01313,2010,0.0022579198083867253,0,0,0,0,0,0,0,0
9430fnosuv,0.016468126582750535,fest.lib.id285,2016,0.39801347663094955,0,0,0,0,1,1,1,1
I1405924,0.011219045524521635,fest.lib.id364,2014,0.6039825158473134,0,0,0,0,1,1,1,1
idfnew1269,0.01970917958193169,fest.lib.id874,2015,0.5062687909078113,0,0,0,0,1,1,1,2
tffnew1562,0.08001039329485271,fest.lib.id285,2015,0.39801347663094955,0,0,0,0,1,1,2,4
f17372,0.008635311348262767,fest.lib.id763,2015,0.16911813420957966,0,0,0,0,0,0,0,0
idfnew200,0.01522693714430174,fest.lib.id33,2011,0.048734666620580576,0,0,0,0,1,1,1,1
f7868,0.02016196717051536,fest.lib.id1115,2015,0.08905067793670396,0,0,0,0,1,1,1,1
idfnew879,0.028019249053903177,fest.lib.id874,2014,0.5062687909078113,0,0,0,0,1,1,1,2
frnew701,0.039630846619214066,fest.lib.id174,2015,0.12232867487620556,0,0,0,0,0,1,0,1
f8104,0.022552138437031487,fest.lib.id1888,2017,0.9014664491525963,0,0,0,0,1,1,1,1
tffnew1583,0.014031834485464603,fest.lib.id1736,2015,1.0,0,0,0,0,1,1,1,1
N1601336,0.014538296272830502,id627,2016,0.06218359890861916,0,0,0,0,1,1,1,1
idfnew1277,0.00995575178972834,fest.lib.id874,2015,0.5062687909078113,0,0,0,0,1,1,1,1
f9066,0.0870004255522961,fest.lib.id285,2012,0.39801347663094955,0,0,0,0,1,1,2,4
1015,0.01649076884716018,fest.lib.id364,2006,0.6039825158473134,0,0,0,0,1,1,1,1
I1202687,0.023380173669524655,fest.lib.id364,2012,0.6039825158473134,0,0,0,0,1,1,1,1
f17537,0.019673208846728327,fest.lib.id1888,2015,0.9014664491525963,0,0,0,0,1,1,2,2
f7764,0.08096570869213192,fest.lib.id1888,2016,0.9014664491525963,0,0,0,0,1,1,1,3
f7800,0.009940784625779017,fest.lib.id1888,2016,0.9014664491525963,0,0,0,0,1,1,1,1
1252,0.012599817795725103,fest.lib.id1888,2013,0.9014664491525963,0,0,0,0,1,1,1,1
I1201988,0.008772185175447594,fest.lib.id7964,2012,0.05089801476608011,0,0,0,0,0,0,0,0
tffnew1441,0.024517258666850887,fest.lib.id1808,2014,0.1145501607898263,0,0,0,0,1,1,1,2
tffnew453,0.019257258659331717,fest.lib.id1013,2012,0.03395517165584926,0,0,0,0,0,0,0,0
f9029,0.056106225322540136,fest.lib.id1658,2011,0.15002034797660702,0,0,0,0,1,1,2,3
frnew931,0.041377381468544826,id401,2016,0.07211320128732311,0,0,0,0,0,1,0,1
frnew382,0.022548344793220928,fest.lib.id206,2012,0.01882695794132455,0,0,0,0,0,0,0,0
tffnew1541,0.020145516512321722,fest.lib.id1736,2015,1.0,0,0,0,0,1,1,1,1
I1501412,0.027140653501141886,fest.lib.id997,2014,0.06166273990342565,0,0,0,0,0,0,0,0
idfnew579,0.010069497199440837,fest.lib.id.na120,2013,0.04508871310438658,0,0,0,0,0,0,0,0
tffnew2059,0.01751283580188539,fest.lib.id1182,2016,0.029129658789427314,0,0,0,0,0,0,0,0
frnew185,0.009840210414721409,id238,2010,0.0408858975952493,0,0,0,0,0,0,0,0
f17551,0.009940784625779017,fest.lib.id1888,2015,0.9014664491525963,0,0,0,0,1,1,1,1
f8283,0.01574485608534637,fest.lib.id1888,2017,0.9014664491525963,0,0,0,0,1,1,1,1
tffnew355,0.06597165446119048,fest.lib.id1736,2012,1.0,0,0,0,0,1,1,1,3
frnew840,0.16091017851165249,fest.lib.id1768,2016,0.07352724707497833,0,0,0,0,0,1,0,1
f9038,0.0407957784864694,fest.lib.id285,2011,0.39801347663094955,0,0,0,0,1,1,1,2
idfnew530,0.01559260950723109,fest.lib.id1808,1934,0.1145501607898263,0,0,0,0,0,0,0,0
f17431,0.014134685457936167,fest.lib.id.na365,2015,0.053889133022886754,0,0,0,0,0,0,0,0
tffnew1940,0.016874116866567195,fest.lib.id1736,2016,1.0,0,0,0,0,1,1,1,3
I1604831,0.02505431453048162,fest.lib.id364,2016,0.6039825158473134,0,0,0,0,1,1,1,1
I1405510,0.02630596016311799,fest.lib.id364,2014,0.6039825158473134,0,0,0,0,1,1,1,1
593,0.0175291504273284,fest.lib.id1342,2012,0.06876843098609271,0,0,0,0,0,1,0,1
idfnew1750,0.035546171433481294,fest.lib.id7875,1982,0.00793518041704091,0,0,0,0,1,1,2,3
f17297,0.009940784625779017,fest.lib.id1888,2014,0.9014664491525963,0,0,0,0,1,1,1,1
f16657,0.009940784625779017,fest.lib.id1888,2011,0.9014664491525963,0,0,0,0,1,1,1,1
I1500431,0.01885802920853384,fest.lib.id909,2014,0.13015898047987368,0,0,0,0,1,1,1,1
idfnew912,0.00995575178972834,fest.lib.id874,2014,0.5062687909078113,0,0,0,0,1,1,1,1
1522,0.032492846564846536,fest.lib.id1489,2012,0.11452150555649154,0,0,0,0,1,1,1,1
frnew927,0.009777391917198137,fest.lib.id1342,2016,0.06876843098609271,0,0,0,0,0,0,0,0
1520,0.36820234651789446,fest.lib.id373,2012,0.002883092129883087,0,0,0,0,1,1,1,1
N1401378,0.01842231820489469,imdbady00862,2013,0.0020653358799946463,0,0,0,0,1,1,1,1
f9266,0.01697389281698232,fest.lib.id285,2016,0.39801347663094955,0,0,0,0,1,1,1,1
tffnew573,0.05013886738637933,fest.lib.id1736,2012,1.0,0,0,0,0,1,1,2,2
idfnew1326,0.012187816500519932,fest.lib.id.na375,2017,0.19236865604671277,0,0,0,0,0,0,0,0
idfnew810,0.01336890190614814,fest.lib.id874,2014,0.5062687909078113,0,0,0,0,1,1,1,1
f17244,0.032674540200764844,fest.lib.id1888,2014,0.9014664491525963,0,0,0,0,1,1,1,1
f17558,0.048453209087872845,fest.lib.id1888,2015,0.9014664491525963,0,0,0,0,1,1,1,2
f9358,0.026834348208355112,fest.lib.id285,2017,0.39801347663094955,0,0,0,0,1,1,1,2
frnew1078,0.018748714104533774,fest.lib.id.na88,2016,0.008020590316202343,0,0,0,0,0,0,0,0
frnew245,0.016388773111549744,fest.lib.id6064,2012,0.05436316162960417,0,0,0,0,0,0,0,0
f7995,0.05318271933827158,fest.lib.id1736,2015,1.0,0,0,0,0,1,1,2,2
frnew650,0.012230689228019053,fest.lib.id389,2013,0.10581747073825994,0,0,0,0,0,0,0,0
f9194,0.07218146310546333,fest.lib.id285,2015,0.39801347663094955,0,0,0,0,1,1,2,2
769,0.03464987198443001,fest.lib.id1664,2013,0.15064075420920695,0,0,0,0,1,1,1,2
frnew63,0.018243839188916523,fest.lib.id665,2011,0.318359506181511,0,0,0,0,0,1,0,1
f17466,0.01251642976160877,fest.lib.id1888,2015,0.9014664491525963,0,0,0,0,1,1,1,2
idfnew1061,0.01481891508875016,fest.lib.id874,2015,0.5062687909078113,0,0,0,0,1,1,1,1
156,0.09842077961944293,fest.lib.id1437,2012,0.0016667475194027178,0,0,0,0,0,1,0,1
tffnew1543,0.009336977626214061,fest.lib.id1736,2015,1.0,0,0,0,0,1,1,1,1
tffnew1244,0.020620066676235824,fest.lib.id1736,2014,1.0,0,0,0,0,1,1,1,1
f16972,0.07217344168286031,imdbady00540,2012,0.008444396584726685,0,0,0,0,1,1,1,1
frnew549,0.0263704495640762,fest.lib.id1894,2013,0.07073302680059652,0,0,0,0,0,1,0,1
tffnew2236,0.03261331308605097,fest.lib.id1808,2016,0.1145501607898263,0,0,0,0,1,1,1,1
tffnew1234,0.025355885756895635,fest.lib.id1736,2014,1.0,0,0,0,0,1,1,1,1
422,0.027102814161519783,fest.lib.id1888,2013,0.9014664491525963,0,0,0,0,1,1,1,2
f17384,0.012473246234304455,fest.lib.id1888,2015,0.9014664491525963,0,0,0,0,1,1,1,1
I1605397,0.011219045524521635,fest.lib.id364,2016,0.6039825158473134,0,0,0,0,1,1,1,1
801,0.012544824162242665,fest.lib.id1888,2013,0.9014664491525963,0,0,0,0,1,1,1,1
idfnew1497,0.01940388548085872,fest.lib.id874,2016,0.5062687909078113,0,0,0,0,1,1,1,1
f17529,0.012988447429005116,fest.lib.id1888,2015,0.9014664491525963,0,0,0,0,1,1,1,1
814,0.027207507057529678,fest.lib.id469,2013,0.019241998458219826,0,0,0,0,1,1,1,2
147,0.029526191379647532,fest.lib.id874,2013,0.5062687909078113,0,0,0,0,1,1,1,1
tffnew2396,0.07298072251291206,fest.lib.id.na.ch163,2017,0.02124090626912694,0,0,0,0,1,1,1,3
tffnew1825,0.10428729724706597,fest.lib.id1050,2015,0.10887639162499597,0,0,0,0,1,1,1,4
frnew1009,0.009860686757857168,fest.lib.id.na315,2016,0.015145544115484253,0,0,0,0,0,0,0,0
idfnew1485,0.016105448902423464,fest.lib.id997,2016,0.06166273990342565,0,0,0,0,1,1,1,1
f7913,0.025132234913970583,fest.lib.id731,2016,0.3424863555939673,0,0,0,0,1,1,1,2
tffnew1655,0.0407913419601873,fest.lib.id1296,1976,0.12314726966479073,0,0,0,0,1,1,2,2
frnew1019,0.014350207656910264,fest.lib.id665,2017,0.318359506181511,0,0,0,0,0,1,0,1
idfnew365,0.023678760752919532,id401,2012,0.07211320128732311,0,0,0,0,0,0,0,0
f8078,0.018127697487381744,fest.lib.id1888,2017,0.9014664491525963,0,0,0,0,1,1,2,2
f17187,0.06466683061184068,fest.lib.id436,2013,0.022565297608912495,0,0,0,0,1,1,1,1
f9097,0.052009423732603144,id401,2012,0.07211320128732311,0,0,0,0,1,1,1,2
idfnew1405,0.01862164861152006,id401,2016,0.07211320128732311,0,0,0,0,0,0,0,0
I1605088,0.025677998741411235,imdbady00389,2015,0.002068207277881344,0,0,0,0,1,1,1,1
1193,0.031056422443876783,fest.lib.id1808,2011,0.1145501607898263,0,0,0,0,1,1,1,1
tffnew1864,0.009336977626214061,fest.lib.id1736,2015,1.0,0,0,0,0,1,1,1,1
N1501544,0.033694607915148216,fest.lib.id364,2015,0.6039825158473134,0,0,0,0,1,1,1,2
idfnew1026,0.024400246646724303,fest.lib.id874,2015,0.5062687909078113,0,0,0,0,1,1,1,2
329,0.05328858170283002,fest.lib.id1249,2012,0.00871323056192924,0,0,0,0,1,1,1,2
443,0.009940784625779017,fest.lib.id1888,2013,0.9014664491525963,0,0,0,0,1,1,1,1
frnew755,0.008677164850302548,fest.lib.id1821,2015,0.15848479903885174,0,0,0,0,0,0,0,0
idfnew687,0.013124960156235713,fest.lib.id874,2012,0.5062687909078113,0,0,0,0,1,1,1,1
f17116,0.04019482752657242,fest.lib.id1888,2014,0.9014664491525963,0,0,0,0,1,1,1,1
f17463,0.07161414680226529,fest.lib.id1888,2015,0.9014664491525963,0,0,0,0,1,1,3,4
f7714,0.022102232127113212,fest.lib.id174,2016,0.12232867487620556,0,0,0,0,0,0,0,0
f9342,0.03208271169519445,fest.lib.id285,2017,0.39801347663094955,0,0,0,0,1,1,1,1
idfnew1550,0.01879724678561204,fest.lib.id.na240,2016,0.06203455950095228,0,0,0,0,1,1,1,2
f17088,0.08955768178902748,fest.lib.id1888,2014,0.9014664491525963,0,0,0,0,1,1,1,4
N1100640,0.022427456134770662,fest.lib.id285,2010,0.39801347663094955,0,0,0,0,1,1,1,1
I1500946,0.034232084426373016,fest.lib.id1658,2014,0.15002034797660702,0,0,0,0,1,1,1,1
I1605100,0.016940101984809764,fest.lib.id463,2015,0.0779767084966147,0,0,0,0,1,1,1,1
tffnew13,0.047144859685804986,fest.lib.id1050,2011,0.10887639162499597,0,0,0,0,1,1,1,2
N1200265,0.013938408418358791,fest.lib.id1658,2012,0.15002034797660702,0,0,0,0,1,1,1,1
tffnew1697,0.03082174287537782,fest.lib.id1736,2015,1.0,0,0,0,0,1,1,1,1
f17476,0.009940784625779017,fest.lib.id1888,2015,0.9014664491525963,0,0,0,0,1,1,1,1
f17617,0.01993563884126999,fest.lib.id1888,2015,0.9014664491525963,0,0,0,0,1,1,1,1
frnew805,0.017194003521815323,fest.lib.id1658,2015,0.15002034797660702,0,0,0,0,0,0,0,0
idfnew728,0.06511451825575885,fest.lib.id1535,2014,0.08500246471603438,0,0,0,0,1,1,1,2
frnew485,0.024506885509647452,imdbady00434,2014,0.0020077259316430567,0,0,0,0,0,1,0,1
1016,0.06342887743895989,fest.lib.id1697,2013,0.05210166239461778,0,0,0,0,1,1,1,3
tffnew1752,0.01191129273677928,fest.lib.id1736,2015,1.0,0,0,0,0,1,1,1,1
tffnew1157,0.058217709078334644,fest.lib.id1808,2014,0.1145501607898263,0,0,0,0,1,1,1,3
f8250,0.025315918496410027,fest.lib.id1888,2017,0.9014664491525963,0,0,0,0,1,1,1,1
517,0.06268301504991193,fest.lib.id285,2009,0.39801347663094955,0,0,0,0,1,1,3,5
f7807,0.03577853826585943,fest.lib.id1888,2016,0.9014664491525963,0,0,0,0,1,1,1,1
483,0.009940784625779017,fest.lib.id1888,2013,0.9014664491525963,0,0,0,0,1,1,1,1
325,0.05246366028701124,fest.lib.id1658,2013,0.15002034797660702,0,0,0,0,1,1,1,2
tffnew2357,0.028075142459381957,fest.lib.id1736,2017,1.0,0,0,0,0,1,1,1,1
tffnew82,0.05491821304332392,fest.lib.id174,2011,0.12232867487620556,0,0,0,0,1,1,1,2
f7742,0.03986340513065485,fest.lib.id1888,2016,0.9014664491525963,0,0,0,0,1,1,2,2
idfnew736,0.028936289007551148,fest.lib.id388,2014,0.10657216405781064,0,0,0,0,0,1,0,1
idfnew943,0.008909686408349713,fest.lib.id388,2014,0.10657216405781064,0,0,0,0,0,0,0,0
N1600017,0.014459030975282538,fest.lib.id364,2016,0.6039825158473134,0,0,0,0,1,1,1,1
tffnew1340,0.020470905878269552,fest.lib.id1736,2014,1.0,0,0,0,0,1,1,1,1
N1700647,0.017801592058402847,fest.lib.id1050,2016,0.10887639162499597,0,0,0,0,1,1,1,1
f8277,0.06910560880465373,fest.lib.id909,2017,0.13015898047987368,0,0,0,0,1,1,1,1
1406,0.013448535984596102,fest.lib.id.na236,2012,0.016167791167439913,0,0,0,0,1,1,1,1
tffnew1950,0.028020657923996675,fest.lib.id1736,2016,1.0,0,0,0,0,1,1,1,3
tffnew51,0.009336977626214061,fest.lib.id1736,2011,1.0,0,0,0,0,1,1,1,1
idfnew757,0.01829168732264347,fest.lib.id874,2014,0.5062687909078113,0,0,0,0,1,1,1,1
f8353,0.014815691147937035,fest.lib.id1888,2017,0.9014664491525963,0,0,0,0,1,1,1,1
f16841,0.02515695105370458,fest.lib.id1888,2012,0.9014664491525963,0,0,0,0,1,1,1,1
f17117,0.018398748247912676,fest.lib.id1888,2014,0.9014664491525963,0,0,0,0,1,1,1,1
599,0.041414059746230934,fest.lib.id285,2013,0.39801347663094955,0,0,0,0,1,1,1,1
1621,0.03227195606979484,fest.lib.id1050,2011,0.10887639162499597,0,0,0,0,1,1,1,1
I1401634,0.011219045524521635,fest.lib.id364,2014,0.6039825158473134,0,0,0,0,1,1,1,1
f8188,0.009380177784383067,fest.lib.id.na425,2013,0.014170898323568427,0,0,0,0,0,0,0,0
9367fnosuv,0.01912811497390723,fest.lib.id285,1983,0.39801347663094955,0,0,0,0,1,1,2,2
f9272,0.12151411692429312,fest.lib.id285,2016,0.39801347663094955,0,0,0,0,1,1,2,3
idfnew1636,0.029372433502073962,fest.lib.id.ch1786,2017,0.19707774754205087,0,0,0,0,1,1,1,2
N1601229,0.011219045524521635,fest.lib.id364,2016,0.6039825158473134,0,0,0,0,1,1,1,1
frnew452,0.10051322640036935,fest.lib.id1658,2014,0.15002034797660702,0,0,0,0,0,1,0,3
idfnew257,0.02380798419374739,fest.lib.id1658,2005,0.15002034797660702,0,0,0,0,0,0,0,0
1419,0.009940784625779017,fest.lib.id1888,2013,0.9014664491525963,0,0,0,0,1,1,1,1
1260,0.012647793353188753,fest.lib.id731,2013,0.3424863555939673,0,0,0,0,1,1,1,2
f17195,0.09097611308090162,fest.lib.id1888,2014,0.9014664491525963,0,0,0,0,1,1,1,2
514,0.021100632775275855,fest.lib.id1736,2013,1.0,0,0,0,0,1,1,1,2
426,0.012422603643887531,fest.lib.id874,2013,0.5062687909078113,0,0,0,0,1,1,1,1
1539,0.025343876039245237,fest.lib.id1221,2011,0.002790480838960501,0,0,0,0,1,1,1,1
966,0.021398697555378692,fest.lib.id.na191,2012,0.04577591160462887,0,0,0,0,0,1,0,1
I1602752,0.03363627470222342,fest.lib.id162,2015,0.0402412207674064,0,0,0,0,1,1,1,1
idfnew1023,0.013395995562230645,fest.lib.id461,2015,0.008425186084074991,0,0,0,0,1,1,1,1
frnew983,0.049380978429776685,fest.lib.id1768,2016,0.07352724707497833,0,0,0,0,0,1,0,2
752,0.00995575178972834,fest.lib.id874,2013,0.5062687909078113,0,0,0,0,1,1,1,1
f17457,0.012372204886463204,fest.lib.id895,2014,0.03059247055336556,0,0,0,0,1,1,1,1
idfnew1108,0.03532981630525889,fest.lib.id1808,2015,0.1145501607898263,0,0,0,0,1,1,1,2
idfnew138,0.026449721205240705,fest.lib.id874,2011,0.5062687909078113,0,0,0,0,1,1,1,1
f9113,0.04202054903183594,fest.lib.id285,2012,0.39801347663094955,0,0,0,0,1,1,1,1
tffnew2692,0.10006501123891849,fest.lib.id1736,2017,1.0,0,0,0,0,1,1,2,3
N1401475,0.015577336211046884,fest.lib.id364,2014,0.6039825158473134,0,0,0,0,1,1,1,1
tffnew2625,0.009336977626214061,fest.lib.id1736,2017,1.0,0,0,0,0,1,1,1,1
658,0.01181211835317956,fest.lib.id1736,2013,1.0,0,0,0,0,1,1,1,1
f9011,0.05556205093131124,fest.lib.id285,2011,0.39801347663094955,0,0,0,0,1,1,2,3
tffnew301,0.02501670598474865,fest.lib.id1736,2011,1.0,0,0,0,0,1,1,1,2
tffnew259,0.037928073032554195,fest.lib.id285,2011,0.39801347663094955,0,0,0,0,1,1,2,3
f7972,0.017246922081411854,fest.lib.id1832,2016,0.10684151432045275,0,0,0,0,0,1,0,1
1210,0.014653524744053095,fest.lib.id1736,2013,1.0,0,0,0,0,1,1,1,1
1289,0.0344141648045009,fest.lib.id1668,2012,0.061815450712753774,0,0,0,0,1,1,1,2
f16953,0.03729398583496413,fest.lib.id1658,2012,0.15002034797660702,0,0,0,0,1,1,1,2
f16941,0.019501856906227768,fest.lib.id1736,2011,1.0,0,0,0,0,1,1,2,2
tffnew2003,0.022678126253152034,fest.lib.id1050,2016,0.10887639162499597,0,0,0,0,1,1,1,2
tffnew423,0.051631349288498954,fest.lib.id1736,2012,1.0,0,0,0,0,1,1,1,2
idfnew98,0.015445289811429085,fest.lib.id874,2011,0.5062687909078113,0,0,0,0,1,1,1,1
tffnew1162,0.06945382777753613,fest.lib.id285,2014,0.39801347663094955,0,0,0,0,1,1,2,3
frnew519,0.008981145410029033,fest.lib.id1768,2013,0.07352724707497833,0,0,0,0,0,0,0,0
tffnew120,0.02378718001335224,fest.lib.id1736,2011,1.0,0,0,0,0,1,1,1,1
tffnew217,0.02471767537705122,fest.lib.id1658,2011,0.15002034797660702,0,0,0,0,1,1,1,1
idfnew1658,0.05809626047420903,fest.lib.id388,2017,0.10657216405781064,0,0,0,0,1,1,1,2
frnew706,0.033175963660564266,id401,2015,0.07211320128732311,0,0,0,0,0,1,0,1
idfnew562,0.03066601975201095,fest.lib.id.na240,2012,0.06203455950095228,0,0,0,0,0,0,0,0
f16463,0.011828006808523566,fest.lib.id1722,2012,0.10246538636036051,0,0,0,0,0,0,0,0
tffnew2284,0.03110915469235362,fest.lib.id1736,2016,1.0,0,0,0,0,1,1,2,3
463,0.03019537371127189,fest.lib.id7160,2012,0.08755778354559723,0,0,0,0,0,1,0,2
f16521,0.021090938845601887,fest.lib.id1888,2011,0.9014664491525963,0,0,0,0,1,1,1,2
tffnew1449,0.026864325451740598,fest.lib.id1736,2014,1.0,0,0,0,0,1,1,1,1
tffnew294,0.011791209552673617,fest.lib.id1736,2011,1.0,0,0,0,0,1,1,1,1
tffnew1203,0.0630305628925787,fest.lib.id1808,2014,0.1145501607898263,0,0,0,0,1,1,1,3
1462,0.012252661387969734,fest.lib.id1736,2013,1.0,0,0,0,0,1,1,1,1
f9111,0.009298203289242048,fest.lib.id285,2012,0.39801347663094955,0,0,0,0,1,1,1,1
idfnew426,0.008981145410029033,fest.lib.id1768,2012,0.07352724707497833,0,0,0,0,0,0,0,0
tffnew2654,0.09116201334410616,fest.lib.id285,2017,0.39801347663094955,0,0,0,0,1,1,2,4
tffnew2255,0.04633911459805867,fest.lib.id1736,2016,1.0,0,0,0,0,1,1,1,3
1620,0.02125492332101919,fest.lib.id1050,2011,0.10887639162499597,0,0,0,0,1,1,1,1
9247fnosuv,0.02696452916836367,fest.lib.id264,2014,0.00732888400495578,0,0,0,0,1,1,1,2
idfnew67,0.023368155996435474,fest.lib.id.na240,2011,0.06203455950095228,0,0,0,0,1,1,1,1
f17503,0.0200357889547728,fest.lib.id1888,2015,0.9014664491525963,0,0,0,0,1,1,1,1
idfnew474,0.01683398741684249,fest.lib.id909,2012,0.13015898047987368,0,0,0,0,0,0,0,0
tffnew209,0.009336977626214061,fest.lib.id1736,2011,1.0,0,0,0,0,1,1,1,1
f7783,0.04675286214318821,fest.lib.id1296,2015,0.12314726966479073,0,0,0,0,1,1,2,3
frnew443,0.010470746031531416,fest.lib.id665,2011,0.318359506181511,0,0,0,0,0,1,0,1
f8172,0.009940784625779017,fest.lib.id1888,2017,0.9014664491525963,0,0,0,0,1,1,1,1
614,0.025151096408836157,fest.lib.id39,2012,0.09626611562864955,0,0,0,0,1,1,1,1
N1500386,0.030556420106464498,fest.lib.id1658,2014,0.15002034797660702,0,0,0,0,1,1,1,1
frnew286,0.00998231136511618,fest.lib.id.na191,2013,0.04577591160462887,0,0,0,0,0,0,0,0
723,0.021410330043917944,fest.lib.id874,2013,0.5062687909078113,0,0,0,0,1,1,1,1
idfnew36,0.00995575178972834,fest.lib.id874,2011,0.5062687909078113,0,0,0,0,1,1,1,1
tffnew1578,0.018438895569268074,fest.lib.id974,2015,0.16229812321214043,0,0,0,0,1,1,1,1
1007,0.03697956167558594,fest.lib.id1736,2013,1.0,0,0,0,0,1,1,2,2
f17002,0.06208601594611977,fest.lib.id1888,2012,0.9014664491525963,0,0,0,0,1,1,1,2
idfnew1330,0.08482384548345306,fest.lib.id1658,2016,0.15002034797660702,0,0,0,0,1,1,1,2
216,0.018276237770249452,fest.lib.id665,2013,0.318359506181511,0,0,0,0,0,1,0,1
f7921,0.012473246234304455,fest.lib.id1888,2016,0.9014664491525963,0,0,0,0,1,1,1,1
f8236,0.026556175868204766,id627,2017,0.06218359890861916,0,0,0,0,1,1,2,2
I1104853,0.008673905811025418,fest.lib.id308,2011,0.1567988599577044,0,0,0,0,0,0,0,0
tffnew1416,0.012302877098736455,fest.lib.id1736,2014,1.0,0,0,0,0,1,1,1,1
f17009,0.029041840283262923,fest.lib.id1888,2012,0.9014664491525963,0,0,0,0,1,1,1,1
N1501322,0.011219045524521635,fest.lib.id364,2015,0.6039825158473134,0,0,0,0,1,1,1,1
idfnew357,0.027258405407816735,fest.lib.id1074,2012,0.045751935521372585,0,0,0,0,0,0,0,0
tffnew1344,0.014035658662589448,fest.lib.id1889,2014,0.016204492012890873,0,0,0,0,1,1,1,1
I1205140,0.037740648403475886,fest.lib.id649,2011,0.013319990907987458,0,0,0,0,1,1,1,1
idfnew1449,0.013124960156235713,fest.lib.id874,2016,0.5062687909078113,0,0,0,0,1,1,1,1
frnew992,0.01726388154282703,fest.lib.id1074,2017,0.045751935521372585,0,0,0,0,0,1,0,1
idfnew18,0.0254032685588124,fest.lib.id388,2011,0.10657216405781064,0,0,0,0,1,1,1,1
f16998,0.019338023600571252,fest.lib.id1888,2012,0.9014664491525963,0,0,0,0,1,1,1,2
tffnew2110,0.016737873018085558,fest.lib.id4680,2016,0.1366072752245275,0,0,0,0,1,1,1,1
frnew228,0.1423886888231953,fest.lib.id1618,2011,0.023481760681616358,0,0,0,0,0,1,0,4
tffnew133,0.019972212533164883,fest.lib.id1736,2011,1.0,0,0,0,0,1,1,1,1
idfnew774,0.008614475850260806,fest.lib.id974,2002,0.16229812321214043,0,0,0,0,0,0,0,0
tffnew2002,0.0337757249494053,fest.lib.id1808,2016,0.1145501607898263,0,0,0,0,1,1,1,2
1216,0.014639465662154405,fest.lib.id1888,2013,0.9014664491525963,0,0,0,0,1,1,1,1
tffnew1514,0.017839235841245495,fest.lib.id1736,2014,1.0,0,0,0,0,1,1,1,1
9077fnosuv,0.012617454037550916,fest.lib.id285,2011,0.39801347663094955,0,0,0,0,1,1,1,1
tffnew2513,0.01737372364906629,fest.lib.id1736,2017,1.0,0,0,0,0,1,1,1,1
281,0.020743401204163958,fest.lib.id874,2013,0.5062687909078113,0,0,0,0,1,1,1,1
9510fnosuv,0.021141518574437718,fest.lib.id318,2016,0.007030406926369627,0,0,0,0,1,1,1,1
55,0.046507411089121625,fest.lib.id.na343,2012,0.0066001962988992986,0,0,0,0,1,1,2,3
frnew694,0.010470746031531416,fest.lib.id665,2015,0.318359506181511,0,0,0,0,0,1,0,1
frnew747,0.02553796690985298,fest.lib.id1658,2015,0.15002034797660702,0,0,0,0,0,0,0,0
tffnew1221,0.12128769831506035,fest.lib.id285,2014,0.39801347663094955,0,0,0,0,1,1,2,4
frnew106,0.018829560542438575,fest.lib.id665,2011,0.318359506181511,0,0,0,0,0,1,0,1
frnew1094,0.010470746031531416,fest.lib.id665,2017,0.318359506181511,0,0,0,0,0,1,0,1
frnew95,0.00984009835541201,fest.lib.id1167,2012,0.14309594420744598,0,0,0,0,0,0,0,0
615,0.015860000532530574,fest.lib.id.na240,2013,0.06203455950095228,0,0,0,0,1,1,1,1
f16857,0.009940784625779017,fest.lib.id1888,2012,0.9014664491525963,0,0,0,0,1,1,1,1
f17422,0.07130762655640317,fest.lib.id1888,2015,0.9014664491525963,0,0,0,0,1,1,1,3
1014,0.03025923927730346,fest.lib.id1736,2013,1.0,0,0,0,0,1,1,2,3
f17484,0.03631014089698685,fest.lib.id1888,2015,0.9014664491525963,0,0,0,0,1,1,1,2
tffnew2491,0.009336977626214061,fest.lib.id1736,2017,1.0,0,0,0,0,1,1,1,1
tffnew1182,0.02911916974358817,fest.lib.id1074,2014,0.045751935521372585,0,0,0,0,1,1,1,1
frnew1082,0.0139739231053176,fest.lib.id178,2015,0.0043068734474047245,0,0,0,0,0,0,0,0
f17368,0.07722644648703735,fest.lib.id1888,2015,0.9014664491525963,0,0,0,0,1,1,2,2
idfnew263,0.00995575178972834,fest.lib.id874,2011,0.5062687909078113,0,0,0,0,1,1,1,1
1351,0.009940784625779017,fest.lib.id1888,2013,0.9014664491525963,0,0,0,0,1,1,1,1
f8013,0.009940784625779017,fest.lib.id1888,2016,0.9014664491525963,0,0,0,0,1,1,1,1
f9178,0.046724694561697165,fest.lib.id285,2014,0.39801347663094955,0,0,0,0,1,1,1,1
f16864,0.02716785862936111,fest.lib.id1888,2012,0.9014664491525963,0,0,0,0,1,1,1,1
f16978,0.03425500699571162,fest.lib.id1888,2012,0.9014664491525963,0,0,0,0,1,1,1,2
N1401520,0.02346107346623321,fest.lib.id3184,2014,0.023402548030820258,0,0,0,0,0,0,0,0
tffnew65,0.10429347421380224,fest.lib.id1736,2011,1.0,0,0,0,0,1,1,1,2
f9219,0.04285242608309693,fest.lib.id285,2015,0.39801347663094955,0,0,0,0,1,1,1,3
idfnew694,0.039644961713387224,fest.lib.id1736,2005,1.0,0,0,0,0,1,1,1,1
frnew400,0.010470746031531416,fest.lib.id665,2012,0.318359506181511,0,0,0,0,0,1,0,1
idfnew1432,0.10269115048771867,fest.lib.id1658,2016,0.15002034797660702,0,0,0,0,1,1,1,3
tffnew1349,0.017747667977435953,fest.lib.id1736,2014,1.0,0,0,0,0,1,1,1,1
frnew540,0.00984009835541201,fest.lib.id1167,2014,0.14309594420744598,0,0,0,0,0,0,0,0
f7984,0.010269163945641334,id097,2015,0.020373317099565996,0,0,0,0,0,0,0,0
idfnew3,0.008873755694908206,fest.lib.id.survey.na516,2011,0.016003343031194682,0,0,0,0,0,0,0,0
frnew793,0.03312993925052949,fest.lib.id1808,2014,0.1145501607898263,0,0,0,0,0,1,0,1
f16532,0.1521533641725523,imdbady00540,2011,0.008444396584726685,0,0,0,0,1,1,2,2
16,0.21256936943981453,fest.lib.id1888,2013,0.9014664491525963,0,0,0,0,1,1,1,2
tffnew1420,0.033007476749695064,fest.lib.id1736,2014,1.0,0,0,0,0,1,1,1,1
I1104881,0.011219045524521635,fest.lib.id364,2011,0.6039825158473134,0,0,0,0,1,1,1,1
I1704704,0.014383640582918158,fest.lib.id1587,2017,0.03131125874066732,0,0,0,0,0,0,0,0
tffnew2081,0.009336977626214061,fest.lib.id1736,2016,1.0,0,0,0,0,1,1,1,1
tffnew2508,0.07865618864226041,fest.lib.id285,2017,0.39801347663094955,0,0,0,0,1,1,2,3
tffnew1251,0.04537103098642212,fest.lib.id1832,2014,0.10684151432045275,0,0,0,0,0,1,0,1
tffnew410,0.04387985593135236,fest.lib.id1736,2012,1.0,0,0,0,0,1,1,1,1
idfnew1895,0.01590457723472675,fest.lib.id1836,2017,0.03307221669352303,0,0,0,0,0,0,0,0
idfnew708,0.020765060394949537,fest.lib.id874,2014,0.5062687909078113,0,0,0,0,1,1,1,1
9248fnosuv,0.017212482059749255,fest.lib.id285,2014,0.39801347663094955,0,0,0,0,1,1,1,1
tffnew1428,0.01714196556256241,fest.lib.id1736,2014,1.0,0,0,0,0,1,1,1,1
1103,0.016003255826527417,fest.lib.id1768,2013,0.07352724707497833,0,0,0,0,1,1,1,1
1568,0.011219045524521635,fest.lib.id364,2013,0.6039825158473134,0,0,0,0,1,1,1,1
1719,0.013878078694467721,fest.lib.id463,2009,0.0779767084966147,0,0,0,0,1,1,1,1
frnew812,0.01395110770851627,fest.lib.id997,2015,0.06166273990342565,0,0,0,0,0,1,0,1
f9063,0.018972899696504474,fest.lib.id285,2011,0.39801347663094955,0,0,0,0,1,1,1,1
N1201413,0.015298854838442422,fest.lib.id364,2012,0.6039825158473134,0,0,0,0,1,1,1,1
9296fnosuv,0.039120378112035246,fest.lib.id285,2015,0.39801347663094955,0,0,0,0,1,1,2,3
tffnew231,0.03857215631454242,fest.lib.id.survey.na312,2011,0.03609695369611469,0,0,0,0,1,1,1,3
tffnew2257,0.047453950862085516,fest.lib.id1736,2016,1.0,0,0,0,0,1,1,1,3
938,0.1040411761160438,fest.lib.id.survey.na00017,2003,0.0011416249955147001,0,0,0,0,1,1,3,3
tffnew333,0.01620129826207736,fest.lib.id1887,2011,0.11341129673140814,0,0,0,0,0,1,0,1
idfnew1283,0.018616915565460197,fest.lib.id874,2015,0.5062687909078113,0,0,0,0,1,1,1,1
f17450,0.029188767230479837,fest.lib.id1888,2015,0.9014664491525963,0,0,0,0,1,1,1,2
frnew581,0.12896467863534372,id201,2014,0.014079317259357451,0,0,0,0,0,1,0,1
f9383,0.03711039415734526,fest.lib.id285,2017,0.39801347663094955,0,0,0,0,1,1,1,1
I1100956,0.02246825717245465,fest.lib.id285,2010,0.39801347663094955,0,0,0,0,1,1,1,1
tffnew2014,0.04655674557140414,fest.lib.id1658,2016,0.15002034797660702,0,0,0,0,1,1,1,2
idfnew1097,0.06003354990133677,fest.lib.id1827,2015,0.013212879199878848,0,0,0,0,1,1,1,2
f16698,0.056643781122769604,fest.lib.id1658,2011,0.15002034797660702,0,0,0,0,1,1,1,3
f7721,0.039923511049988286,fest.lib.id1888,2016,0.9014664491525963,0,0,0,0,1,1,1,1
f9230,0.04177669369301058,fest.lib.id285,2015,0.39801347663094955,0,0,0,0,1,1,2,2
I1406083,0.020101198724327456,fest.lib.id.ch1786,2013,0.19707774754205087,0,0,0,0,1,1,1,2
9351fnosuv,0.009298203289242048,fest.lib.id285,2016,0.39801347663094955,0,0,0,0,1,1,1,1
f9251,0.009298203289242048,fest.lib.id285,2015,0.39801347663094955,0,0,0,0,1,1,1,1
679,0.01980963159141845,fest.lib.id1888,2013,0.9014664491525963,0,0,0,0,1,1,1,1
41,0.032828265817626705,fest.lib.id1888,2013,0.9014664491525963,0,0,0,0,1,1,1,1
N1501198,0.014200102191316535,fest.lib.id364,2015,0.6039825158473134,0,0,0,0,1,1,1,1
frnew57,0.010470746031531416,fest.lib.id665,2011,0.318359506181511,0,0,0,0,0,1,0,1
f17456,0.017630519475917275,fest.lib.id.na419,2015,0.0044923188813395,0,0,0,0,1,1,1,1
f7842,0.015036258166337938,fest.lib.id751,2015,0.06591674348473482,0,0,0,0,1,1,1,1
frnew250,0.014601929123185729,fest.lib.id665,2012,0.318359506181511,0,0,0,0,0,1,0,1
tffnew1,0.013174912512255747,fest.lib.id1736,2011,1.0,0,0,0,0,1,1,2,2
f17676,0.009940784625779017,fest.lib.id1888,2015,0.9014664491525963,0,0,0,0,1,1,1,1
1494,0.018192440945517696,fest.lib.id285,2012,0.39801347663094955,0,0,0,0,1,1,2,2
frnew926,0.014207994647206098,fest.lib.id665,2016,0.318359506181511,0,0,0,0,0,1,0,1
780,0.016010559945780097,fest.lib.id364,2013,0.6039825158473134,0,0,0,0,1,1,1,1
f8225,0.018246367558735356,fest.lib.id1888,2017,0.9014664491525963,0,0,0,0,1,1,1,1
1470,0.05225878371787839,fest.lib.id1411,2013,0.026525914688567735,0,0,0,0,1,1,1,1
tffnew1357,0.008809858467147066,fest.lib.id731,2015,0.3424863555939673,0,0,0,0,0,1,0,1
tffnew1572,0.02732322346807373,fest.lib.id1736,2015,1.0,0,0,0,0,1,1,1,3
tffnew364,0.12001411426297626,fest.lib.id1736,2012,1.0,0,0,0,0,1,1,1,4
1224,0.04304574556208951,fest.lib.id1050,2012,0.10887639162499597,0,0,0,0,1,1,1,2
idfnew1175,0.0128473483786166,fest.lib.id874,2015,0.5062687909078113,0,0,0,0,1,1,1,1
tffnew2463,0.032338758756908614,fest.lib.id1736,2017,1.0,0,0,0,0,1,1,1,2
tffnew166,0.07237560887808558,fest.lib.id1736,2011,1.0,0,0,0,0,1,1,1,2
tffnew2435,0.016867281489363378,fest.lib.id1697,2017,0.05210166239461778,0,0,0,0,1,1,1,1
f8322,0.012637718100521627,fest.lib.id1888,2017,0.9014664491525963,0,0,0,0,1,1,1,1
f7821,0.03144769345307678,fest.lib.id1888,2016,0.9014664491525963,0,0,0,0,1,1,1,1
f9118,0.009298203289242048,fest.lib.id285,2012,0.39801347663094955,0,0,0,0,1,1,1,1
tffnew2613,0.02728675026758018,fest.lib.id1736,2017,1.0,0,0,0,0,1,1,1,2
tffnew2461,0.12765732968610635,fest.lib.id285,2017,0.39801347663094955,0,0,0,0,1,1,2,4
tffnew2272,0.016915805187048355,fest.lib.id1736,2016,1.0,0,0,0,0,1,1,1,1
idfnew144,0.00995575178972834,fest.lib.id874,2011,0.5062687909078113,0,0,0,0,1,1,1,1
f9120,0.020786469044684192,fest.lib.id285,2012,0.39801347663094955,0,0,0,0,1,1,1,1
frnew77,0.009840210414721409,id238,2011,0.0408858975952493,0,0,0,0,0,0,0,0
911,0.009940784625779017,fest.lib.id1888,2013,0.9014664491525963,0,0,0,0,1,1,1,1
idfnew1435,0.009068127641703923,fest.lib.id.na240,2016,0.06203455950095228,0,0,0,0,0,0,0,0
tffnew2233,0.01938061710062539,fest.lib.id285,2016,0.39801347663094955,0,0,0,0,1,1,2,2
1198,0.032209595246763166,fest.lib.id1888,2013,0.9014664491525963,0,0,0,0,1,1,1,2
622,0.028521333704685178,fest.lib.id285,2011,0.39801347663094955,0,0,0,0,1,1,2,2
f16533,0.02664251720461317,fest.lib.id1888,2011,0.9014664491525963,0,0,0,0,1,1,1,1
f17385,0.01723832853274668,fest.lib.id1736,2013,1.0,0,0,0,0,1,1,2,2
tffnew1125,0.03575727194521176,fest.lib.id364,2015,0.6039825158473134,0,0,0,0,1,1,1,1
tffnew2135,0.020210429931035123,fest.lib.id1894,2016,0.07073302680059652,0,0,0,0,1,1,1,2
frnew152,0.014145288208992222,fest.lib.id665,2011,0.318359506181511,0,0,0,0,0,1,0,1
660,0.027637092086487142,fest.lib.id1888,2013,0.9014664491525963,0,0,0,0,1,1,1,2
f8213,0.08843674757710236,fest.lib.id1658,2017,0.15002034797660702,0,0,0,0,1,1,1,3
f7902,0.04559417704004168,fest.lib.id1658,2016,0.15002034797660702,0,0,0,0,1,1,1,1
tffnew2629,0.019381891176847563,fest.lib.id1736,2017,1.0,0,0,0,0,1,1,1,1
f7772,0.030767724257499303,fest.lib.id1888,2016,0.9014664491525963,0,0,0,0,1,1,1,2
I1103309,0.02964118001698808,fest.lib.id.na120,2010,0.04508871310438658,0,0,0,0,0,0,0,0
tffnew470,0.03259242483980875,fest.lib.id1808,2012,0.1145501607898263,0,0,0,0,1,1,1,1
frnew669,0.010470746031531416,fest.lib.id665,2015,0.318359506181511,0,0,0,0,0,1,0,1
tffnew2679,0.008622272114326682,fest.lib.id1494,2016,0.14895479943977585,0,0,0,0,0,0,0,0
tffnew2015,0.014792344614009216,fest.lib.id1050,2016,0.10887639162499597,0,0,0,0,1,1,1,1
I1603802,0.014459030975282538,fest.lib.id364,2016,0.6039825158473134,0,0,0,0,1,1,1,1
frnew991,0.030768706748134315,fest.lib.id1808,2016,0.1145501607898263,0,0,0,0,0,0,0,0
f8181,0.016472330399361974,fest.lib.id1888,2017,0.9014664491525963,0,0,0,0,1,1,1,1
tffnew2091,0.01702104784175106,fest.lib.id1736,2016,1.0,0,0,0,0,1,1,1,1
tffnew455,0.01690119208027507,fest.lib.id1736,2012,1.0,0,0,0,0,1,1,1,2
9553fnosuv,0.025114645912191036,fest.lib.id326,2004,0.025856979574646992,0,0,0,0,1,1,1,2
tffnew2049,0.00849545467816986,fest.lib.id1818,2016,0.08098663544424346,0,0,0,0,0,0,0,0
49,0.017488907626094518,fest.lib.id1618,2013,0.023481760681616358,0,0,0,0,1,1,1,1
I1702104,0.020050863286767966,fest.lib.id285,2016,0.39801347663094955,0,0,0,0,1,1,1,1
f16436,0.01174714888060805,fest.lib.id1832,2011,0.10684151432045275,0,0,0,0,0,0,0,0
frnew918,0.022120907312892218,fest.lib.id1074,2016,0.045751935521372585,0,0,0,0,0,0,0,0
tffnew2117,0.048845646213221156,fest.lib.id1736,2016,1.0,0,0,0,0,1,1,1,2
1020,0.01763076538333136,fest.lib.id1888,2013,0.9014664491525963,0,0,0,0,1,1,1,1
idfnew1376,0.03805904044623341,imdbady00021,2016,0.0036945256186628737,0,0,0,0,1,1,1,1
tffnew1736,0.022771999111288313,fest.lib.id763,2015,0.16911813420957966,0,0,0,0,1,1,1,2
tffnew2651,0.02044942177822035,fest.lib.id1736,2017,1.0,0,0,0,0,1,1,1,3
f16691,0.01310999299228639,fest.lib.id1888,2011,0.9014664491525963,0,0,0,0,1,1,1,1
1505,0.011219045524521635,fest.lib.id364,2013,0.6039825158473134,0,0,0,0,1,1,1,1
frnew472,0.02218943270486628,fest.lib.id665,2014,0.318359506181511,0,0,0,0,0,1,0,1
f8192,0.19663910291066813,fest.lib.id1888,2017,0.9014664491525963,0,0,0,0,1,1,1,1
idfnew1515,0.009443467247947058,fest.lib.id.na207,2006,0.017811275232205062,0,0,0,0,0,0,0,0
f8186,0.026832334450716158,fest.lib.id1888,2017,0.9014664491525963,0,0,0,0,1,1,1,1
f16923,0.012559513543846792,fest.lib.id1888,2012,0.9014664491525963,0,0,0,0,1,1,1,1
1390,0.017719674763719186,fest.lib.id7571,2012,0.008930907721097961,0,0,0,0,0,1,0,1
1323,0.012879755466614656,fest.lib.id1888,2013,0.9014664491525963,0,0,0,0,1,1,1,1
430,0.012511840697067105,fest.lib.id308,1982,0.1567988599577044,0,0,0,0,1,1,1,1
9457fnosuv,0.01151360525805545,fest.lib.id1364,2003,0.020912179746952062,0,0,0,0,0,0,0,0
tffnew1944,0.011729641778804792,fest.lib.id1736,2016,1.0,0,0,0,0,1,1,1,1
tffnew2627,0.018551130525578288,fest.lib.id1736,2017,1.0,0,0,0,0,1,1,2,3
idfnew480,0.03727498700621624,fest.lib.id1118,2012,0.012882490252282741,0,0,0,0,1,1,1,1
f17362,0.015087678282700483,fest.lib.id1888,2014,0.9014664491525963,0,0,0,0,1,1,1,1
725,0.009298203289242048,fest.lib.id285,2013,0.39801347663094955,0,0,0,0,1,1,1,1
f16776,0.015256249949812355,fest.lib.id1888,2012,0.9014664491525963,0,0,0,0,1,1,1,1
9566fnosuv,0.011869259360530135,fest.lib.id285,1969,0.39801347663094955,0,0,0,0,1,1,1,1
tffnew2071,0.027493882748448963,fest.lib.id1050,2016,0.10887639162499597,0,0,0,0,1,1,1,1
776,0.01875994338433651,fest.lib.id342,2013,0.030199973620409305,0,0,0,0,1,1,1,1
frnew831,0.03167677048711324,fest.lib.id1148,2015,0.021450340112936533,0,0,0,0,0,1,0,1
tffnew2181,0.06645895334794932,fest.lib.id1736,2016,1.0,0,0,0,0,1,1,1,3
877,0.013720576634586215,fest.lib.id.survey.na101,2009,0.021677342244600706,0,0,0,0,1,1,1,1
idfnew1863,0.019354825798086825,fest.lib.id874,2017,0.5062687909078113,0,0,0,0,1,1,1,1
idfnew95,0.04314278383509959,fest.lib.id1658,2011,0.15002034797660702,0,0,0,0,1,1,1,1
f17030,0.009940784625779017,fest.lib.id1888,2012,0.9014664491525963,0,0,0,0,1,1,1,1
frnew371,0.008809858467147066,fest.lib.id731,2012,0.3424863555939673,0,0,0,0,0,1,0,1
tffnew1516,0.026983436033442734,fest.lib.id.na90,2014,0.015772236282366865,0,0,0,0,1,1,1,2
f9248,0.0248965826618142,fest.lib.id285,2015,0.39801347663094955,0,0,0,0,1,1,2,2
idfnew436,0.00995575178972834,fest.lib.id874,2012,0.5062687909078113,0,0,0,0,1,1,1,1
9426fnosuv,0.022480862414811596,fest.lib.id285,2016,0.39801347663094955,0,0,0,0,1,1,2,2
57,0.031706116484305824,fest.lib.id1888,2013,0.9014664491525963,0,0,0,0,1,1,2,3
942,0.042938700503337604,fest.lib.id1658,2013,0.15002034797660702,0,0,0,0,1,1,1,2
214,0.027283312629166556,fest.lib.id665,2013,0.318359506181511,0,0,0,0,0,1,0,1
idfnew387,0.008809858467147066,fest.lib.id731,2013,0.3424863555939673,0,0,0,0,0,1,0,1
9165fnosuv,0.012764013028628843,fest.lib.id285,2012,0.39801347663094955,0,0,0,0,1,1,1,1
idfnew1155,0.04704213194689959,imdbady00799,1972,0.001283258851037558,0,0,0,0,0,0,0,0
f9196,0.0933505010093083,fest.lib.id285,2015,0.39801347663094955,0,0,0,0,1,1,2,4
idfnew1042,0.017274657174677882,fest.lib.id.survey.na360,2015,0.003197056737796829,0,0,0,0,0,0,0,0
frnew1085,0.050457964218501294,fest.lib.id1768,2017,0.07352724707497833,0,0,0,0,0,1,0,2
120,0.014414399074026352,fest.lib.id285,2002,0.39801347663094955,0,0,0,0,1,1,2,2
1236,0.07660987341845582,fest.lib.id1050,2013,0.10887639162499597,0,0,0,0,1,1,1,2
f17607,0.020685112010859652,fest.lib.id1888,2015,0.9014664491525963,0,0,0,0,1,1,2,2
tffnew516,0.009336977626214061,fest.lib.id1736,2012,1.0,0,0,0,0,1,1,1,1
tffnew2199,0.009940784625779017,fest.lib.id1888,2017,0.9014664491525963,0,0,0,0,1,1,1,1
tffnew243,0.05675890630617281,fest.lib.id1808,2011,0.1145501607898263,0,0,0,0,1,1,1,1
idfnew633,0.012169318928142903,fest.lib.id958,2013,0.12075010945459504,0,0,0,0,0,0,0,0
9343fnosuv,0.0168612551281032,fest.lib.id285,1989,0.39801347663094955,0,0,0,0,1,1,1,1
1480,0.015298854838442422,fest.lib.id.na471,2012,0.05809860871885474,0,0,0,0,1,1,1,1
frnew184,0.00984009835541201,fest.lib.id1167,2012,0.14309594420744598,0,0,0,0,0,0,0,0
1113,0.025259409524043857,fest.lib.id1736,2013,1.0,0,0,0,0,1,1,1,1
frnew1047,0.01833549098876713,fest.lib.id1557,2017,0.19355067805909,0,0,0,0,0,1,0,1
f7790,0.02220019469916535,fest.lib.id1888,2016,0.9014664491525963,0,0,0,0,1,1,1,1
idfnew385,0.020322169471610797,fest.lib.id874,2012,0.5062687909078113,0,0,0,0,1,1,1,1
f9258,0.019638644980490706,fest.lib.id174,2015,0.12232867487620556,0,0,0,0,1,1,1,1
idfnew1351,0.03658035340672675,fest.lib.id1768,2016,0.07352724707497833,0,0,0,0,1,1,1,2
1516,0.05556470145228021,fest.lib.id285,2012,0.39801347663094955,0,0,0,0,1,1,2,4
frnew404,0.01483514801801892,fest.lib.id7361,2011,0.0030521438300663587,0,0,0,0,0,0,0,0
130,0.016844451822126003,fest.lib.id1736,2013,1.0,0,0,0,0,1,1,1,1
468,0.014517552437582126,fest.lib.id1559,2012,0.01396952645427298,0,0,0,0,0,1,0,1
429,0.01371101765492638,fest.lib.id1736,2013,1.0,0,0,0,0,1,1,1,1
675,0.010470746031531416,fest.lib.id665,2013,0.318359506181511,0,0,0,0,0,1,0,1
tffnew1486,0.05995773736473851,fest.lib.id1808,2014,0.1145501607898263,0,0,0,0,1,1,1,2
1039,0.009940784625779017,fest.lib.id1888,2013,0.9014664491525963,0,0,0,0,1,1,1,1
I1503673,0.014459030975282538,fest.lib.id364,2015,0.6039825158473134,0,0,0,0,1,1,1,1
1340,0.04285804906305009,fest.lib.id1736,2013,1.0,0,0,0,0,1,1,1,2
I1103509,0.009364095288189737,fest.lib.id1359,2010,0.03713247974486391,0,0,0,0,0,0,0,0
f17562,0.015645873657196465,fest.lib.id1888,2015,0.9014664491525963,0,0,0,0,1,1,1,1
tffnew2409,0.027225131916362416,fest.lib.id1736,2017,1.0,0,0,0,0,1,1,1,3
1388,0.012614784959674427,fest.lib.id874,2013,0.5062687909078113,0,0,0,0,1,1,1,1
f8135,0.009940784625779017,fest.lib.id1888,2017,0.9014664491525963,0,0,0,0,1,1,1,1
617,0.009940784625779017,fest.lib.id1888,2013,0.9014664491525963,0,0,0,0,1,1,1,1
tffnew2194,0.11114233407765788,fest.lib.id285,2016,0.39801347663094955,0,0,0,0,1,1,2,3
idfnew1276,0.016197191387973726,fest.lib.id7505,2014,0.06371828239502825,0,0,0,0,1,1,1,1
idfnew484,0.015419592449564621,fest.lib.id874,2012,0.5062687909078113,0,0,0,0,1,1,1,1
tffnew139,0.017136814728489717,fest.lib.id1736,2011,1.0,0,0,0,0,1,1,1,1
tffnew2259,0.12232415496968523,fest.lib.id285,2016,0.39801347663094955,0,0,0,0,1,1,2,4
1299,0.032204646745887945,fest.lib.id1736,2013,1.0,0,0,0,0,1,1,2,3
f16673,0.010759353148602775,imdbady00124,2011,0.009368656136930454,0,0,0,0,0,0,0,0
f17396,0.042858225735888995,fest.lib.id1888,2015,0.9014664491525963,0,0,0,0,1,1,1,3
frnew613,0.011346483936859454,fest.lib.id.na4,2013,0.03566994574215833,0,0,0,0,0,0,0,0
I1501758,0.011639429458367693,fest.lib.id282,2014,0.03946355520582079,0,0,0,0,0,0,0,0
tffnew2314,0.011835947642856183,fest.lib.id1736,2016,1.0,0,0,0,0,1,1,1,1
idfnew1059,0.00995575178972834,fest.lib.id874,2015,0.5062687909078113,0,0,0,0,1,1,1,1
f17071,0.031499938855532116,fest.lib.id1888,2014,0.9014664491525963,0,0,0,0,1,1,1,1
546,0.016114065441360077,fest.lib.id1888,2013,0.9014664491525963,0,0,0,0,1,1,1,1
1459,0.01191129273677928,fest.lib.id1736,2013,1.0,0,0,0,0,1,1,1,1
idfnew514,0.05958483697866154,fest.lib.id874,2012,0.5062687909078113,0,0,0,0,1,1,1,1
1081,0.02477683980554383,fest.lib.id1662,2012,0.015146563673507158,0,0,0,0,1,1,2,2
tffnew1298,0.022147234484975034,fest.lib.id1736,2014,1.0,0,0,0,0,1,1,1,3
61,0.09279533441664047,fest.lib.id285,2013,0.39801347663094955,0,0,0,0,1,1,3,4
tffnew2562,0.02843479531972254,fest.lib.id1050,2017,0.10887639162499597,0,0,0,0,1,1,1,1
tffnew2484,0.025083297341059203,fest.lib.id1050,2017,0.10887639162499597,0,0,0,0,1,1,1,2
f7946,0.15995414930503524,fest.lib.id1888,2016,0.9014664491525963,0,0,0,0,1,1,1,2
f8185,0.08911443702728951,fest.lib.id1888,2017,0.9014664491525963,0,0,0,0,1,1,1,2
idfnew1014,0.00995575178972834,fest.lib.id874,2015,0.5062687909078113,0,0,0,0,1,1,1,1
f17042,0.055104156265823045,fest.lib.id1296,2011,0.12314726966479073,0,0,0,0,1,1,1,2
1083,0.012446806696584373,fest.lib.id1888,2013,0.9014664491525963,0,0,0,0,1,1,1,1
idfnew703,0.04672130338459061,fest.lib.id1776,2014,0.029239436365596817,0,0,0,0,1,1,1,1
tffnew411,0.012240637328891989,imdbady00070,2013,0.003522467479086065,0,0,0,0,0,0,0,0
idfnew1421,0.014939483879694798,fest.lib.id874,2016,0.5062687909078113,0,0,0,0,1,1,1,1
f17470,0.03162367116054877,fest.lib.id1888,2015,0.9014664491525963,0,0,0,0,1,1,1,2
tffnew1299,0.07166279516178779,fest.lib.id1736,2014,1.0,0,0,0,0,1,1,1,5
idfnew777,0.02266300803910063,fest.lib.id424,2014,0.005304605589729922,0,0,0,0,1,1,1,1
f17337,0.009940784625779017,fest.lib.id1888,2014,0.9014664491525963,0,0,0,0,1,1,1,1
frnew780,0.014670943335122442,fest.lib.id665,2015,0.318359506181511,0,0,0,0,0,1,0,1
488,0.0701967075042204,fest.lib.id285,2013,0.39801347663094955,0,0,0,0,1,1,1,3
frnew660,0.02432743720305405,fest.lib.id1473,2014,0.012978752400486635,0,0,0,0,0,1,0,1
idfnew808,0.03215342273719815,fest.lib.id285,2008,0.39801347663094955,0,0,0,0,1,1,2,3
idfnew727,0.03218290425989183,fest.lib.id1827,2014,0.013212879199878848,0,0,0,0,1,1,1,2
tffnew1335,0.009336977626214061,fest.lib.id1736,2014,1.0,0,0,0,0,1,1,1,1
f7734,0.02766725016006469,fest.lib.id1888,2016,0.9014664491525963,0,0,0,0,1,1,1,1
f17198,0.03986664532800737,fest.lib.id1888,2014,0.9014664491525963,0,0,0,0,1,1,1,3
idfnew1315,0.016171801483615945,fest.lib.id7257,2017,0.011007720589648313,0,0,0,0,0,0,0,0
294,0.015152210126139274,fest.lib.id1888,2013,0.9014664491525963,0,0,0,0,1,1,1,1
idfnew127,0.03657981911653104,fest.lib.id874,2011,0.5062687909078113,0,0,0,0,1,1,1,1
idfnew388,0.009604690713712245,fest.lib.id.survey.na508,2000,0.015132269349426243,0,0,0,0,0,0,0,0
N1701444,0.019461976327065138,fest.lib.id.na365,2016,0.053889133022886754,0,0,0,0,1,1,1,1
f7782,0.009940784625779017,fest.lib.id1888,2016,0.9014664491525963,0,0,0,0,1,1,1,1
f16784,0.017809328392417407,fest.lib.id1888,2012,0.9014664491525963,0,0,0,0,1,1,1,1
idfnew1744,0.00868718866577209,fest.lib.id1182,2016,0.029129658789427314,0,0,0,0,0,0,0,0
30,0.07320733089067877,fest.lib.id285,2013,0.39801347663094955,0,0,0,0,1,1,2,2
406,0.02236618468964819,fest.lib.id665,2013,0.318359506181511,0,0,0,0,0,1,0,1
tffnew2068,0.05237454664597284,fest.lib.id1736,2016,1.0,0,0,0,0,1,1,1,1
f17036,0.009940784625779017,fest.lib.id1888,2012,0.9014664491525963,0,0,0,0,1,1,1,1
N1501280,0.014538296272830502,id627,2015,0.06218359890861916,0,0,0,0,1,1,1,1
frnew388,0.010084175560119774,fest.lib.id1382,2011,0.012027560570798023,0,0,0,0,0,0,0,0
f16409,0.018269880281268677,fest.lib.id1888,2011,0.9014664491525963,0,0,0,0,1,1,1,1
tffnew180,0.009336977626214061,fest.lib.id1736,2011,1.0,0,0,0,0,1,1,1,1
idfnew934,0.017701008760174757,fest.lib.id1658,2015,0.15002034797660702,0,0,0,0,0,0,0,0
f16901,0.02461395780216617,fest.lib.id1888,2012,0.9014664491525963,0,0,0,0,1,1,1,2
tffnew115,0.009336977626214061,fest.lib.id1736,2011,1.0,0,0,0,0,1,1,1,1
f17444,0.04155396586934931,fest.lib.id1888,2015,0.9014664491525963,0,0,0,0,1,1,1,1
tffnew1339,0.024489347860980483,fest.lib.id1736,2014,1.0,0,0,0,0,1,1,1,2
frnew954,0.010052563122754302,fest.lib.id1510,2017,0.03750500301014553,0,0,0,0,0,0,0,0
321,0.009940784625779017,fest.lib.id1888,2013,0.9014664491525963,0,0,0,0,1,1,1,1
tffnew2235,0.05628097843693342,fest.lib.id1736,2016,1.0,0,0,0,0,1,1,1,2
f17168,0.0194494483582216,fest.lib.id1888,2014,0.9014664491525963,0,0,0,0,1,1,1,1
f17236,0.012411518183769305,fest.lib.id1888,2014,0.9014664491525963,0,0,0,0,1,1,1,1
I1600809,0.017894856118339894,fest.lib.id1050,2015,0.10887639162499597,0,0,0,0,1,1,1,1
tffnew314,0.009336977626214061,fest.lib.id1736,2011,1.0,0,0,0,0,1,1,1,1
tffnew2270,0.022956028246155245,fest.lib.id1736,2016,1.0,0,0,0,0,1,1,1,1
tffnew635,0.028575662750388076,fest.lib.id1808,1950,0.1145501607898263,0,0,0,0,0,0,0,0
9581fnosuv,0.048314123603822826,fest.lib.id1183,1969,0.04617845839505119,0,0,0,0,1,1,1,1
tffnew2542,0.009336977626214061,fest.lib.id1736,2017,1.0,0,0,0,0,1,1,1,1
N1100793,0.00910978148549232,fest.lib.id1050,2010,0.10887639162499597,0,0,0,0,0,0,0,0
f17342,0.009940784625779017,fest.lib.id1888,2014,0.9014664491525963,0,0,0,0,1,1,1,1
990,0.020133228201239334,fest.lib.id364,2013,0.6039825158473134,0,0,0,0,1,1,1,1
162,0.017455556280885645,fest.lib.id874,2013,0.5062687909078113,0,0,0,0,1,1,1,1
1244,0.036347498239870074,fest.lib.id7629,2013,0.06028313339580977,0,0,0,0,1,1,1,4
f7923,0.02072771988713527,fest.lib.id874,2015,0.5062687909078113,0,0,0,0,1,1,2,2
tffnew1184,0.049648031294858806,fest.lib.id1736,2014,1.0,0,0,0,0,1,1,1,1
idfnew186,0.009244848739004627,fest.lib.id1836,2012,0.03307221669352303,0,0,0,0,0,0,0,0
tffnew2446,0.01733145774350004,fest.lib.id1736,2017,1.0,0,0,0,0,1,1,1,2
117,0.016884347480683296,fest.lib.id1359,2012,0.03713247974486391,0,0,0,0,0,1,0,1
tffnew1600,0.018371543430846942,fest.lib.id1736,2015,1.0,0,0,0,0,1,1,1,1
idfnew1174,0.020845293129004353,fest.lib.id731,2016,0.3424863555939673,0,0,0,0,0,1,0,1
I1604784,0.062095230204208034,fest.lib.id364,2016,0.6039825158473134,0,0,0,0,1,1,1,1
1423,0.032192117287137355,fest.lib.id1888,2013,0.9014664491525963,0,0,0,0,1,1,1,1
809,0.011219045524521635,fest.lib.id364,2013,0.6039825158473134,0,0,0,0,1,1,1,1
f8359,0.03311912888043384,fest.lib.id1888,2017,0.9014664491525963,0,0,0,0,1,1,1,1
tffnew273,0.05139658300243667,fest.lib.id1808,2011,0.1145501607898263,0,0,0,0,1,1,1,3
I1406030,0.011219045524521635,fest.lib.id364,2014,0.6039825158473134,0,0,0,0,1,1,1,1
188,0.03184580158411724,fest.lib.id1736,2013,1.0,0,0,0,0,1,1,1,1
frnew783,0.06771783407690235,fest.lib.id8277,2013,0.0016170329560782108,0,0,0,0,0,0,0,0
f16576,0.012418418671641021,fest.lib.id1888,2011,0.9014664491525963,0,0,0,0,1,1,1,1
928,0.015020718650441418,fest.lib.id1888,2013,0.9014664491525963,0,0,0,0,1,1,1,1
528,0.03535167580591105,fest.lib.id1808,2013,0.1145501607898263,0,0,0,0,1,1,1,1
f8120,0.009940784625779017,fest.lib.id1888,2017,0.9014664491525963,0,0,0,0,1,1,1,1
tffnew1718,0.011944761373351206,fest.lib.id1808,2015,0.1145501607898263,0,0,0,0,1,1,1,1
tffnew1856,0.019502933528808844,fest.lib.id1736,2015,1.0,0,0,0,0,1,1,1,2
tffnew2256,0.03655646618939982,fest.lib.id1808,2016,0.1145501607898263,0,0,0,0,1,1,1,3
f17296,0.035579314872266156,fest.lib.id1888,2014,0.9014664491525963,0,0,0,0,1,1,1,2
idfnew901,0.07368894730465296,fest.lib.id1768,2014,0.07352724707497833,0,0,0,0,0,1,0,2
idfnew716,0.03000991160004875,imdbady01438,2014,0.021585913397982007,0,0,0,0,1,1,1,2
f9119,0.009298203289242048,fest.lib.id285,2012,0.39801347663094955,0,0,0,0,1,1,1,1
529,0.012559513543846792,fest.lib.id909,2013,0.13015898047987368,0,0,0,0,1,1,1,1
tffnew1396,0.039090914271316154,fest.lib.id1050,2014,0.10887639162499597,0,0,0,0,0,1,0,1
f16831,0.009940784625779017,fest.lib.id1888,2012,0.9014664491525963,0,0,0,0,1,1,1,1
1358,0.011804225360047403,fest.lib.id285,2013,0.39801347663094955,0,0,0,0,1,1,1,1
frnew189,0.026467211007867343,fest.lib.id7771,2011,0.04572868021300894,0,0,0,0,0,1,0,1
tffnew1984,0.012043986353623798,fest.lib.id1736,2016,1.0,0,0,0,0,1,1,1,2
f9259,0.024798867136460942,fest.lib.id285,2015,0.39801347663094955,0,0,0,0,1,1,2,2
9451fnosuv,0.01441165839040841,fest.lib.id285,2016,0.39801347663094955,0,0,0,0,1,1,1,2
idfnew281,0.013114247082973741,fest.lib.id874,2011,0.5062687909078113,0,0,0,0,1,1,1,1
tffnew479,0.01367156313483265,fest.lib.id1736,2012,1.0,0,0,0,0,1,1,1,1
idfnew264,0.024960112804684142,fest.lib.id1658,2010,0.15002034797660702,0,0,0,0,0,1,0,1
tffnew1311,0.041649951445642555,fest.lib.id1050,2014,0.10887639162499597,0,0,0,0,1,1,1,2
I1702360,0.02383988892743027,fest.lib.id750,2016,0.003966797621389175,0,0,0,0,0,1,0,1
idfnew473,0.011539839908542508,fest.lib.id1658,2012,0.15002034797660702,0,0,0,0,0,0,0,0
f16635,0.015204921409989348,fest.lib.id1888,2011,0.9014664491525963,0,0,0,0,1,1,1,1
idfnew1755,0.028909497543798734,fest.lib.id388,2017,0.10657216405781064,0,0,0,0,1,1,1,2
f16430,0.03435266632837899,fest.lib.id268,2011,0.03638586113407253,0,0,0,0,0,0,0,0
idfnew851,0.032420646653447086,fest.lib.id1768,2014,0.07352724707497833,0,0,0,0,0,1,0,1
N1501632,0.011219045524521635,fest.lib.id364,2015,0.6039825158473134,0,0,0,0,1,1,1,1
9162fnosuv,0.009298203289242048,fest.lib.id285,2012,0.39801347663094955,0,0,0,0,1,1,1,1
tffnew2142,0.011739977927577118,fest.lib.id1736,2016,1.0,0,0,0,0,1,1,1,2
tffnew1229,0.024479670486445636,fest.lib.id1050,2014,0.10887639162499597,0,0,0,0,0,0,0,0
tffnew1561,0.08718366575349408,fest.lib.id285,2015,0.39801347663094955,0,0,0,0,1,1,2,4
tffnew169,0.04294073748486029,fest.lib.id285,2011,0.39801347663094955,0,0,0,0,1,1,2,2
tffnew280,0.01956217969275142,fest.lib.id1736,2011,1.0,0,0,0,0,1,1,1,1
idfnew1686,0.20032126241782106,fest.lib.id1776,2017,0.029239436365596817,0,0,0,0,1,1,1,3
frnew409,0.01798565065084071,fest.lib.id7570,2012,0.0064461437289031484,0,0,0,0,0,0,0,0
tffnew1139,0.030614537799240595,fest.lib.id.na.ch163,2014,0.02124090626912694,0,0,0,0,1,1,1,1
frnew759,0.010303047043328357,fest.lib.id342,2015,0.030199973620409305,0,0,0,0,0,0,0,0
tffnew2417,0.019728168515133492,fest.lib.id1736,2017,1.0,0,0,0,0,1,1,1,1
f8084,0.018232454111877783,fest.lib.id834,2014,0.006371382360185065,0,0,0,0,0,0,0,0
204,0.032772183592917795,fest.lib.id1736,2013,1.0,0,0,0,0,1,1,1,1
tffnew2471,0.04823207574184057,fest.lib.id1736,2017,1.0,0,0,0,0,1,1,2,3
I1100278,0.011219045524521635,fest.lib.id364,2011,0.6039825158473134,0,0,0,0,1,1,1,1
tffnew2109,0.03844993455574321,imdbady01448,2016,0.008065761133839916,0,0,0,0,1,1,1,2
1099,0.01191129273677928,fest.lib.id1736,2013,1.0,0,0,0,0,1,1,1,1
202,0.029339363787303417,fest.lib.id731,2013,0.3424863555939673,0,0,0,0,1,1,1,2
f16994,0.01638515402817283,fest.lib.id1888,2012,0.9014664491525963,0,0,0,0,1,1,1,2
f8160,0.009336977626214061,fest.lib.id1736,2016,1.0,0,0,0,0,1,1,1,1
idfnew324,0.024647072050406393,fest.lib.id930,2012,0.028112612225342132,0,0,0,0,0,0,0,0
idfnew1903,0.022731514316247484,fest.lib.id1808,2017,0.1145501607898263,0,0,0,0,0,1,0,1
idfnew90,0.009964912491947751,fest.lib.id1890,2011,0.017783632446809833,0,0,0,0,0,0,0,0
431,0.011219045524521635,fest.lib.id364,2013,0.6039825158473134,0,0,0,0,1,1,1,1
f9264,0.03502359366652116,fest.lib.id285,2016,0.39801347663094955,0,0,0,0,1,1,1,1
idfnew327,0.015912206875911227,fest.lib.id162,2011,0.0402412207674064,0,0,0,0,1,1,1,1
f9152,0.019919499037605173,fest.lib.id285,2014,0.39801347663094955,0,0,0,0,1,1,1,1
tffnew2009,0.01205578012297778,fest.lib.id1736,2016,1.0,0,0,0,0,1,1,1,1
9407fnosuv,0.08588488582619153,fest.lib.id285,2016,0.39801347663094955,0,0,0,0,1,1,1,3
f9108,0.01332189600508531,fest.lib.id285,2012,0.39801347663094955,0,0,0,0,1,1,1,1
f7901,0.009940784625779017,fest.lib.id1888,2016,0.9014664491525963,0,0,0,0,1,1,1,1
idfnew1560,0.043966532867370796,fest.lib.id1808,1966,0.1145501607898263,0,0,0,0,1,1,1,1
idfnew987,0.00995575178972834,fest.lib.id874,2014,0.5062687909078113,0,0,0,0,1,1,1,1
f17169,0.11191466520842856,fest.lib.id1888,2014,0.9014664491525963,0,0,0,0,1,1,2,6
tffnew2375,0.009336977626214061,fest.lib.id1736,2017,1.0,0,0,0,0,1,1,1,1
tffnew1988,0.009336977626214061,fest.lib.id1736,2016,1.0,0,0,0,0,1,1,1,1
idfnew528,0.04715424257740379,fest.lib.id1890,2012,0.017783632446809833,0,0,0,0,1,1,1,2
tffnew1387,0.013661004899896453,fest.lib.id1736,2014,1.0,0,0,0,0,1,1,1,1
594,0.01828365803295897,fest.lib.id1888,2013,0.9014664491525963,0,0,0,0,1,1,1,1
498,0.09754227086330008,fest.lib.id1736,2013,1.0,0,0,0,0,1,1,1,3
frnew827,0.01969497592966517,fest.lib.id7477,2015,0.010973276575960327,0,0,0,0,0,1,0,1
f17076,0.039449568771561375,fest.lib.id1888,2014,0.9014664491525963,0,0,0,0,1,1,1,2
frnew896,0.035311395030007645,fest.lib.id665,1999,0.318359506181511,0,0,0,0,1,1,1,2
frnew186,0.010470746031531416,fest.lib.id665,2011,0.318359506181511,0,0,0,0,0,1,0,1
f9017,0.03772095987988726,fest.lib.id285,2011,0.39801347663094955,0,0,0,0,1,1,1,1
frnew1038,0.012558900852175729,fest.lib.id365,2017,0.0812771382038422,0,0,0,0,0,0,0,0
N1200445,0.02307762837576963,fest.lib.id364,2012,0.6039825158473134,0,0,0,0,1,1,2,2
f9387,0.02297083060548979,fest.lib.id285,2017,0.39801347663094955,0,0,0,0,1,1,1,1
f17436,0.016848457543929336,fest.lib.id1736,2014,1.0,0,0,0,0,1,1,2,2
1233,0.02695255801837749,fest.lib.id1736,2013,1.0,0,0,0,0,1,1,1,1
939,0.009298203289242048,fest.lib.id285,2013,0.39801347663094955,0,0,0,0,1,1,1,1
175,0.042864805627157165,fest.lib.id1736,2013,1.0,0,0,0,0,1,1,1,2
tffnew1283,0.014702145491394394,fest.lib.id285,2014,0.39801347663094955,0,0,0,0,1,1,1,2
1395,0.009336977626214061,fest.lib.id1736,2013,1.0,0,0,0,0,1,1,1,1
1730,0.05829456446072725,fest.lib.id874,2013,0.5062687909078113,0,0,0,0,1,1,1,1
idfnew854,0.0092720581062447,fest.lib.id.na375,2015,0.19236865604671277,0,0,0,0,0,0,0,0
f8133,0.04029754348835291,fest.lib.id1888,2017,0.9014664491525963,0,0,0,0,1,1,1,2
idfnew1122,0.04194410417044229,fest.lib.id1768,2015,0.07352724707497833,0,0,0,0,1,1,1,1
idfnew730,0.023767972935717023,fest.lib.id8189,2014,0.004432934511593202,0,0,0,0,0,0,0,0
f17128,0.009940784625779017,fest.lib.id1888,2014,0.9014664491525963,0,0,0,0,1,1,1,1
idfnew1876,0.023794861833573898,imdbady01070,1979,0.001562165364023277,0,0,0,0,1,1,1,1
N1600311,0.011219045524521635,fest.lib.id364,2016,0.6039825158473134,0,0,0,0,1,1,1,1
idfnew1320,0.008909686408349713,fest.lib.id388,2015,0.10657216405781064,0,0,0,0,0,0,0,0
f9344,0.07415974063938861,fest.lib.id285,2017,0.39801347663094955,0,0,0,0,1,1,1,3
N1500888,0.03319346508234135,fest.lib.id.na292,2014,0.07612469051374422,0,0,0,0,1,1,1,1
f16790,0.013153944349789067,fest.lib.id1888,2012,0.9014664491525963,0,0,0,0,1,1,1,1
9556fnosuv,0.020357224522926702,fest.lib.id285,1981,0.39801347663094955,0,0,0,0,1,1,2,2
idfnew119,0.00904182058057297,fest.lib.id7598,2011,0.04410357690711096,0,0,0,0,0,0,0,0
545,0.014314824654491335,fest.lib.id1888,2013,0.9014664491525963,0,0,0,0,1,1,1,1
f7812,0.0176722569303404,fest.lib.id1888,2016,0.9014664491525963,0,0,0,0,1,1,1,1
1368,0.06565618994505829,fest.lib.id1736,2012,1.0,0,0,0,0,1,1,2,4
1503,0.020699510141821725,fest.lib.id1827,2012,0.013212879199878848,0,0,0,0,1,1,1,1
f16460,0.009940784625779017,fest.lib.id1888,2011,0.9014664491525963,0,0,0,0,1,1,1,1
idfnew1465,0.012663502247152634,fest.lib.id7560,2017,0.010410600021076133,0,0,0,0,0,0,0,0
f17514,0.019442930925425397,fest.lib.id1888,2015,0.9014664491525963,0,0,0,0,1,1,1,1
N1400526,0.027474175849256405,fest.lib.id364,2014,0.6039825158473134,0,0,0,0,1,1,1,1
f9250,0.15227834369540996,fest.lib.id285,2015,0.39801347663094955,0,0,0,0,1,1,3,3
346,0.010470746031531416,fest.lib.id665,2013,0.318359506181511,0,0,0,0,0,1,0,1
703,0.06831057598107415,fest.lib.id1050,2013,0.10887639162499597,0,0,0,0,1,1,1,2
idfnew956,0.011512045018374767,fest.lib.id1768,2006,0.07352724707497833,0,0,0,0,0,0,0,0
tffnew473,0.021282566312295907,fest.lib.id1494,2012,0.14895479943977585,0,0,0,0,0,1,0,1
f7744,0.015602042723836087,fest.lib.id1736,2015,1.0,0,0,0,0,1,1,2,2
807,0.01723037503469004,fest.lib.id1736,2013,1.0,0,0,0,0,1,1,1,1
9,0.03778525290360211,fest.lib.id285,2013,0.39801347663094955,0,0,0,0,1,1,2,3
tffnew2507,0.009336977626214061,fest.lib.id1736,2017,1.0,0,0,0,0,1,1,1,1
f17668,0.03919474075860672,fest.lib.id1736,2014,1.0,0,0,0,0,1,1,1,2
tffnew2584,0.012576963076974965,fest.lib.id1736,2017,1.0,0,0,0,0,1,1,1,1
452,0.033867056833854804,fest.lib.id1662,2012,0.015146563673507158,0,0,0,0,1,1,1,1
tffnew2123,0.012786932302570142,fest.lib.id1736,2016,1.0,0,0,0,0,1,1,1,1
305,0.017908274155231194,fest.lib.id285,2013,0.39801347663094955,0,0,0,0,1,1,1,1
N1601337,0.01700837581445099,fest.lib.id1535,2015,0.08500246471603438,0,0,0,0,1,1,1,1
f9390,0.0240262394347847,fest.lib.id285,2017,0.39801347663094955,0,0,0,0,1,1,1,1
f16804,0.009940784625779017,fest.lib.id1888,2012,0.9014664491525963,0,0,0,0,1,1,1,1
idfnew99,0.01403689295255536,fest.lib.id1618,2011,0.023481760681616358,0,0,0,0,1,1,1,1
idfnew1847,0.025768796882965173,fest.lib.id874,2017,0.5062687909078113,0,0,0,0,1,1,1,1
tffnew2483,0.018039967644799492,fest.lib.id1736,2017,1.0,0,0,0,0,1,1,1,1
I1103359,0.01048833081923901,fest.lib.id.na327,2011,0.009456621444276276,0,0,0,0,0,0,0,0
frnew1108,0.07589326006190272,fest.lib.id665,2017,0.318359506181511,0,0,0,0,0,1,0,1
idfnew823,0.013720576634586215,fest.lib.id.survey.na101,2014,0.021677342244600706,0,0,0,0,1,1,1,1
f16634,0.018037748881856313,fest.lib.id1888,2011,0.9014664491525963,0,0,0,0,1,1,1,1
f7965,0.025938003932541222,fest.lib.id1888,2016,0.9014664491525963,0,0,0,0,1,1,1,1
tffnew1518,0.13634154313677968,fest.lib.id1658,2014,0.15002034797660702,0,0,0,0,1,1,2,4
tffnew1278,0.044943133967713156,fest.lib.id1808,2014,0.1145501607898263,0,0,0,0,1,1,1,3
1108,0.009336977626214061,fest.lib.id1736,2013,1.0,0,0,0,0,1,1,1,1
f8351,0.034664773792506126,fest.lib.id1888,2017,0.9014664491525963,0,0,0,0,1,1,1,2
f16422,0.01525962343592962,fest.lib.id1888,2011,0.9014664491525963,0,0,0,0,1,1,1,1
1060,0.03068482636063916,fest.lib.id1180,2012,0.022425458764178004,0,0,0,0,1,1,1,2
tffnew1119,0.10624753919887062,fest.lib.id285,2014,0.39801347663094955,0,0,0,0,1,1,2,5
f16920,0.01407196771743333,fest.lib.id1888,2012,0.9014664491525963,0,0,0,0,1,1,1,1
tffnew1621,0.009336977626214061,fest.lib.id1736,2015,1.0,0,0,0,0,1,1,1,1
frnew265,0.010234032831391644,fest.lib.id.na42,2012,0.06417041546238612,0,0,0,0,0,0,0,0
f17405,0.019054975894276113,fest.lib.id1888,2015,0.9014664491525963,0,0,0,0,1,1,1,1
f17022,0.01801688124822367,fest.lib.id1888,2012,0.9014664491525963,0,0,0,0,1,1,1,1
tffnew272,0.015362904202925728,fest.lib.id1050,2011,0.10887639162499597,0,0,0,0,1,1,1,1
427,0.010470746031531416,fest.lib.id665,2013,0.318359506181511,0,0,0,0,0,1,0,1
121,0.027896476486130098,fest.lib.id.na479,1999,0.0013196005893653007,0,0,0,0,1,1,1,1
f9151,0.016808432375685977,fest.lib.id285,2014,0.39801347663094955,0,0,0,0,1,1,1,1
N1500725,0.014538296272830502,id627,2015,0.06218359890861916,0,0,0,0,1,1,1,1
tffnew2371,0.05069315785008524,fest.lib.id1736,2017,1.0,0,0,0,0,1,1,1,4
tffnew1986,0.03108620022006968,fest.lib.id1736,2016,1.0,0,0,0,0,1,1,1,2
f17046,0.012647793353188753,fest.lib.id1888,2012,0.9014664491525963,0,0,0,0,1,1,1,2
941,0.015709302050794422,fest.lib.id1736,2013,1.0,0,0,0,0,1,1,2,2
1240,0.014506478513932445,fest.lib.id665,2013,0.318359506181511,0,0,0,0,0,1,0,1
494,0.015068195141564053,fest.lib.id8828,2012,0.023265864921095433,0,0,0,0,1,1,1,1
8,0.024090345016794076,fest.lib.id1050,2013,0.10887639162499597,0,0,0,0,1,1,1,1
f8332,0.026272489481565568,fest.lib.id1888,2017,0.9014664491525963,0,0,0,0,1,1,1,1
frnew1077,0.00984009835541201,fest.lib.id1167,2017,0.14309594420744598,0,0,0,0,0,0,0,0
1159,0.020281028946926724,fest.lib.id1735,1987,0.06336170154920864,0,0,0,0,1,1,1,1
292,0.023421686000808035,fest.lib.id117,2013,0.039048634073661166,0,0,0,0,1,1,1,1
tffnew2384,0.04619994044582808,fest.lib.id1736,2017,1.0,0,0,0,0,1,1,1,1
9075fnosuv,0.03397438765162391,fest.lib.id285,2011,0.39801347663094955,0,0,0,0,1,1,1,1
idfnew1828,0.032786998487683086,fest.lib.id285,2005,0.39801347663094955,0,0,0,0,1,1,3,3
frnew56,0.023477883878329494,fest.lib.id1658,2011,0.15002034797660702,0,0,0,0,0,1,0,2
f7780,0.030990570804343483,fest.lib.id1503,2014,0.02528824098579947,0,0,0,0,1,1,1,1
1281,0.03318728330387868,fest.lib.id1888,2013,0.9014664491525963,0,0,0,0,1,1,1,1
frnew994,0.015571274380948534,fest.lib.id665,2017,0.318359506181511,0,0,0,0,0,1,0,1
I1604189,0.013803384450556396,fest.lib.id1182,2015,0.029129658789427314,0,0,0,0,1,1,1,1
I1505414,0.03028534021187161,fest.lib.id1585,2014,0.006285429813321766,0,0,0,0,1,1,1,1
tffnew2294,0.08589556825791334,fest.lib.id1808,2016,0.1145501607898263,0,0,0,0,1,1,1,2
frnew642,0.06576783685821139,fest.lib.id1050,2013,0.10887639162499597,0,0,0,0,0,1,0,3
frnew69,0.017394102158251667,fest.lib.id1342,2011,0.06876843098609271,0,0,0,0,0,0,0,0
124,0.04852852897940228,fest.lib.id1736,2012,1.0,0,0,0,0,1,1,2,2
tffnew117,0.025344403577415995,fest.lib.id1808,2011,0.1145501607898263,0,0,0,0,1,1,1,1
f8088,0.029753728450600193,fest.lib.id1888,2017,0.9014664491525963,0,0,0,0,1,1,1,2
f9106,0.030355402299475073,fest.lib.id285,2012,0.39801347663094955,0,0,0,0,1,1,1,2
tffnew2159,0.01616456894160721,fest.lib.id1736,2016,1.0,0,0,0,0,1,1,1,1
frnew272,0.014676805162148884,fest.lib.id665,2012,0.318359506181511,0,0,0,0,0,1,0,1
tffnew2090,0.024644017047428583,fest.lib.id1808,2016,0.1145501607898263,0,0,0,0,1,1,1,2
idfnew226,0.00995575178972834,fest.lib.id874,2011,0.5062687909078113,0,0,0,0,1,1,1,1
tffnew1145,0.02592855960350242,fest.lib.id1736,2014,1.0,0,0,0,0,1,1,1,1
tffnew177,0.06325855949036994,fest.lib.id1736,2011,1.0,0,0,0,0,1,1,1,1
tffnew2207,0.03880394644229439,fest.lib.id1736,2016,1.0,0,0,0,0,1,1,1,3
idfnew522,0.016890499154172945,fest.lib.id.na176,2012,0.004633344458919006,0,0,0,0,0,0,0,0
N1500531,0.011219045524521635,fest.lib.id364,2015,0.6039825158473134,0,0,0,0,1,1,1,1
f16688,0.10079375704680693,fest.lib.id1888,2011,0.9014664491525963,0,0,0,0,1,1,1,3
tffnew1573,0.009336977626214061,fest.lib.id1736,2015,1.0,0,0,0,0,1,1,1,1
frnew592,0.014113494456770492,fest.lib.id.na191,2015,0.04577591160462887,0,0,0,0,0,0,0,0
N1200696,0.011219045524521635,fest.lib.id364,2012,0.6039825158473134,0,0,0,0,1,1,1,1
idfnew1865,0.021083660189460555,fest.lib.id1050,1995,0.10887639162499597,0,0,0,0,0,0,0,0
f9359,0.036232229590430445,fest.lib.id285,2017,0.39801347663094955,0,0,0,0,1,1,1,1
278,0.027424830297888513,fest.lib.id463,2012,0.0779767084966147,0,0,0,0,1,1,1,1
f16692,0.03859397637124614,fest.lib.id1888,2011,0.9014664491525963,0,0,0,0,1,1,1,2
931,0.017673153756677842,fest.lib.id1888,2013,0.9014664491525963,0,0,0,0,1,1,1,1
frnew529,0.047076607892915553,imdbady01584,2013,0.0011855533744320457,0,0,0,0,0,1,0,2
1005,0.025159470294599688,fest.lib.id874,2013,0.5062687909078113,0,0,0,0,1,1,1,1
530,0.011789637293337322,fest.lib.id285,2013,0.39801347663094955,0,0,0,0,1,1,1,1
tffnew164,0.0118694392347395,fest.lib.id1736,2011,1.0,0,0,0,0,1,1,1,1
9140fnosuv,0.01926518629017572,fest.lib.id1887,2011,0.11341129673140814,0,0,0,0,1,1,1,1
I1602575,0.011219045524521635,fest.lib.id364,2016,0.6039825158473134,0,0,0,0,1,1,1,1
frnew1024,0.012562797228889514,fest.lib.id.na443,2017,0.025111993397530303,0,0,0,0,0,0,0,0
tffnew1978,0.01761647104593687,fest.lib.id1736,2016,1.0,0,0,0,0,1,1,1,2
f9076,0.023511904541738345,fest.lib.id285,2012,0.39801347663094955,0,0,0,0,1,1,1,1
1165,0.01278365812511322,fest.lib.id1888,2013,0.9014664491525963,0,0,0,0,1,1,1,1
f17510,0.020347140662423397,fest.lib.id1888,2015,0.9014664491525963,0,0,0,0,1,1,1,1
f8246,0.012443435739752795,fest.lib.id1888,2017,0.9014664491525963,0,0,0,0,1,1,1,1
f9132,0.05285752478202495,fest.lib.id285,2014,0.39801347663094955,0,0,0,0,1,1,1,1
frnew828,0.06557670851223495,fest.lib.id665,2015,0.318359506181511,0,0,0,0,0,1,0,1
idfnew1825,0.012458402903702119,fest.lib.id874,2017,0.5062687909078113,0,0,0,0,1,1,1,1
907,0.020259995104760876,fest.lib.id1888,2013,0.9014664491525963,0,0,0,0,1,1,1,2
frnew713,0.02598869122665741,fest.lib.id588,2015,0.013206233699414295,0,0,0,0,0,0,0,0
frnew1013,0.025262017134458165,fest.lib.id1635,2015,0.006369208402852755,0,0,0,0,0,0,0,0
9450fnosuv,0.040923646133506957,fest.lib.id285,2016,0.39801347663094955,0,0,0,0,1,1,1,1
idfnew1319,0.012061654270695272,fest.lib.id731,2017,0.3424863555939673,0,0,0,0,0,1,0,1
tffnew7,0.05713567214128635,fest.lib.id1808,2011,0.1145501607898263,0,0,0,0,1,1,1,3
f9193,0.020030217004367416,fest.lib.id285,2015,0.39801347663094955,0,0,0,0,1,1,1,1
90,0.016485383280068298,fest.lib.id971,2012,0.029028194901948634,0,0,0,0,1,1,1,1
tffnew482,0.017665246989463524,fest.lib.id1736,2012,1.0,0,0,0,0,1,1,1,1
9132fnosuv,0.05541907443735442,fest.lib.id285,2012,0.39801347663094955,0,0,0,0,1,1,2,3
9354fnosuv,0.017601649186807445,fest.lib.id1736,1985,1.0,0,0,0,0,1,1,2,3
frnew1012,0.01307995674674719,fest.lib.id1787,2016,0.005807509983782226,0,0,0,0,0,0,0,0
tffnew457,0.009336977626214061,fest.lib.id1736,2012,1.0,0,0,0,0,1,1,1,1
1643,0.021272316667379713,fest.lib.id.na424,2012,0.0025403526780480357,0,0,0,0,1,1,1,1
frnew671,0.016772525262397864,fest.lib.id665,2015,0.318359506181511,0,0,0,0,0,1,0,1
799,0.01908344156734897,fest.lib.id961,2012,0.043124735389292075,0,0,0,0,1,1,1,2
tffnew1520,0.0916106057332172,fest.lib.id1697,2014,0.05210166239461778,0,0,0,0,1,1,1,3
tffnew2652,0.009336977626214061,fest.lib.id1736,2017,1.0,0,0,0,0,1,1,1,1
N1400705,0.020902066998726095,fest.lib.id61,2013,0.0169622751681525,0,0,0,0,1,1,1,1
273,0.023063249876367247,fest.lib.id.na321,1998,0.013724794358564453,0,0,0,0,1,1,1,1
frnew1006,0.01304639116736117,fest.lib.id1557,2017,0.19355067805909,0,0,0,0,0,1,0,2
frnew904,0.013190560390743832,fest.lib.id206,2014,0.01882695794132455,0,0,0,0,0,0,0,0
I1605053,0.021788181450645656,fest.lib.id364,2016,0.6039825158473134,0,0,0,0,1,1,1,1
f7911,0.012418418671641021,fest.lib.id1888,2016,0.9014664491525963,0,0,0,0,1,1,1,1
N1101364,0.024441975058889474,fest.lib.id1618,2011,0.023481760681616358,0,0,0,0,0,0,0,0
tffnew2547,0.016485548300094008,fest.lib.id1736,2017,1.0,0,0,0,0,1,1,2,2
idfnew935,0.040613111147571705,fest.lib.id1658,2001,0.15002034797660702,0,0,0,0,1,1,1,1
tffnew2374,0.03012650685289624,fest.lib.id1736,2017,1.0,0,0,0,0,1,1,1,1
idfnew764,0.010269163945641334,id097,2014,0.020373317099565996,0,0,0,0,0,0,0,0
frnew283,0.008646138037569081,fest.lib.id1296,2011,0.12314726966479073,0,0,0,0,0,0,0,0
f16727,0.01906121778795166,fest.lib.id1888,2011,0.9014664491525963,0,0,0,0,1,1,2,2
idfnew337,0.01810869224620217,fest.lib.id874,2011,0.5062687909078113,0,0,0,0,1,1,1,1
idfnew1307,0.026746527455286426,fest.lib.id285,1970,0.39801347663094955,0,0,0,0,1,1,3,3
f16928,0.033023852640392544,fest.lib.id217,2011,0.13475573540038221,0,0,0,0,1,1,1,1
626,0.03449733384267385,fest.lib.id1658,2013,0.15002034797660702,0,0,0,0,1,1,1,4
330,0.01576146397257062,fest.lib.id1888,2013,0.9014664491525963,0,0,0,0,1,1,1,1
frnew765,0.010303047043328357,fest.lib.id342,2015,0.030199973620409305,0,0,0,0,0,0,0,0
1266,0.046520602226790525,fest.lib.id942,2013,0.049190127422426844,0,0,0,0,1,1,1,1
940,0.02958889710145441,fest.lib.id1150,2007,0.010222580535069145,0,0,0,0,1,1,1,2
f9201,0.009298203289242048,fest.lib.id285,2015,0.39801347663094955,0,0,0,0,1,1,1,1
tffnew1642,0.018148589434743886,fest.lib.id1736,2015,1.0,0,0,0,0,1,1,1,1
f8106,0.03375679869026128,fest.lib.id1888,2017,0.9014664491525963,0,0,0,0,1,1,1,2
idfnew686,0.015079932055753118,fest.lib.id759,2012,0.07865943369023712,0,0,0,0,1,1,1,2
N1100175,0.011219045524521635,fest.lib.id364,2011,0.6039825158473134,0,0,0,0,1,1,1,1
I1105389,0.01953039394172308,fest.lib.id388,2009,0.10657216405781064,0,0,0,0,1,1,1,1
f16524,0.01930305564108028,fest.lib.id1888,2011,0.9014664491525963,0,0,0,0,1,1,1,1
tffnew303,0.009336977626214061,fest.lib.id1736,2011,1.0,0,0,0,0,1,1,1,1
idfnew1547,0.02330282142680966,fest.lib.id909,2015,0.13015898047987368,0,0,0,0,1,1,1,1
552,0.010470746031531416,fest.lib.id665,2013,0.318359506181511,0,0,0,0,0,1,0,1
19,0.07043833144852003,fest.lib.id1888,2013,0.9014664491525963,0,0,0,0,1,1,2,3
frnew1018,0.03238336737725253,fest.lib.id665,2001,0.318359506181511,0,0,0,0,0,1,0,1
tffnew159,0.008817649013424286,fest.lib.id174,2011,0.12232867487620556,0,0,0,0,0,0,0,0
idfnew758,0.02955889927773507,fest.lib.id.na.ch43,2014,0.0449107785683695,0,0,0,0,0,0,0,0
1492,0.017057212947462014,fest.lib.id1736,2012,1.0,0,0,0,0,1,1,2,2
tffnew2557,0.01996237348060191,fest.lib.id1736,2017,1.0,0,0,0,0,1,1,1,1
idfnew1212,0.00995575178972834,fest.lib.id874,2015,0.5062687909078113,0,0,0,0,1,1,1,1
tffnew42,0.01729942451199122,fest.lib.id1736,2011,1.0,0,0,0,0,1,1,1,1
828,0.00995575178972834,fest.lib.id874,2013,0.5062687909078113,0,0,0,0,1,1,1,1
353,0.01995242916901438,fest.lib.id1736,2013,1.0,0,0,0,0,1,1,1,1
frnew655,0.00984009835541201,fest.lib.id1167,2014,0.14309594420744598,0,0,0,0,0,0,0,0
f8334,0.024574478976862088,imdbady00390,2017,0.007263539560911155,0,0,0,0,0,0,0,0
tffnew2254,0.019421446408960368,fest.lib.id1736,2016,1.0,0,0,0,0,1,1,1,1
idfnew97,0.01804003766854721,id401,2011,0.07211320128732311,0,0,0,0,0,0,0,0
374,0.03798271551173297,fest.lib.id874,2013,0.5062687909078113,0,0,0,0,1,1,1,1
idfnew1483,0.033393769410605297,fest.lib.id1491,2016,0.0047056437865132415,0,0,0,0,1,1,1,3
frnew486,0.017569700015707415,fest.lib.id665,2014,0.318359506181511,0,0,0,0,0,1,0,1
idfnew307,0.00875499932378066,fest.lib.id282,2010,0.03946355520582079,0,0,0,0,0,0,0,0
9368fnosuv,0.02186669221433512,fest.lib.id1893,1970,0.016624421352887907,0,0,0,0,1,1,2,3
f9159,0.15456174643755413,fest.lib.id285,2014,0.39801347663094955,0,0,0,0,1,1,2,3
760,0.01759660558736604,fest.lib.id7160,2012,0.08755778354559723,0,0,0,0,1,1,1,1
idfnew870,0.025592971491485123,fest.lib.id1808,2014,0.1145501607898263,0,0,0,0,0,1,0,1
idfnew554,0.01754260117922189,fest.lib.id1888,2012,0.9014664491525963,0,0,0,0,1,1,1,1
1451,0.012952443346724511,fest.lib.id1736,2013,1.0,0,0,0,0,1,1,1,1
tffnew2146,0.05849198644756204,fest.lib.id285,2016,0.39801347663094955,0,0,0,0,1,1,2,4
idfnew1717,0.008677164850302548,fest.lib.id1821,2018,0.15848479903885174,0,0,0,0,0,0,0,0
1307,0.02146810864397885,fest.lib.id874,2013,0.5062687909078113,0,0,0,0,1,1,1,1
f7723,0.0400092122249906,fest.lib.id1888,2016,0.9014664491525963,0,0,0,0,1,1,1,2
149,0.03390888931496112,fest.lib.id1668,2013,0.061815450712753774,0,0,0,0,1,1,1,2
823,0.017505349132133297,fest.lib.id1489,2011,0.11452150555649154,0,0,0,0,1,1,1,1
N1500727,0.024597236226050975,fest.lib.id251,2014,0.030214209572879583,0,0,0,0,1,1,1,1
f8046,0.04955281807373525,fest.lib.id1888,2016,0.9014664491525963,0,0,0,0,1,1,1,2
N1500437,0.020547746961834593,fest.lib.id.na220,2014,0.0356960683429116,0,0,0,0,1,1,1,1
tffnew126,0.009336977626214061,fest.lib.id1736,2011,1.0,0,0,0,0,1,1,1,1
frnew877,0.01407294072681163,fest.lib.id.survey.na368,2016,0.019417545992852517,0,0,0,0,0,0,0,0
551,0.07348282028987027,id401,2013,0.07211320128732311,0,0,0,0,0,1,0,1
tffnew2630,0.029034285100219805,fest.lib.id1894,2017,0.07073302680059652,0,0,0,0,1,1,1,2
f16620,0.015607550489933975,fest.lib.id1888,2011,0.9014664491525963,0,0,0,0,1,1,1,1
f9247,0.027201934335915244,imdbady01264,2014,0.0016792613757082506,0,0,0,0,1,1,1,1
N1700705,0.021903518705110744,fest.lib.id1050,2016,0.10887639162499597,0,0,0,0,1,1,1,1
frnew821,0.016386031490707637,fest.lib.id744,2015,0.03530890126958436,0,0,0,0,0,0,0,0
f16591,0.016201961537617254,fest.lib.id1736,2010,1.0,0,0,0,0,1,1,1,1
tffnew325,0.020267178010986278,fest.lib.id.na.ch163,2011,0.02124090626912694,0,0,0,0,1,1,1,1
frnew180,0.014350207656910264,fest.lib.id665,2011,0.318359506181511,0,0,0,0,0,1,0,1
idfnew1268,0.014362108232280651,fest.lib.id.na120,2016,0.04508871310438658,0,0,0,0,0,0,0,0
I1401488,0.009771728587800597,fest.lib.id1700,2013,0.022713881069003995,0,0,0,0,0,0,0,0
I1602033,0.02374880468231809,fest.lib.id1253,2015,0.016771004451246067,0,0,0,0,1,1,1,1
tffnew2394,0.019428577795227553,fest.lib.id1736,2017,1.0,0,0,0,0,1,1,1,1
f17110,0.04445421629275252,fest.lib.id1888,2014,0.9014664491525963,0,0,0,0,1,1,1,2
33,0.025958737469867595,fest.lib.id1808,2012,0.1145501607898263,0,0,0,0,1,1,1,1
f8090,0.015266679906288081,fest.lib.id1888,2017,0.9014664491525963,0,0,0,0,1,1,1,1
idfnew1688,0.020655308374465508,id401,2017,0.07211320128732311,0,0,0,0,0,0,0,0
tffnew264,0.024391954375983738,fest.lib.id1489,2011,0.11452150555649154,0,0,0,0,0,1,0,1
frnew724,0.013366173583452356,fest.lib.id1148,2015,0.021450340112936533,0,0,0,0,0,0,0,0
frnew51,0.010470746031531416,fest.lib.id665,2011,0.318359506181511,0,0,0,0,0,1,0,1
frnew405,0.010470746031531416,fest.lib.id665,2012,0.318359506181511,0,0,0,0,0,1,0,1
I1605967,0.013837774442589407,fest.lib.id909,2015,0.13015898047987368,0,0,0,0,1,1,1,1
f7903,0.04511434225877379,fest.lib.id1888,2016,0.9014664491525963,0,0,0,0,1,1,1,1
frnew411,0.010470746031531416,fest.lib.id665,2012,0.318359506181511,0,0,0,0,0,1,0,1
idfnew1109,0.018060370002488505,fest.lib.id731,2015,0.3424863555939673,0,0,0,0,1,1,1,2
frnew1075,0.009777391917198137,fest.lib.id1342,2016,0.06876843098609271,0,0,0,0,0,0,0,0
tffnew44,0.0370228293485021,fest.lib.id1736,2011,1.0,0,0,0,0,1,1,1,1
f16700,0.040983652301753964,fest.lib.id1658,2011,0.15002034797660702,0,0,0,0,1,1,1,2
1572,0.011219045524521635,fest.lib.id364,2013,0.6039825158473134,0,0,0,0,1,1,1,1
tffnew2299,0.00875499932378066,fest.lib.id282,2017,0.03946355520582079,0,0,0,0,0,0,0,0
1677,0.025677998741411235,fest.lib.id.na251,2012,0.002068207277881344,0,0,0,0,1,1,1,1
9058fnosuv,0.009298203289242048,fest.lib.id285,2011,0.39801347663094955,0,0,0,0,1,1,1,1
f17054,0.023439599418824807,fest.lib.id1888,2012,0.9014664491525963,0,0,0,0,1,1,1,2
1377,0.01829050731045444,fest.lib.id1768,2013,0.07352724707497833,0,0,0,0,1,1,1,1
f9269,0.10249115706996165,fest.lib.id285,2016,0.39801347663094955,0,0,0,0,1,1,2,3
tffnew138,0.025843999326244687,fest.lib.id.na160,2011,0.02073420537207051,0,0,0,0,1,1,1,1
frnew1029,0.013959790847221846,fest.lib.id1768,2016,0.07352724707497833,0,0,0,0,0,1,0,2
f17255,0.009940784625779017,fest.lib.id1888,2014,0.9014664491525963,0,0,0,0,1,1,1,1
476,0.033346964612017006,fest.lib.id1891,2013,0.007447427042255789,0,0,0,0,1,1,1,2
tffnew2206,0.011814611672076066,fest.lib.id1736,2016,1.0,0,0,0,0,1,1,1,1
1087,0.017316036488452178,fest.lib.id1658,2013,0.15002034797660702,0,0,0,0,0,1,0,1
I1604458,0.23584256768065023,fest.lib.id1910,2015,0.004135218548204918,0,0,0,0,1,1,1,1
frnew735,0.029032647234339223,fest.lib.id1050,2014,0.10887639162499597,0,0,0,0,0,1,0,2
tffnew1565,0.026286722450964906,fest.lib.id1736,2015,1.0,0,0,0,0,1,1,1,1
f9074,0.08879710119253652,fest.lib.id285,2012,0.39801347663094955,0,0,0,0,1,1,2,5
f9311,0.009298203289242048,fest.lib.id285,2016,0.39801347663094955,0,0,0,0,1,1,1,1
frnew221,0.19549184062463287,imdbady01196,2010,0.0014161204765078368,0,0,0,0,0,1,0,1
tffnew1980,0.012630669380523856,fest.lib.id308,2016,0.1567988599577044,0,0,0,0,0,0,0,0
83,0.0381976637609498,fest.lib.id665,2013,0.318359506181511,0,0,0,0,0,1,0,1
256,0.010470746031531416,fest.lib.id665,2013,0.318359506181511,0,0,0,0,0,1,0,1
I1604544,0.014559663032731361,fest.lib.id364,2016,0.6039825158473134,0,0,0,0,1,1,1,1
N1500344,0.018256847916412192,fest.lib.id1118,2014,0.012882490252282741,0,0,0,0,1,1,1,1
f16927,0.04999550706554671,fest.lib.id1888,2012,0.9014664491525963,0,0,0,0,1,1,1,2
f16815,0.022068375278823514,fest.lib.id1888,2012,0.9014664491525963,0,0,0,0,1,1,1,1
f17028,0.01522210846375397,fest.lib.id1888,2012,0.9014664491525963,0,0,0,0,1,1,1,2
1331,0.014684855263908428,fest.lib.id364,2013,0.6039825158473134,0,0,0,0,1,1,1,1
f9211,0.04395514210362342,fest.lib.id285,2015,0.39801347663094955,0,0,0,0,1,1,2,3
idfnew433,0.008890096459412846,fest.lib.id162,2012,0.0402412207674064,0,0,0,0,0,0,0,0
f7733,0.009940784625779017,fest.lib.id1888,2016,0.9014664491525963,0,0,0,0,1,1,1,1
664,0.039446711141300404,fest.lib.id20,2012,0.034341018289259624,0,0,0,0,1,1,1,1
tffnew1378,0.01489263252591219,fest.lib.id1736,2014,1.0,0,0,0,0,1,1,1,1
tffnew2657,0.035531601362388025,fest.lib.id1736,2017,1.0,0,0,0,0,1,1,2,2
frnew766,0.021238512222005606,fest.lib.id665,2015,0.318359506181511,0,0,0,0,0,1,0,1
I1603921,0.011219045524521635,fest.lib.id364,2016,0.6039825158473134,0,0,0,0,1,1,1,1
tffnew108,0.025340578545444484,fest.lib.id1050,2011,0.10887639162499597,0,0,0,0,1,1,1,2
N1601605,0.019461976327065138,fest.lib.id364,2016,0.6039825158473134,0,0,0,0,1,1,1,1
719,0.018138906928427498,fest.lib.id6240,2011,0.012192023755148272,0,0,0,0,0,1,0,1
idfnew671,0.008650996838685027,fest.lib.id.survey.na41,2012,0.07660484868927712,0,0,0,0,0,0,0,0
idfnew88,0.01388426740537012,fest.lib.id217,2011,0.13475573540038221,0,0,0,0,0,1,0,1
f9169,0.13305988674366825,fest.lib.id285,2014,0.39801347663094955,0,0,0,0,1,1,3,4
tffnew542,0.024603869682865206,fest.lib.id1296,1967,0.12314726966479073,0,0,0,0,1,1,1,2
tffnew1656,0.04733820517306745,fest.lib.id1697,2015,0.05210166239461778,0,0,0,0,1,1,1,3
f16527,0.012647793353188753,fest.lib.id1888,2011,0.9014664491525963,0,0,0,0,1,1,1,2
I1203550,0.008673905811025418,fest.lib.id308,2011,0.1567988599577044,0,0,0,0,0,0,0,0
1096,0.021787361426193044,fest.lib.id.na240,2013,0.06203455950095228,0,0,0,0,1,1,1,1
tffnew112,0.009336977626214061,fest.lib.id1736,2011,1.0,0,0,0,0,1,1,1,1
tffnew2222,0.027862565530485172,fest.lib.id.na.ch163,2016,0.02124090626912694,0,0,0,0,1,1,1,2
frnew891,0.01170943756689636,fest.lib.id1529,2016,0.11108067190434959,0,0,0,0,0,0,0,0
frnew668,0.07312868872686944,fest.lib.id1148,2015,0.021450340112936533,0,0,0,0,0,1,0,1
N1200816,0.014255663857400503,fest.lib.id364,2012,0.6039825158473134,0,0,0,0,1,1,1,1
I1700414,0.026595476989544578,imdbady00847,2016,0.0014298557830023158,0,0,0,0,0,0,0,0
idfnew1221,0.017129919240851058,fest.lib.id.na286,2016,0.010566829721508469,0,0,0,0,0,1,0,1
f8296,0.012544824162242665,fest.lib.id1888,2017,0.9014664491525963,0,0,0,0,1,1,1,1
f16770,0.009940784625779017,fest.lib.id1888,2012,0.9014664491525963,0,0,0,0,1,1,1,1
idfnew1809,0.0807987867287323,fest.lib.id1658,2017,0.15002034797660702,0,0,0,0,0,1,0,2
idfnew423,0.02306377678638047,fest.lib.id1808,2012,0.1145501607898263,0,0,0,0,0,0,0,0
f7829,0.027829034082308992,fest.lib.id1915,2016,0.006266045667585446,0,0,0,0,1,1,1,1
I1601062,0.01475150071983988,fest.lib.id364,2016,0.6039825158473134,0,0,0,0,1,1,1,1
frnew779,0.010234032831391644,fest.lib.id.na42,2014,0.06417041546238612,0,0,0,0,0,0,0,0
frnew997,0.020693526246124447,fest.lib.id665,2017,0.318359506181511,0,0,0,0,0,1,0,1
idfnew849,0.014555665976595088,fest.lib.id388,2014,0.10657216405781064,0,0,0,0,0,1,0,1
I1203730,0.022784626222503743,fest.lib.id1704,2011,0.0826856495616202,0,0,0,0,0,0,0,0
f7879,0.009940784625779017,fest.lib.id1888,2016,0.9014664491525963,0,0,0,0,1,1,1,1
idfnew1200,0.017604191913113285,fest.lib.id874,2015,0.5062687909078113,0,0,0,0,1,1,1,1
tffnew125,0.009336977626214061,fest.lib.id1736,2011,1.0,0,0,0,0,1,1,1,1
tffnew1292,0.027530179363523782,fest.lib.id14,2014,0.0083552049049372,0,0,0,0,1,1,1,1
f8346,0.05425009981283192,fest.lib.id1888,2017,0.9014664491525963,0,0,0,0,1,1,2,4
I1103194,0.009376954738860601,fest.lib.id.na111,2011,0.013684973272772927,0,0,0,0,0,0,0,0
frnew995,0.013489044257470181,fest.lib.id206,2017,0.01882695794132455,0,0,0,0,0,0,0,0
f9370,0.033795023134061165,imdbady01632,2016,0.0029475331034531332,0,0,0,0,0,0,0,0
f17661,0.17062110242408035,fest.lib.id1808,2014,0.1145501607898263,0,0,0,0,1,1,2,4
idfnew549,0.03151904076367449,fest.lib.id388,2012,0.10657216405781064,0,0,0,0,1,1,1,2
265,0.04606136809749674,fest.lib.id1736,2013,1.0,0,0,0,0,1,1,1,1
515,0.022983437027074175,fest.lib.id1888,2013,0.9014664491525963,0,0,0,0,1,1,1,1
frnew626,0.010470746031531416,fest.lib.id665,2014,0.318359506181511,0,0,0,0,0,1,0,1
f16701,0.008909686408349713,fest.lib.id388,2013,0.10657216405781064,0,0,0,0,0,0,0,0
tffnew480,0.012243772421504007,fest.lib.id1736,2012,1.0,0,0,0,0,1,1,1,1
tffnew2646,0.01912266440761652,fest.lib.id1736,2017,1.0,0,0,0,0,1,1,1,1
idfnew1556,0.04090070321753923,fest.lib.id874,2016,0.5062687909078113,0,0,0,0,1,1,1,1
frnew136,0.13811489054750214,fest.lib.id7535,2011,0.01972946207965473,0,0,0,0,0,1,0,1
f7840,0.01387067978715426,fest.lib.id7505,2015,0.06371828239502825,0,0,0,0,0,0,0,0
I1401661,0.029041128996207446,imdbady00267,2012,0.0020001199417456904,0,0,0,0,1,1,1,1
idfnew1853,0.027774387433200525,fest.lib.id1736,1998,1.0,0,0,0,0,1,1,3,3
idfnew1094,0.01264933819738538,fest.lib.id1503,2013,0.02528824098579947,0,0,0,0,1,1,1,1
f9214,0.017556614953700048,fest.lib.id285,2015,0.39801347663094955,0,0,0,0,1,1,1,3
1487,0.022031855129032236,fest.lib.id364,2013,0.6039825158473134,0,0,0,0,1,1,1,1
tffnew257,0.021287687281743642,fest.lib.id909,2011,0.13015898047987368,0,0,0,0,0,0,0,0
342,0.009940784625779017,fest.lib.id1888,2013,0.9014664491525963,0,0,0,0,1,1,1,1
f8043,0.04096120607126984,fest.lib.id1888,2016,0.9014664491525963,0,0,0,0,1,1,1,3
frnew30,0.022338619305203346,fest.lib.id665,2011,0.318359506181511,0,0,0,0,0,1,0,1
1270,0.009336977626214061,fest.lib.id1736,2013,1.0,0,0,0,0,1,1,1,1
f7784,0.018683753653630102,fest.lib.id1888,2016,0.9014664491525963,0,0,0,0,1,1,1,1
tffnew1509,0.01945397111606549,fest.lib.id1736,2014,1.0,0,0,0,0,1,1,1,1
tffnew2672,0.009336977626214061,fest.lib.id1736,2017,1.0,0,0,0,0,1,1,1,1
tffnew2378,0.15488292756080327,fest.lib.id1736,2017,1.0,0,0,0,0,1,1,1,1
tffnew2239,0.021941030753077347,fest.lib.id1808,2016,0.1145501607898263,0,0,0,0,1,1,1,1
f8060,0.048742778685592264,fest.lib.id1888,2017,0.9014664491525963,0,0,0,0,1,1,2,4
frnew505,0.009777391917198137,fest.lib.id1342,2014,0.06876843098609271,0,0,0,0,0,0,0,0
f17679,0.009940784625779017,fest.lib.id1888,2015,0.9014664491525963,0,0,0,0,1,1,1,1
tffnew1201,0.02933158325008413,fest.lib.id1736,2014,1.0,0,0,0,0,1,1,1,1
f8323,0.03526892865851706,fest.lib.id1296,2016,0.12314726966479073,0,0,0,0,1,1,1,1
827,0.00995575178972834,fest.lib.id874,2013,0.5062687909078113,0,0,0,0,1,1,1,1
f8285,0.023673424858011525,fest.lib.id1915,2017,0.006266045667585446,0,0,0,0,1,1,1,1
tffnew2670,0.014806035303392716,fest.lib.id1292,2017,0.004710768670663078,0,0,0,0,1,1,1,1
frnew516,0.020016470192419103,fest.lib.id1074,2014,0.045751935521372585,0,0,0,0,0,1,0,1
N1500366,0.011219045524521635,fest.lib.id364,2015,0.6039825158473134,0,0,0,0,1,1,1,1
tffnew91,0.02061237291702915,fest.lib.id1736,2011,1.0,0,0,0,0,1,1,1,2
f9117,0.014958684696751089,fest.lib.id285,2012,0.39801347663094955,0,0,0,0,1,1,1,1
296,0.024064140484600798,fest.lib.id1736,2013,1.0,0,0,0,0,1,1,1,2
1168,0.011872518399807266,fest.lib.id285,2013,0.39801347663094955,0,0,0,0,1,1,1,1
f16571,0.029551198735216083,fest.lib.id1888,2011,0.9014664491525963,0,0,0,0,1,1,1,2
idfnew690,0.012741706709967587,fest.lib.id1722,2013,0.10246538636036051,0,0,0,0,0,0,0,0
tffnew2082,0.05819048756908014,fest.lib.id1808,2016,0.1145501607898263,0,0,0,0,1,1,1,3
N1501780,0.011219045524521635,fest.lib.id364,2015,0.6039825158473134,0,0,0,0,1,1,1,1
tffnew143,0.023042377409894874,fest.lib.id1543,2011,0.07586793383075503,0,0,0,0,1,1,1,1
idfnew1113,0.01329636929793807,fest.lib.id874,2015,0.5062687909078113,0,0,0,0,1,1,1,1
N1400727,0.036778843653076716,fest.lib.id1888,2013,0.9014664491525963,0,0,0,0,1,1,2,2
frnew993,0.035389869589072594,fest.lib.id206,2017,0.01882695794132455,0,0,0,0,0,0,0,0
idfnew1799,0.014196290500950509,imdbady01240,2018,0.012268671571908496,0,0,0,0,0,0,0,0
tffnew1544,0.012239996113873022,fest.lib.id1736,2015,1.0,0,0,0,0,1,1,1,1
tffnew2428,0.019647824315158414,fest.lib.id1808,2017,0.1145501607898263,0,0,0,0,1,1,1,1
I1504752,0.01558340938824633,fest.lib.id3184,2015,0.023402548030820258,0,0,0,0,0,0,0,0
tffnew2569,0.01959841040614376,fest.lib.id1736,2017,1.0,0,0,0,0,1,1,1,1
496,0.026430351569880044,fest.lib.id216,2012,0.011601333047554022,0,0,0,0,1,1,1,1
f17693,0.03536657835201704,fest.lib.id1888,2015,0.9014664491525963,0,0,0,0,1,1,1,1
I1602980,0.011219045524521635,fest.lib.id364,2016,0.6039825158473134,0,0,0,0,1,1,1,1
N1501473,0.018291243601476277,fest.lib.id364,2015,0.6039825158473134,0,0,0,0,1,1,1,2
358,0.013518937128641802,fest.lib.id1118,2012,0.012882490252282741,0,0,0,0,1,1,1,1
idfnew1409,0.008822212633574487,fest.lib.id1658,2016,0.15002034797660702,0,0,0,0,0,0,0,0
f9022,0.05186398704794504,fest.lib.id285,2011,0.39801347663094955,0,0,0,0,1,1,2,2
I1505412,0.011219045524521635,fest.lib.id364,2015,0.6039825158473134,0,0,0,0,1,1,1,1
1433,0.009940784625779017,fest.lib.id1888,2013,0.9014664491525963,0,0,0,0,1,1,1,1
f16410,0.009940784625779017,fest.lib.id1888,2011,0.9014664491525963,0,0,0,0,1,1,1,1
N1500585,0.026835568771282056,fest.lib.id.na365,2014,0.053889133022886754,0,0,0,0,1,1,1,1
1269,0.029405167829723546,fest.lib.id1736,2012,1.0,0,0,0,0,1,1,2,2
idfnew1925,0.00995575178972834,fest.lib.id874,2017,0.5062687909078113,0,0,0,0,1,1,1,1
frnew550,0.013108101651097392,fest.lib.id.ch859,2013,0.020422489926764233,0,0,0,0,0,0,0,0
idfnew1469,0.08620435894285962,fest.lib.id874,2016,0.5062687909078113,0,0,0,0,1,1,1,1
f8044,0.03828653226237286,fest.lib.id1888,2016,0.9014664491525963,0,0,0,0,1,1,1,2
N1701258,0.05583289832273217,id627,2017,0.06218359890861916,0,0,0,0,1,1,1,1
f9242,0.009298203289242048,fest.lib.id285,2015,0.39801347663094955,0,0,0,0,1,1,1,1
idfnew315,0.02184134401755782,fest.lib.id1585,2009,0.006285429813321766,0,0,0,0,0,0,0,0
tffnew2151,0.021251766372060256,id201,2016,0.014079317259357451,0,0,0,0,0,1,0,1
9345fnosuv,0.028539761676500963,fest.lib.id285,2016,0.39801347663094955,0,0,0,0,1,1,1,1
frnew849,0.014145288208992222,fest.lib.id665,2016,0.318359506181511,0,0,0,0,0,1,0,1
f16539,0.03298380344304805,fest.lib.id1888,2011,0.9014664491525963,0,0,0,0,1,1,1,2
idfnew1567,0.023854761584103205,fest.lib.id388,2017,0.10657216405781064,0,0,0,0,0,0,0,0
tffnew464,0.014834918362980258,fest.lib.id1736,2012,1.0,0,0,0,0,1,1,1,1
idfnew1128,0.012655000768368167,fest.lib.id1776,2010,0.029239436365596817,0,0,0,0,1,1,1,1
f9005,0.04379173824060147,fest.lib.id285,2011,0.39801347663094955,0,0,0,0,1,1,1,2
f7882,0.021493477123261596,fest.lib.id1888,2016,0.9014664491525963,0,0,0,0,1,1,1,1
f16885,0.015460331889004635,fest.lib.id1888,2012,0.9014664491525963,0,0,0,0,1,1,1,1
9570fnosuv,0.023319032723978814,fest.lib.id285,1980,0.39801347663094955,0,0,0,0,1,1,1,1
idfnew831,0.029962240871343474,fest.lib.id1888,1998,0.9014664491525963,0,0,0,0,1,1,1,1
f9313,0.01332189600508531,fest.lib.id285,2016,0.39801347663094955,0,0,0,0,1,1,1,1
I1402802,0.024518952990224555,fest.lib.id1050,2013,0.10887639162499597,0,0,0,0,1,1,1,1
idfnew326,0.009139468072616197,fest.lib.id1234,2011,0.048618230462118085,0,0,0,0,0,0,0,0
N1201055,0.0152511145186975,fest.lib.id364,2012,0.6039825158473134,0,0,0,0,1,1,1,1
tffnew2597,0.02404100962078056,fest.lib.id1736,2017,1.0,0,0,0,0,1,1,1,2
9079fnosuv,0.012005212016651784,fest.lib.id285,2011,0.39801347663094955,0,0,0,0,1,1,1,2
tffnew2372,0.009336977626214061,fest.lib.id1736,2017,1.0,0,0,0,0,1,1,1,1
f8027,0.027009996858612866,fest.lib.id1888,2016,0.9014664491525963,0,0,0,0,1,1,1,1
idfnew1205,0.00995575178972834,fest.lib.id874,2015,0.5062687909078113,0,0,0,0,1,1,1,1
tffnew1761,0.023601093581126862,fest.lib.id1736,2015,1.0,0,0,0,0,1,1,1,2
1003,0.03749350871457432,fest.lib.id1180,2012,0.022425458764178004,0,0,0,0,0,1,0,1
f9148,0.051291012719131036,fest.lib.id285,2014,0.39801347663094955,0,0,0,0,1,1,1,2
f9072,0.08668590605104655,fest.lib.id285,2012,0.39801347663094955,0,0,0,0,1,1,2,4
tffnew2583,0.01821988089641491,fest.lib.id1736,2017,1.0,0,0,0,0,1,1,1,1
tffnew2593,0.009336977626214061,fest.lib.id1736,2017,1.0,0,0,0,0,1,1,1,1
I1505706,0.03373320487023835,fest.lib.id1658,2015,0.15002034797660702,0,0,0,0,1,1,1,2
frnew480,0.013682023754008104,fest.lib.id665,2014,0.318359506181511,0,0,0,0,0,1,0,1
tffnew1190,0.06412069342961012,fest.lib.id1736,2014,1.0,0,0,0,0,1,1,1,3
frnew187,0.016029212456993902,fest.lib.id365,2011,0.0812771382038422,0,0,0,0,0,0,0,0
f16464,0.029381145019093304,imdbady01077,2011,0.001584556046810725,0,0,0,0,1,1,1,2
351,0.02743699503008595,fest.lib.id38,2013,0.01570669147454149,0,0,0,0,1,1,1,1
idfnew271,0.021241637851912035,fest.lib.id1888,2011,0.9014664491525963,0,0,0,0,1,1,1,1
9214fnosuv,0.036873143060226266,fest.lib.id285,2014,0.39801347663094955,0,0,0,0,1,1,1,2
tffnew1336,0.06408284090471837,fest.lib.id1736,2014,1.0,0,0,0,0,1,1,1,2
idfnew1209,0.00995575178972834,fest.lib.id874,2015,0.5062687909078113,0,0,0,0,1,1,1,1
I1105391,0.011219045524521635,fest.lib.id364,2011,0.6039825158473134,0,0,0,0,1,1,1,1
f17543,0.01688458858736686,fest.lib.id665,2014,0.318359506181511,0,0,0,0,0,1,0,1
I1503049,0.013803384450556396,fest.lib.id1182,2014,0.029129658789427314,0,0,0,0,1,1,1,1
f9399,0.029211118570370592,fest.lib.id285,2017,0.39801347663094955,0,0,0,0,1,1,1,1
tffnew555,0.019687175672794068,fest.lib.id909,1991,0.13015898047987368,0,0,0,0,0,0,0,0
286,0.05861755654259035,fest.lib.id1658,2013,0.15002034797660702,0,0,0,0,1,1,1,3
f17104,0.07289064410801896,fest.lib.id1658,2014,0.15002034797660702,0,0,0,0,1,1,1,2
f9335,0.07946325546195397,fest.lib.id285,2017,0.39801347663094955,0,0,0,0,1,1,2,3
tffnew2092,0.02451682643458677,fest.lib.id1736,2016,1.0,0,0,0,0,1,1,1,2
tffnew1330,0.07694784598453092,fest.lib.id285,2014,0.39801347663094955,0,0,0,0,1,1,2,4
920,0.00995575178972834,fest.lib.id874,2013,0.5062687909078113,0,0,0,0,1,1,1,1
81,0.02548778374010614,fest.lib.id1736,2013,1.0,0,0,0,0,1,1,1,1
f16399,0.026351640063842413,fest.lib.id1888,2011,0.9014664491525963,0,0,0,0,1,1,1,1
frnew101,0.01095290068664221,imdbady00966,2016,0.0041807697936394545,0,0,0,0,0,0,0,0
frnew818,0.015527708953677704,fest.lib.id7535,2015,0.01972946207965473,0,0,0,0,0,0,0,0
1010,0.028513877709286106,fest.lib.id1557,2013,0.19355067805909,0,0,0,0,0,1,0,2
1171,0.034312935279300516,fest.lib.id1658,2013,0.15002034797660702,0,0,0,0,1,1,1,2
tffnew1640,0.04692871901652453,fest.lib.id1736,2015,1.0,0,0,0,0,1,1,1,1
idfnew648,0.012430553399490103,fest.lib.id1722,2013,0.10246538636036051,0,0,0,0,0,0,0,0
I1704593,0.02287197475686836,fest.lib.id1658,2017,0.15002034797660702,0,0,0,0,0,0,0,0
idfnew518,0.023675816020973326,fest.lib.id909,2000,0.13015898047987368,0,0,0,0,1,1,1,1
f17672,0.01618078909742468,fest.lib.id1888,2015,0.9014664491525963,0,0,0,0,1,1,1,1
f17495,0.012418418671641021,fest.lib.id1888,2015,0.9014664491525963,0,0,0,0,1,1,1,1
9349fnosuv,0.011253921784706224,fest.lib.id1808,1963,0.1145501607898263,0,0,0,0,0,0,0,0
541,0.009940784625779017,fest.lib.id1888,2013,0.9014664491525963,0,0,0,0,1,1,1,1
1591,0.011219045524521635,fest.lib.id364,2013,0.6039825158473134,0,0,0,0,1,1,1,1
idfnew237,0.02083971062540784,fest.lib.id874,2010,0.5062687909078113,0,0,0,0,1,1,1,1
266,0.03522026846887122,fest.lib.id1736,2013,1.0,0,0,0,0,1,1,1,3
f7927,0.032306839810797384,fest.lib.id1888,2016,0.9014664491525963,0,0,0,0,1,1,1,3
tffnew254,0.012079209633487877,fest.lib.id1736,2011,1.0,0,0,0,0,1,1,1,1
idfnew251,0.015881573595716268,fest.lib.id1827,2011,0.013212879199878848,0,0,0,0,0,0,0,0
1566,0.01397025471077992,fest.lib.id364,2013,0.6039825158473134,0,0,0,0,1,1,1,1
idfnew735,0.013720576634586215,fest.lib.id874,2014,0.5062687909078113,0,0,0,0,1,1,1,1
tffnew2674,0.009336977626214061,fest.lib.id1736,2017,1.0,0,0,0,0,1,1,1,1
idfnew908,0.05179487396351059,fest.lib.id1888,2013,0.9014664491525963,0,0,0,0,1,1,2,2
449,0.018067070014467897,fest.lib.id1888,2013,0.9014664491525963,0,0,0,0,1,1,1,1
idfnew1448,0.09153181051573474,fest.lib.id874,2016,0.5062687909078113,0,0,0,0,1,1,1,1
f9267,0.019231573139464577,fest.lib.id285,2016,0.39801347663094955,0,0,0,0,1,1,1,1
f9354,0.045103249401800403,fest.lib.id1658,2017,0.15002034797660702,0,0,0,0,1,1,1,2
frnew942,0.022829119670896614,fest.lib.id1658,2016,0.15002034797660702,0,0,0,0,0,0,0,0
tffnew2421,0.026189824040768063,fest.lib.id285,2017,0.39801347663094955,0,0,0,0,1,1,2,2
699,0.017175765539727786,fest.lib.id782,2012,0.03168250471808614,0,0,0,0,0,1,0,1
822,0.020225491654594644,fest.lib.id1808,1954,0.1145501607898263,0,0,0,0,1,1,1,1
902,0.028450091034281706,fest.lib.id1050,2013,0.10887639162499597,0,0,0,0,1,1,1,2
453,0.07492193162596394,fest.lib.id1697,2012,0.05210166239461778,0,0,0,0,1,1,2,3
idfnew1298,0.012425831331348829,fest.lib.id1535,2015,0.08500246471603438,0,0,0,0,1,1,1,1
frnew837,0.009635304935055574,imdbady01684,2016,0.009157710031486842,0,0,0,0,0,0,0,0
f9353,0.118099341450154,fest.lib.id1296,2017,0.12314726966479073,0,0,0,0,1,1,2,4
tffnew1581,0.029929356057990218,fest.lib.id1736,2015,1.0,0,0,0,0,1,1,1,2
1292,0.03445729798715525,fest.lib.id1888,2013,0.9014664491525963,0,0,0,0,1,1,1,1
f9186,0.011830664897767485,fest.lib.id285,2014,0.39801347663094955,0,0,0,0,1,1,1,1
tffnew2275,0.09510559320596003,fest.lib.id1050,2016,0.10887639162499597,0,0,0,0,1,1,1,3
tffnew2441,0.018412318053793675,fest.lib.id1736,2017,1.0,0,0,0,0,1,1,1,1
frnew293,0.015733756648687272,fest.lib.id1074,2012,0.045751935521372585,0,0,0,0,0,0,0,0
idfnew415,0.011219045524521635,fest.lib.id364,2014,0.6039825158473134,0,0,0,0,1,1,1,1
f17136,0.049108782309122155,fest.lib.id648,2014,0.008134580754714654,0,0,0,0,1,1,1,1
I1504975,0.03778664708185714,imdbady01202,2014,0.0015235366501679002,0,0,0,0,1,1,1,1
f8216,0.01580196585866939,fest.lib.id1888,2017,0.9014664491525963,0,0,0,0,1,1,1,1
f7850,0.06312834463888613,fest.lib.id1888,2016,0.9014664491525963,0,0,0,0,1,1,2,2
f9158,0.03687964439631159,fest.lib.id285,2014,0.39801347663094955,0,0,0,0,1,1,1,3
f16443,0.028060306127564598,fest.lib.id1888,2011,0.9014664491525963,0,0,0,0,1,1,1,1
tffnew1294,0.07105464791116187,fest.lib.id1736,2014,1.0,0,0,0,0,1,1,1,2
tffnew1872,0.052573944585209344,fest.lib.id1736,2015,1.0,0,0,0,0,1,1,1,2
tffnew452,0.01730801136795242,fest.lib.id1050,2012,0.10887639162499597,0,0,0,0,0,0,0,0
9571fnosuv,0.049084852705728516,fest.lib.id285,1981,0.39801347663094955,0,0,0,0,1,1,2,2
frnew198,0.07457904843175839,fest.lib.id1768,2010,0.07352724707497833,0,0,0,0,0,1,0,2
f9041,0.017041540481880318,fest.lib.id285,2011,0.39801347663094955,0,0,0,0,1,1,1,1
N1100562,0.018001871996233394,fest.lib.id61,2010,0.0169622751681525,0,0,0,0,1,1,1,1
912,0.014656014696714204,fest.lib.id1736,2013,1.0,0,0,0,0,1,1,1,1
tffnew80,0.02023701381376292,fest.lib.id1050,2011,0.10887639162499597,0,0,0,0,1,1,1,2
f16572,0.02775855556214129,fest.lib.id751,2010,0.06591674348473482,0,0,0,0,0,0,0,0
f16911,0.034308071641085895,fest.lib.id1888,2012,0.9014664491525963,0,0,0,0,1,1,1,1
tffnew1288,0.018374091984597763,fest.lib.id1736,2014,1.0,0,0,0,0,1,1,1,1
tffnew156,0.04594944987156697,fest.lib.id1808,2011,0.1145501607898263,0,0,0,0,1,1,1,2
N1700712,0.015298854838442422,fest.lib.id364,2017,0.6039825158473134,0,0,0,0,1,1,1,1
idfnew1476,0.024952967937765996,fest.lib.id874,2016,0.5062687909078113,0,0,0,0,1,1,1,1
idfnew1915,0.018755038657720737,fest.lib.id874,2017,0.5062687909078113,0,0,0,0,1,1,1,1
I1604902,0.025677998741411235,fest.lib.id.survey.na432,2015,0.002068207277881344,0,0,0,0,1,1,1,1
tffnew1582,0.04239951937801129,fest.lib.id1808,2015,0.1145501607898263,0,0,0,0,1,1,1,2
f8350,0.01877488116486642,fest.lib.id1736,2016,1.0,0,0,0,0,1,1,2,2
frnew843,0.010470746031531416,fest.lib.id665,2016,0.318359506181511,0,0,0,0,0,1,0,1
f7880,0.03739468071090994,fest.lib.id1888,2016,0.9014664491525963,0,0,0,0,1,1,1,3
f8080,0.012728031345454532,fest.lib.id162,2016,0.0402412207674064,0,0,0,0,1,1,1,1
127,0.054974523475317436,fest.lib.id1736,2013,1.0,0,0,0,0,1,1,1,3
frnew278,0.18831949762397873,imdbady00221,2012,0.001463428814910313,0,0,0,0,0,1,0,1
tffnew248,0.03921279831718715,fest.lib.id1736,2011,1.0,0,0,0,0,1,1,1,1
tffnew81,0.013796823477086712,fest.lib.id1736,2011,1.0,0,0,0,0,1,1,1,1
628,0.025857612556282963,fest.lib.id1972,2013,0.013834076062327318,0,0,0,0,0,1,0,1
N1501796,0.011219045524521635,fest.lib.id364,2015,0.6039825158473134,0,0,0,0,1,1,1,1
f17108,0.01800717062063806,fest.lib.id1888,2014,0.9014664491525963,0,0,0,0,1,1,1,2
idfnew1050,0.01865875278859434,fest.lib.id.ch1786,2015,0.19707774754205087,0,0,0,0,0,1,0,1
tffnew1250,0.0890070903712499,fest.lib.id1736,2014,1.0,0,0,0,0,1,1,1,2
f17145,0.014911403897483489,fest.lib.id1888,2014,0.9014664491525963,0,0,0,0,1,1,1,1
f17114,0.06783341362667311,fest.lib.id1658,2014,0.15002034797660702,0,0,0,0,1,1,2,3
1341,0.011869259360530135,fest.lib.id285,1973,0.39801347663094955,0,0,0,0,1,1,1,1
frnew377,0.012763658419172628,fest.lib.id7784,2012,0.0038207354484763485,0,0,0,0,0,0,0,0
frnew3,0.016748790239816277,fest.lib.id1167,2011,0.14309594420744598,0,0,0,0,0,0,0,0
435,0.01721602646156448,fest.lib.id.na225,2012,0.008534922080603677,0,0,0,0,1,1,1,2
f16368,0.03153889378141844,fest.lib.id1888,2011,0.9014664491525963,0,0,0,0,1,1,1,2
f16582,0.020285982549137934,fest.lib.id1888,2011,0.9014664491525963,0,0,0,0,1,1,1,1
tffnew375,0.032501203292031204,fest.lib.id1808,2012,0.1145501607898263,0,0,0,0,1,1,1,1
1006,0.0342505439159119,fest.lib.id874,2013,0.5062687909078113,0,0,0,0,1,1,1,2
f8358,0.024412060917168462,fest.lib.id1736,2016,1.0,0,0,0,0,1,1,2,2
282,0.04224829821316333,fest.lib.id1808,2013,0.1145501607898263,0,0,0,0,1,1,1,2
tffnew1726,0.016862147009714244,fest.lib.id1736,2015,1.0,0,0,0,0,1,1,1,1
frnew74,0.024395463371435114,fest.lib.id1148,2011,0.021450340112936533,0,0,0,0,0,0,0,0
tffnew2499,0.022730077530465968,fest.lib.id1808,2017,0.1145501607898263,0,0,0,0,1,1,1,1
f17451,0.012637718100521627,fest.lib.id1888,2015,0.9014664491525963,0,0,0,0,1,1,1,1
frnew379,0.016065679894779125,fest.lib.id1342,2012,0.06876843098609271,0,0,0,0,0,0,0,0
idfnew1758,0.028897881490704366,fest.lib.id1296,1963,0.12314726966479073,0,0,0,0,1,1,1,1
f16564,0.01419556456973888,fest.lib.id1821,2011,0.15848479903885174,0,0,0,0,0,1,0,1
997,0.015224707905278901,fest.lib.id1888,2013,0.9014664491525963,0,0,0,0,1,1,1,1
I1503126,0.017340601455945865,fest.lib.id111,2014,0.004558911499656053,0,0,0,0,0,0,0,0
f16541,0.01120140933642087,fest.lib.id1385,2010,0.004393631084626594,0,0,0,0,0,0,0,0
733,0.03554585746659909,fest.lib.id974,2013,0.16229812321214043,0,0,0,0,1,1,1,1
frnew1050,0.013719559980790861,fest.lib.id.na191,2017,0.04577591160462887,0,0,0,0,0,0,0,0
frnew164,0.018418930514124625,fest.lib.id665,2011,0.318359506181511,0,0,0,0,0,1,0,1
idfnew1022,0.008561488384252117,fest.lib.id1887,2015,0.11341129673140814,0,0,0,0,0,0,0,0
tffnew2512,0.03408560541172435,fest.lib.id1736,2017,1.0,0,0,0,0,1,1,1,2
1153,0.021001949087864447,fest.lib.id1183,2013,0.04617845839505119,0,0,0,0,1,1,1,1
I1406259,0.014678695413549409,fest.lib.id364,2014,0.6039825158473134,0,0,0,0,1,1,1,1
frnew571,0.025637045627086134,fest.lib.id251,2013,0.030214209572879583,0,0,0,0,1,1,1,2
tffnew490,0.011591814375222878,fest.lib.id1832,2012,0.10684151432045275,0,0,0,0,0,1,0,1
f9078,0.01906382891974877,fest.lib.id285,2012,0.39801347663094955,0,0,0,0,1,1,1,1
tffnew2628,0.10617086654562094,fest.lib.id285,2017,0.39801347663094955,0,0,0,0,1,1,2,4
tffnew1138,0.009011573481631356,fest.lib.id1074,2015,0.045751935521372585,0,0,0,0,0,0,0,0
f17580,0.025159471235974073,fest.lib.id763,2015,0.16911813420957966,0,0,0,0,0,0,0,0
idfnew672,0.011879841853381845,fest.lib.id1808,2012,0.1145501607898263,0,0,0,0,0,0,0,0
957,0.013190108925368574,fest.lib.id1658,2013,0.15002034797660702,0,0,0,0,0,1,0,1
N1101342,0.03068432507951896,fest.lib.id364,2011,0.6039825158473134,0,0,0,0,1,1,1,1
f7908,0.025953670808983875,fest.lib.id1888,2016,0.9014664491525963,0,0,0,0,1,1,1,1
f17576,0.02958501542932479,fest.lib.id1736,2014,1.0,0,0,0,0,1,1,1,2
tffnew2477,0.047120503108022106,fest.lib.id1736,2017,1.0,0,0,0,0,1,1,1,2
442,0.023067198716006966,fest.lib.id208,2012,0.04600974406402983,0,0,0,0,1,1,1,1
f7823,0.030638520145854293,imdbady01003,2015,0.00201452241786522,0,0,0,0,1,1,1,1
idfnew1234,0.034364871666662335,id401,2015,0.07211320128732311,0,0,0,0,1,1,1,2
f16381,0.04208513602687966,fest.lib.id1888,2011,0.9014664491525963,0,0,0,0,1,1,1,2
idfnew23,0.00995575178972834,fest.lib.id874,2011,0.5062687909078113,0,0,0,0,1,1,1,1
I1602824,0.025279753598053654,fest.lib.id909,2016,0.13015898047987368,0,0,0,0,1,1,1,1
1525,0.023158633299537504,fest.lib.id117,2012,0.039048634073661166,0,0,0,0,1,1,1,1
f9237,0.009298203289242048,fest.lib.id285,2015,0.39801347663094955,0,0,0,0,1,1,1,1
I1703540,0.030590276978907014,imdbady00661,2016,0.001269995085834899,0,0,0,0,1,1,1,2
f17534,0.023587289592602718,fest.lib.id217,2014,0.13475573540038221,0,0,0,0,1,1,1,2
76,0.04177537680007622,fest.lib.id874,2013,0.5062687909078113,0,0,0,0,1,1,1,2
f16697,0.04803395729017235,fest.lib.id1888,2011,0.9014664491525963,0,0,0,0,1,1,2,4
tffnew2506,0.011944761373351206,fest.lib.id1736,2017,1.0,0,0,0,0,1,1,1,1
74,0.013136138175283734,fest.lib.id285,1980,0.39801347663094955,0,0,0,0,1,1,2,2
I1406102,0.011219045524521635,fest.lib.id364,2014,0.6039825158473134,0,0,0,0,1,1,1,1
f9098,0.047101455982712606,fest.lib.id285,2012,0.39801347663094955,0,0,0,0,1,1,1,2
1449,0.013174912512255747,fest.lib.id1736,2013,1.0,0,0,0,0,1,1,2,2
frnew302,0.01358184883651807,fest.lib.id1853,2012,0.012387996649593459,0,0,0,0,0,0,0,0
I1404913,0.04136082815354274,fest.lib.id922,2013,0.004693408449177611,0,0,0,0,1,1,1,1
f16405,0.015894905420736734,fest.lib.id1888,2011,0.9014664491525963,0,0,0,0,1,1,1,1
f17217,0.1253307395765719,fest.lib.id1658,2014,0.15002034797660702,0,0,0,0,1,1,1,3
610,0.03609104762851617,fest.lib.id874,2013,0.5062687909078113,0,0,0,0,1,1,1,2
idfnew1204,0.035757052595184115,fest.lib.id1658,2015,0.15002034797660702,0,0,0,0,1,1,1,2
f9382,0.03141995891251032,fest.lib.id285,2017,0.39801347663094955,0,0,0,0,1,1,2,2
791,0.043624533202963646,fest.lib.id285,2012,0.39801347663094955,0,0,0,0,1,1,2,2
frnew1040,0.009777391917198137,fest.lib.id1342,2017,0.06876843098609271,0,0,0,0,0,0,0,0
172,0.06154562970338278,fest.lib.id285,2001,0.39801347663094955,0,0,0,0,1,1,3,3
1601,0.011219045524521635,fest.lib.id364,2013,0.6039825158473134,0,0,0,0,1,1,1,1
frnew857,0.02245298704313498,fest.lib.id206,2016,0.01882695794132455,0,0,0,0,0,0,0,0
frnew512,0.03355909882524716,fest.lib.id1658,2014,0.15002034797660702,0,0,0,0,0,1,0,1
601,0.03287071127066462,fest.lib.id874,2013,0.5062687909078113,0,0,0,0,1,1,1,1
tffnew2269,0.027370801161892114,fest.lib.id1736,2016,1.0,0,0,0,0,1,1,1,3
tffnew1438,0.02252748783328719,fest.lib.id1736,2014,1.0,0,0,0,0,1,1,1,2
idfnew759,0.028179847867351674,fest.lib.id1890,2014,0.017783632446809833,0,0,0,0,1,1,1,1
686,0.015812732115444497,fest.lib.id1888,2008,0.9014664491525963,0,0,0,0,1,1,2,2
1221,0.027958836514791124,fest.lib.id1736,2012,1.0,0,0,0,0,1,1,1,3
idfnew1625,0.025423738589269468,fest.lib.id874,2017,0.5062687909078113,0,0,0,0,1,1,1,1
300,0.017397870460136366,fest.lib.id665,2013,0.318359506181511,0,0,0,0,0,1,0,1
tffnew1899,0.08740272916436208,fest.lib.id1658,2015,0.15002034797660702,0,0,0,0,1,1,1,2
888,0.01671671987987498,fest.lib.id1697,2013,0.05210166239461778,0,0,0,0,1,1,1,1
f17345,0.05378613978655637,fest.lib.id389,2014,0.10581747073825994,0,0,0,0,0,0,0,0
tffnew2011,0.0991202429929845,fest.lib.id1658,2016,0.15002034797660702,0,0,0,0,1,1,1,3
N1400787,0.019675867009026238,fest.lib.id6814,2013,0.00692117836901193,0,0,0,0,1,1,1,1
f17344,0.0991187229440432,fest.lib.id1888,2014,0.9014664491525963,0,0,0,0,1,1,1,2
f9381,0.017936273377871126,fest.lib.id731,2017,0.3424863555939673,0,0,0,0,1,1,2,3
tffnew1166,0.017316641997920663,fest.lib.id1736,2014,1.0,0,0,0,0,1,1,1,2
f16731,0.009940784625779017,fest.lib.id1888,2011,0.9014664491525963,0,0,0,0,1,1,1,1
tffnew1871,0.020270697612173448,fest.lib.id1736,2015,1.0,0,0,0,0,1,1,1,1
idfnew1877,0.00995575178972834,fest.lib.id874,2017,0.5062687909078113,0,0,0,0,1,1,1,1
f16999,0.013381245472990867,fest.lib.id1888,2012,0.9014664491525963,0,0,0,0,1,1,1,1
idfnew51,0.011713525985708666,fest.lib.id958,2011,0.12075010945459504,0,0,0,0,0,0,0,0
N1400635,0.011219045524521635,fest.lib.id364,2014,0.6039825158473134,0,0,0,0,1,1,1,1
idfnew1471,0.012396936108951616,fest.lib.id1565,2016,0.03422279893718779,0,0,0,0,0,0,0,0
205,0.17268200942273576,fest.lib.id1795,2012,0.009180520377611176,0,0,0,0,0,1,0,2
idfnew586,0.009261345032982732,fest.lib.id1722,2013,0.10246538636036051,0,0,0,0,0,0,0,0
f8014,0.050766991806677826,fest.lib.id1658,2016,0.15002034797660702,0,0,0,0,1,1,1,3
tffnew1790,0.05254905967402916,fest.lib.id1808,2015,0.1145501607898263,0,0,0,0,1,1,1,2
tffnew2365,0.03901260204465471,fest.lib.id1736,2017,1.0,0,0,0,0,1,1,1,3
486,0.05452886137903538,fest.lib.id1768,2013,0.07352724707497833,0,0,0,0,0,1,0,1
I1401320,0.022199314372445392,fest.lib.id264,2013,0.00732888400495578,0,0,0,0,1,1,1,1
f17370,0.07245776333401505,fest.lib.id1888,2015,0.9014664491525963,0,0,0,0,1,1,1,2
tffnew2481,0.009336977626214061,fest.lib.id1736,2017,1.0,0,0,0,0,1,1,1,1
idfnew1486,0.018531666339081196,fest.lib.id1808,2016,0.1145501607898263,0,0,0,0,1,1,1,1
584,0.024915414689566148,fest.lib.id1722,2013,0.10246538636036051,0,0,0,0,0,1,0,1
20,0.07114950789837297,fest.lib.id1658,2013,0.15002034797660702,0,0,0,0,1,1,1,4
388,0.028037446576957017,fest.lib.id874,2013,0.5062687909078113,0,0,0,0,1,1,1,1
f8235,0.010534751112562399,fest.lib.id834,2015,0.006371382360185065,0,0,0,0,0,0,0,0
f7888,0.032449557308628335,fest.lib.id1888,2016,0.9014664491525963,0,0,0,0,1,1,1,2
f16870,0.014844085485525365,fest.lib.id39,2011,0.09626611562864955,0,0,0,0,1,1,1,1
tffnew2064,0.009336977626214061,fest.lib.id1736,2016,1.0,0,0,0,0,1,1,1,1
1468,0.03469408886317975,fest.lib.id1736,2013,1.0,0,0,0,0,1,1,1,1
tffnew1737,0.10345484514989238,fest.lib.id285,2015,0.39801347663094955,0,0,0,0,1,1,2,3
tffnew2326,0.021427417444300986,fest.lib.id1808,2016,0.1145501607898263,0,0,0,0,1,1,1,1
tffnew2549,0.018015396386424957,fest.lib.id1736,2017,1.0,0,0,0,0,1,1,1,2
f17523,0.009940784625779017,fest.lib.id1888,2015,0.9014664491525963,0,0,0,0,1,1,1,1
9455fnosuv,0.01352020651524125,fest.lib.id.na84,2016,0.0028146717796240757,0,0,0,0,0,0,0,0
frnew729,0.015597177924599791,fest.lib.id.na37,2015,0.019588819827686316,0,0,0,0,0,1,0,1
f16518,0.013678145300763096,fest.lib.id1888,2011,0.9014664491525963,0,0,0,0,1,1,1,1
tffnew2323,0.011810278790044693,fest.lib.id1736,2016,1.0,0,0,0,0,1,1,1,1
tffnew1360,0.05121629418722316,fest.lib.id285,2014,0.39801347663094955,0,0,0,0,1,1,2,2
f9302,0.06603766148031637,fest.lib.id285,2016,0.39801347663094955,0,0,0,0,1,1,1,3
1023,0.009298203289242048,fest.lib.id285,2013,0.39801347663094955,0,0,0,0,1,1,1,1
413,0.011866632515499726,fest.lib.id1736,2013,1.0,0,0,0,0,1,1,1,1
213,0.04778007161562988,fest.lib.id285,2012,0.39801347663094955,0,0,0,0,1,1,1,3
tffnew1286,0.053069431474588355,fest.lib.id1050,2014,0.10887639162499597,0,0,0,0,0,1,0,1
frnew792,0.011396691423578654,imdbady00201,2015,0.0038006856562338093,0,0,0,0,0,0,0,0
f8328,0.03316890795225106,fest.lib.id1888,2017,0.9014664491525963,0,0,0,0,1,1,1,1
641,0.010470746031531416,fest.lib.id665,2013,0.318359506181511,0,0,0,0,0,1,0,1
idfnew1327,0.00995575178972834,fest.lib.id874,2016,0.5062687909078113,0,0,0,0,1,1,1,1
1372,0.012618434940294085,fest.lib.id874,2013,0.5062687909078113,0,0,0,0,1,1,1,1
I1502201,0.026831511921053958,fest.lib.id285,2014,0.39801347663094955,0,0,0,0,1,1,2,2
idfnew966,0.014552458859507476,fest.lib.id469,2014,0.019241998458219826,0,0,0,0,0,0,0,0
idfnew809,0.01165850463943546,imdbady00851,2015,0.004785224506125357,0,0,0,0,0,0,0,0
1175,0.020898139251086748,fest.lib.id285,2013,0.39801347663094955,0,0,0,0,1,1,1,1
tffnew2492,0.009336977626214061,fest.lib.id1736,2017,1.0,0,0,0,0,1,1,1,1
frnew880,0.020479866477489173,fest.lib.id1664,2015,0.15064075420920695,0,0,0,0,0,1,0,1
f7726,0.022599958615046226,fest.lib.id1658,2016,0.15002034797660702,0,0,0,0,1,1,1,1
idfnew1472,0.012662760517138077,fest.lib.id874,2016,0.5062687909078113,0,0,0,0,1,1,1,2
656,0.027742099847191223,fest.lib.id.na213,2013,0.0192305499949209,0,0,0,0,1,1,1,1
421,0.017470453810130994,fest.lib.id1736,2013,1.0,0,0,0,0,1,1,1,1
291,0.01651457481837627,fest.lib.id874,2013,0.5062687909078113,0,0,0,0,1,1,1,1
tffnew1652,0.024204656766536943,fest.lib.id1736,2015,1.0,0,0,0,0,1,1,1,1
654,0.06445878635850757,fest.lib.id1050,2012,0.10887639162499597,0,0,0,0,1,1,1,2
309,0.02212935958132464,fest.lib.id1662,2013,0.015146563673507158,0,0,0,0,0,1,0,1
idfnew490,0.023343516791671872,fest.lib.id1529,2012,0.11108067190434959,0,0,0,0,0,0,0,0
frnew1113,0.048095302021102584,id401,2017,0.07211320128732311,0,0,0,0,0,1,0,1
frnew865,0.012281287365713973,fest.lib.id.na240,2016,0.06203455950095228,0,0,0,0,0,0,0,0
idfnew1612,0.015680442164354567,fest.lib.id388,2017,0.10657216405781064,0,0,0,0,0,0,0,0
tffnew72,0.02064365474057834,fest.lib.id1736,2011,1.0,0,0,0,0,1,1,1,1
frnew616,0.08024562771563988,fest.lib.id731,2014,0.3424863555939673,0,0,0,0,0,1,0,4
1666,0.011219045524521635,fest.lib.id364,2013,0.6039825158473134,0,0,0,0,1,1,1,1
9360fnosuv,0.023548928923090035,fest.lib.id1536,2016,0.019642111753073396,0,0,0,0,1,1,1,1
993,0.03512425258644665,fest.lib.id1658,2013,0.15002034797660702,0,0,0,0,0,1,0,1
idfnew1150,0.018486616289831042,fest.lib.id217,2015,0.13475573540038221,0,0,0,0,1,1,1,1
f16604,0.008817649013424286,fest.lib.id174,2010,0.12232867487620556,0,0,0,0,0,0,0,0
tffnew362,0.02210737008637884,fest.lib.id1736,2012,1.0,0,0,0,0,1,1,1,1
tffnew1810,0.056844383420205334,fest.lib.id285,2015,0.39801347663094955,0,0,0,0,1,1,2,4
tffnew2410,0.051512560225405526,fest.lib.id1697,2017,0.05210166239461778,0,0,0,0,1,1,1,2
tffnew1739,0.020015922704796983,fest.lib.id1050,2015,0.10887639162499597,0,0,0,0,1,1,1,1
f9205,0.03825290982666285,fest.lib.id285,2015,0.39801347663094955,0,0,0,0,1,1,1,2
tffnew2148,0.04801747192097692,fest.lib.id1050,2016,0.10887639162499597,0,0,0,0,1,1,1,2
1576,0.017143934051297684,fest.lib.id86,2011,0.0182476630995813,0,0,0,0,1,1,1,1
270,0.00995575178972834,fest.lib.id874,2013,0.5062687909078113,0,0,0,0,1,1,1,1
tffnew1876,0.02654729446550887,fest.lib.id1736,2015,1.0,0,0,0,0,1,1,1,3
tffnew2377,0.015077107213171287,fest.lib.id1736,2017,1.0,0,0,0,0,1,1,1,1
tffnew465,0.016000971950383885,fest.lib.id1736,2012,1.0,0,0,0,0,1,1,1,1
f8212,0.014056566411041988,fest.lib.id1167,2017,0.14309594420744598,0,0,0,0,0,0,0,0
frnew785,0.06785953045137401,fest.lib.id7571,2014,0.008930907721097961,0,0,0,0,0,1,0,1
771,0.02431518786010559,fest.lib.id.na309,2013,0.04223590146581524,0,0,0,0,1,1,1,1
f8010,0.009940784625779017,fest.lib.id1888,2016,0.9014664491525963,0,0,0,0,1,1,1,1
1383,0.06749916698563242,fest.lib.id1736,2013,1.0,0,0,0,0,1,1,1,2
tffnew2192,0.034628276395170514,fest.lib.id1736,2016,1.0,0,0,0,0,1,1,1,1
f17181,0.020530553626534047,fest.lib.id1888,2014,0.9014664491525963,0,0,0,0,1,1,2,2
619,0.011219045524521635,fest.lib.id364,2013,0.6039825158473134,0,0,0,0,1,1,1,1
f16403,0.06663340088310336,fest.lib.id1736,2010,1.0,0,0,0,0,1,1,3,4
f16882,0.009940784625779017,fest.lib.id1888,2012,0.9014664491525963,0,0,0,0,1,1,1,1
f8130,0.05068880849065924,fest.lib.id1888,2017,0.9014664491525963,0,0,0,0,1,1,1,2
896,0.014207994647206098,fest.lib.id665,2013,0.318359506181511,0,0,0,0,0,1,0,1
I1604853,0.017477854971407164,fest.lib.id8170,2016,0.004884996867746859,0,0,0,0,0,0,0,0
1574,0.011219045524521635,fest.lib.id364,2013,0.6039825158473134,0,0,0,0,1,1,1,1
1393,0.01723832853274668,fest.lib.id1736,2013,1.0,0,0,0,0,1,1,2,2
I1505260,0.015309674886217088,fest.lib.id364,2015,0.6039825158473134,0,0,0,0,1,1,1,1
1665,0.015435141048311797,fest.lib.id1680,2012,0.013338138813084389,0,0,0,0,1,1,1,1
tffnew2360,0.02814178798025709,fest.lib.id1736,2017,1.0,0,0,0,0,1,1,1,2
1254,0.019975826557285338,fest.lib.id1888,2013,0.9014664491525963,0,0,0,0,1,1,1,2
tffnew400,0.02523184375081373,fest.lib.id1808,2012,0.1145501607898263,0,0,0,0,1,1,1,1
637,0.023073582003952178,fest.lib.id1736,2013,1.0,0,0,0,0,1,1,1,1
f9081,0.05536161331062279,fest.lib.id285,2012,0.39801347663094955,0,0,0,0,1,1,1,3
1374,0.01267337906469636,fest.lib.id874,2013,0.5062687909078113,0,0,0,0,1,1,1,1
f8031,0.04328021518143707,fest.lib.id1736,2015,1.0,0,0,0,0,1,1,2,2
f8345,0.10231263204977689,fest.lib.id1888,2017,0.9014664491525963,0,0,0,0,1,1,2,4
f9027,0.04033538103137564,fest.lib.id285,2011,0.39801347663094955,0,0,0,0,1,1,1,2
idfnew1322,0.029692569001090977,fest.lib.id1736,2000,1.0,0,0,0,0,1,1,2,2
idfnew933,0.00995575178972834,fest.lib.id874,2014,0.5062687909078113,0,0,0,0,1,1,1,1
1606,0.011219045524521635,fest.lib.id364,2013,0.6039825158473134,0,0,0,0,1,1,1,1
f9318,0.009298203289242048,fest.lib.id285,2016,0.39801347663094955,0,0,0,0,1,1,1,1
919,0.012414517834367545,fest.lib.id1669,1999,0.10444058310552894,0,0,0,0,1,1,1,1
I1100871,0.01811214961257014,fest.lib.id98,2010,0.006101940469449665,0,0,0,0,0,0,0,0
tffnew2170,0.011851771481099274,fest.lib.id1736,2016,1.0,0,0,0,0,1,1,1,2
frnew727,0.03932989396280376,fest.lib.id744,2015,0.03530890126958436,0,0,0,0,0,1,0,2
N1200766,0.017784959763906115,fest.lib.id364,2012,0.6039825158473134,0,0,0,0,1,1,1,1
idfnew219,0.012430553399490103,fest.lib.id1722,2012,0.10246538636036051,0,0,0,0,0,0,0,0
frnew789,0.014601929123185729,fest.lib.id665,2015,0.318359506181511,0,0,0,0,0,1,0,1
N1200757,0.012014967911584112,fest.lib.id285,2011,0.39801347663094955,0,0,0,0,1,1,1,1
1667,0.013684569394375018,fest.lib.id364,2013,0.6039825158473134,0,0,0,0,1,1,1,1
idfnew756,0.02165370303422542,fest.lib.id874,2014,0.5062687909078113,0,0,0,0,1,1,1,1
f17589,0.015226708209021887,fest.lib.id1888,2015,0.9014664491525963,0,0,0,0,1,1,1,1
tffnew370,0.049756849176592725,fest.lib.id1808,2012,0.1145501607898263,0,0,0,0,1,1,1,2
idfnew1720,0.00995575178972834,fest.lib.id874,2017,0.5062687909078113,0,0,0,0,1,1,1,1
N1401285,0.011219045524521635,fest.lib.id364,2014,0.6039825158473134,0,0,0,0,1,1,1,1
1163,0.04453270831874332,fest.lib.id238,2013,0.010711358167718224,0,0,0,0,0,1,0,1
idfnew820,0.07167725037521454,fest.lib.id1296,2014,0.12314726966479073,0,0,0,0,0,0,0,0
tffnew274,0.009336977626214061,fest.lib.id1736,2011,1.0,0,0,0,0,1,1,1,1
235,0.1823204128807818,fest.lib.id.na457,2012,0.0034194839344962994,0,0,0,0,0,1,0,1
950,0.02518616595932734,fest.lib.id.na447,2007,0.0016099783049105501,0,0,0,0,1,1,1,1
1301,0.018191965525966348,fest.lib.id364,2013,0.6039825158473134,0,0,0,0,1,1,1,1
idfnew1285,0.026315698166071384,fest.lib.id744,2015,0.03530890126958436,0,0,0,0,1,1,1,1
f17019,0.014985168811042358,fest.lib.id1888,2012,0.9014664491525963,0,0,0,0,1,1,1,1
f9163,0.031176434740302784,fest.lib.id285,2014,0.39801347663094955,0,0,0,0,1,1,1,1
1497,0.02510669932401654,fest.lib.id61,2012,0.0169622751681525,0,0,0,0,1,1,1,1
850,0.032492832080991005,fest.lib.id.na46,2007,0.004220091832952866,0,0,0,0,1,1,1,1
f9162,0.03333051747276133,fest.lib.id285,2014,0.39801347663094955,0,0,0,0,1,1,1,1
929,0.03141660681045898,fest.lib.id1503,1945,0.02528824098579947,0,0,0,0,1,1,2,2
idfnew1439,0.019065455507363202,fest.lib.id86,1991,0.0182476630995813,0,0,0,0,1,1,2,2
tffnew2488,0.07450758860333369,fest.lib.id1050,2017,0.10887639162499597,0,0,0,0,1,1,1,3
f16610,0.00870688927620098,fest.lib.id1258,2011,0.1587868864408964,0,0,0,0,0,0,0,0
f9268,0.06555720516181045,fest.lib.id285,2016,0.39801347663094955,0,0,0,0,1,1,2,4
N1600135,0.015011753960546973,fest.lib.id6558,2015,0.022927788110100236,0,0,0,0,1,1,1,1
f8158,0.07657442204258415,fest.lib.id1658,2017,0.15002034797660702,0,0,0,0,1,1,1,3
idfnew1773,0.012420812227139767,fest.lib.id.na.ch43,2017,0.0449107785683695,0,0,0,0,1,1,1,1
9082fnosuv,0.015841368141453326,fest.lib.id174,2011,0.12232867487620556,0,0,0,0,1,1,1,1
idfnew1313,0.0184192576709616,fest.lib.id.survey.na101,2010,0.021677342244600706,0,0,0,0,1,1,1,1
187,0.00995575178972834,fest.lib.id874,2013,0.5062687909078113,0,0,0,0,1,1,1,1
tffnew260,0.026836423052917037,fest.lib.id1291,2011,0.014747440729239914,0,0,0,0,0,1,0,1
tffnew1367,0.013503291832118066,fest.lib.id1736,2014,1.0,0,0,0,0,1,1,1,1
idfnew607,0.03935670432614211,fest.lib.id.na240,2012,0.06203455950095228,0,0,0,0,1,1,1,1
f16644,0.02070036501563715,fest.lib.id1888,2011,0.9014664491525963,0,0,0,0,1,1,1,1
1354,0.0917656842637243,fest.lib.id1808,2013,0.1145501607898263,0,0,0,0,1,1,1,2
f8274,0.009940784625779017,fest.lib.id1888,2017,0.9014664491525963,0,0,0,0,1,1,1,1
f9052,0.009298203289242048,fest.lib.id285,2011,0.39801347663094955,0,0,0,0,1,1,1,1
1089,0.014122064012180595,fest.lib.id7160,2012,0.08755778354559723,0,0,0,0,1,1,1,1
f17549,0.01746106524931491,fest.lib.id1888,2015,0.9014664491525963,0,0,0,0,1,1,1,2
frnew808,0.01362924132477682,fest.lib.id1722,2015,0.10246538636036051,0,0,0,0,0,1,0,1
I1104554,0.05918947187368792,fest.lib.id.na213,2009,0.0192305499949209,0,0,0,0,0,0,0,0
tffnew2197,0.04518069069621555,fest.lib.id974,2016,0.16229812321214043,0,0,0,0,1,1,2,5
44,0.0368187308296671,fest.lib.id1888,2013,0.9014664491525963,0,0,0,0,1,1,1,2
1728,0.00995575178972834,fest.lib.id874,2013,0.5062687909078113,0,0,0,0,1,1,1,1
1126,0.03290433333028119,fest.lib.id874,2012,0.5062687909078113,0,0,0,0,1,1,2,2
frnew1097,0.025446372490427128,fest.lib.id7526,2017,0.025533820159097897,0,0,0,0,0,1,0,1
idfnew26,0.01637508430754884,fest.lib.id874,2011,0.5062687909078113,0,0,0,0,1,1,1,1
805,0.011219045524521635,fest.lib.id364,2013,0.6039825158473134,0,0,0,0,1,1,1,1
276,0.03936702351817446,fest.lib.id1503,2012,0.02528824098579947,0,0,0,0,1,1,1,1
f16985,0.009940784625779017,fest.lib.id1888,2012,0.9014664491525963,0,0,0,0,1,1,1,1
idfnew937,0.0092720581062447,fest.lib.id.na375,2015,0.19236865604671277,0,0,0,0,0,0,0,0
frnew308,0.0324880704787988,fest.lib.id285,1998,0.39801347663094955,0,0,0,0,1,1,1,1
1093,0.025373054330270397,fest.lib.id874,2013,0.5062687909078113,0,0,0,0,1,1,1,1
1184,0.009940784625779017,fest.lib.id1888,2013,0.9014664491525963,0,0,0,0,1,1,1,1
tffnew376,0.048538367406481334,fest.lib.id1808,2012,0.1145501607898263,0,0,0,0,1,1,1,3
tffnew1629,0.0381943516081323,fest.lib.id1736,2015,1.0,0,0,0,0,1,1,1,1
I1604200,0.014124363048172727,fest.lib.id364,2016,0.6039825158473134,0,0,0,0,1,1,1,1
tffnew2364,0.16973278257426702,fest.lib.id1808,2017,0.1145501607898263,0,0,0,0,1,1,1,4
1115,0.038583023814370135,fest.lib.id1736,2013,1.0,0,0,0,0,1,1,1,2
tffnew1411,0.05165724144453575,fest.lib.id1697,2014,0.05210166239461778,0,0,0,0,1,1,2,2
f7839,0.05303595097343015,fest.lib.id1888,2016,0.9014664491525963,0,0,0,0,1,1,1,2
257,0.03107430598987977,fest.lib.id1658,2013,0.15002034797660702,0,0,0,0,0,1,0,2
I1203309,0.009342835190498234,fest.lib.id.na292,2012,0.07612469051374422,0,0,0,0,0,0,0,0
f8210,0.02144084669659399,fest.lib.id1888,2017,0.9014664491525963,0,0,0,0,1,1,1,1
idfnew55,0.009913175066482455,fest.lib.id1674,2012,0.018646473978450793,0,0,0,0,0,0,0,0
f9164,0.04654402387873798,fest.lib.id285,2014,0.39801347663094955,0,0,0,0,1,1,2,4
frnew576,0.04001315999981233,fest.lib.id1180,2013,0.022425458764178004,0,0,0,0,0,1,0,1
idfnew1238,0.00995575178972834,fest.lib.id874,2015,0.5062687909078113,0,0,0,0,1,1,1,1
tffnew1999,0.03545070765149583,fest.lib.id1808,2016,0.1145501607898263,0,0,0,0,1,1,1,2
tffnew201,0.0241891665452146,fest.lib.id1736,2011,1.0,0,0,0,0,1,1,1,1
tffnew1847,0.03665496169719907,fest.lib.id1808,2015,0.1145501607898263,0,0,0,0,1,1,2,2
idfnew1073,0.04122990176503953,fest.lib.id874,2015,0.5062687909078113,0,0,0,0,1,1,1,2
tffnew1650,0.027244682159900432,fest.lib.id1736,2015,1.0,0,0,0,0,1,1,1,2
frnew1124,0.02199234755315535,fest.lib.id7901,2016,0.011698372753694312,0,0,0,0,0,0,0,0
383,0.09991354670812802,fest.lib.id1736,2013,1.0,0,0,0,0,1,1,1,2
958,0.02282849975847535,fest.lib.id1148,2012,0.021450340112936533,0,0,0,0,0,1,0,1
f8164,0.02557164054843306,fest.lib.id1888,2017,0.9014664491525963,0,0,0,0,1,1,1,1
tffnew424,0.009336977626214061,fest.lib.id1736,2012,1.0,0,0,0,0,1,1,1,1
tffnew1494,0.035205133189254376,fest.lib.id1050,2014,0.10887639162499597,0,0,0,0,1,1,1,1
956,0.03324922799059097,fest.lib.id974,2013,0.16229812321214043,0,0,0,0,1,1,1,2
frnew300,0.037664140724006645,id401,2012,0.07211320128732311,0,0,0,0,0,0,0,0
tffnew296,0.009336977626214061,fest.lib.id1736,2011,1.0,0,0,0,0,1,1,1,1
frnew231,0.015066699666234794,fest.lib.id1267,2011,0.008255238725366265,0,0,0,0,0,0,0,0
frnew503,0.024726882451466856,fest.lib.id1491,2013,0.0047056437865132415,0,0,0,0,0,1,0,1
114,0.04881814836791119,fest.lib.id974,2012,0.16229812321214043,0,0,0,0,1,1,1,1
tffnew1901,0.024106568346448608,fest.lib.id1736,2015,1.0,0,0,0,0,1,1,2,3
1378,0.1248239338980698,fest.lib.id1808,2013,0.1145501607898263,0,0,0,0,1,1,1,1
tffnew329,0.033242496580711316,fest.lib.id1736,2011,1.0,0,0,0,0,1,1,1,2
N1200558,0.02084090179169119,fest.lib.id.na201,2011,0.0034464089347347147,0,0,0,0,1,1,1,1
I1605478,0.011219045524521635,fest.lib.id364,2016,0.6039825158473134,0,0,0,0,1,1,1,1
f16843,0.012610120061489281,fest.lib.id1888,2012,0.9014664491525963,0,0,0,0,1,1,1,1
tffnew1131,0.011880265924045811,fest.lib.id1736,2014,1.0,0,0,0,0,1,1,1,1
idfnew213,0.015987867922360843,fest.lib.id874,2011,0.5062687909078113,0,0,0,0,1,1,1,1
1,0.046349634456804734,fest.lib.id285,2013,0.39801347663094955,0,0,0,0,1,1,2,3
f8074,0.04860554149460461,fest.lib.id1888,2017,0.9014664491525963,0,0,0,0,1,1,1,3
I1700640,0.02064677844134563,fest.lib.id2024,2016,0.03447105478829865,0,0,0,0,1,1,2,2
idfnew1359,0.04519679219716602,fest.lib.id1050,2016,0.10887639162499597,0,0,0,0,1,1,1,2
frnew699,0.015517831793256984,fest.lib.id1888,2015,0.9014664491525963,0,0,0,0,1,1,1,1
f16669,0.031643195497475955,fest.lib.id1888,2011,0.9014664491525963,0,0,0,0,1,1,1,2
idfnew1627,0.044946133657820374,fest.lib.id1768,2003,0.07352724707497833,0,0,0,0,1,1,3,3
tffnew1703,0.012239996113873022,fest.lib.id7160,2015,0.08755778354559723,0,0,0,0,1,1,1,1
1283,0.12861434205710312,fest.lib.id1808,2013,0.1145501607898263,0,0,0,0,1,1,1,3
idfnew1780,0.00995575178972834,fest.lib.id874,2016,0.5062687909078113,0,0,0,0,1,1,1,1
1059,0.012511840697067105,fest.lib.id308,1969,0.1567988599577044,0,0,0,0,1,1,1,1
f8114,0.025687506815676716,fest.lib.id1658,2017,0.15002034797660702,0,0,0,0,1,1,1,1
f16842,0.009940784625779017,fest.lib.id1888,2012,0.9014664491525963,0,0,0,0,1,1,1,1
tffnew290,0.03638150685106851,fest.lib.id1808,2011,0.1145501607898263,0,0,0,0,1,1,1,2
tffnew2161,0.009336977626214061,fest.lib.id1736,2016,1.0,0,0,0,0,1,1,1,1
815,0.03315631584337218,fest.lib.id1890,2012,0.017783632446809833,0,0,0,0,1,1,1,1
I1600384,0.025677998741411235,imdbady00117,2014,0.002068207277881344,0,0,0,0,1,1,1,1
884,0.011219045524521635,fest.lib.id364,2013,0.6039825158473134,0,0,0,0,1,1,1,1
tffnew2451,0.03378415374865663,fest.lib.id1736,2017,1.0,0,0,0,0,1,1,1,1
1138,0.03944799004443213,fest.lib.id1888,2012,0.9014664491525963,0,0,0,0,1,1,2,2
tffnew2643,0.017438742283756175,fest.lib.id1736,2017,1.0,0,0,0,0,1,1,1,2
frnew167,0.024157839361286522,fest.lib.id7532,2010,0.02322082709518239,0,0,0,0,0,1,0,1
idfnew679,0.02471333271639015,fest.lib.id1618,2012,0.023481760681616358,0,0,0,0,0,0,0,0
f17393,0.0175009523879803,fest.lib.id1888,2015,0.9014664491525963,0,0,0,0,1,1,1,1
9423fnosuv,0.07305237200855726,fest.lib.id285,2016,0.39801347663094955,0,0,0,0,1,1,2,4
f7745,0.020976138200581078,fest.lib.id1736,2015,1.0,0,0,0,0,1,1,1,1
tffnew197,0.16609761967970765,fest.lib.id1736,2011,1.0,0,0,0,0,1,1,1,2
789,0.016136621787942458,fest.lib.id1736,2013,1.0,0,0,0,0,1,1,1,1
idfnew1347,0.09788530433793004,fest.lib.id1658,2016,0.15002034797660702,0,0,0,0,1,1,1,3
524,0.058202925228404985,fest.lib.id1888,2013,0.9014664491525963,0,0,0,0,1,1,1,2
frnew212,0.014207994647206098,fest.lib.id665,2011,0.318359506181511,0,0,0,0,0,1,0,1
idfnew1593,0.011979066833654437,fest.lib.id731,2017,0.3424863555939673,0,0,0,0,0,1,0,1
f17613,0.012655583899465972,fest.lib.id1888,2015,0.9014664491525963,0,0,0,0,1,1,1,1
f16373,0.044513923441699896,fest.lib.id731,2011,0.3424863555939673,0,0,0,0,1,1,1,2
frnew667,0.010470746031531416,fest.lib.id665,2015,0.318359506181511,0,0,0,0,0,1,0,1
160,0.010470746031531416,fest.lib.id665,2013,0.318359506181511,0,0,0,0,0,1,0,1
tffnew136,0.018363967759332644,fest.lib.id1736,2011,1.0,0,0,0,0,1,1,1,1
586,0.019408007275883765,fest.lib.id1736,2013,1.0,0,0,0,0,1,1,1,1
f7761,0.012560006037610308,fest.lib.id1888,2016,0.9014664491525963,0,0,0,0,1,1,1,1
f7974,0.1009026459863742,fest.lib.id1888,2016,0.9014664491525963,0,0,0,0,1,1,2,2
idfnew317,0.028129198560130346,fest.lib.id1768,2011,0.07352724707497833,0,0,0,0,1,1,1,2
1704,0.017689100438103737,fest.lib.id2067,2011,0.019364055953343097,0,0,0,0,1,1,1,1
f17517,0.016689091572315993,fest.lib.id1888,2015,0.9014664491525963,0,0,0,0,1,1,1,1
idfnew1826,0.00910978148549232,fest.lib.id1050,2017,0.10887639162499597,0,0,0,0,0,0,0,0
f8071,0.020800486278641773,fest.lib.id217,2016,0.13475573540038221,0,0,0,0,1,1,1,1
tffnew1757,0.022731063573211318,fest.lib.id1736,2015,1.0,0,0,0,0,1,1,1,1
2,0.09129289766765479,fest.lib.id285,2013,0.39801347663094955,0,0,0,0,1,1,2,3
f17043,0.0363369039808361,fest.lib.id217,2011,0.13475573540038221,0,0,0,0,1,1,1,1
f17346,0.02469860134562076,id335,2014,0.014938791948526466,0,0,0,0,1,1,1,1
f17197,0.009940784625779017,fest.lib.id1888,2014,0.9014664491525963,0,0,0,0,1,1,1,1
209,0.018152017429304376,fest.lib.id1888,2013,0.9014664491525963,0,0,0,0,1,1,1,1
f9254,0.016016425098686286,fest.lib.id285,2015,0.39801347663094955,0,0,0,0,1,1,1,1
f7712,0.022827875026155905,fest.lib.id1888,2016,0.9014664491525963,0,0,0,0,1,1,1,1
tffnew2458,0.009336977626214061,fest.lib.id1736,2017,1.0,0,0,0,0,1,1,1,1
f17604,0.01238921986781918,fest.lib.id1888,2015,0.9014664491525963,0,0,0,0,1,1,1,1
9552fnosuv,0.02466145208184382,fest.lib.id285,1976,0.39801347663094955,0,0,0,0,1,1,1,1
9424fnosuv,0.015978108798173407,fest.lib.id285,2016,0.39801347663094955,0,0,0,0,1,1,1,1
I1102203,0.022375420524684764,fest.lib.id1050,2010,0.10887639162499597,0,0,0,0,0,0,0,0
tffnew1805,0.011828411630309336,fest.lib.id1736,2015,1.0,0,0,0,0,1,1,1,1
f17330,0.027156164989179398,fest.lib.id1888,2014,0.9014664491525963,0,0,0,0,1,1,1,1
frnew558,0.03240070990829693,fest.lib.id238,2014,0.010711358167718224,0,0,0,0,0,1,0,1
idfnew1117,0.012559791326191989,fest.lib.id874,2015,0.5062687909078113,0,0,0,0,1,1,1,1
f7900,0.0197078921349664,fest.lib.id1888,2016,0.9014664491525963,0,0,0,0,1,1,1,1
N1100703,0.009427210235655714,fest.lib.id1858,2011,0.02539036026064619,0,0,0,0,0,0,0,0
frnew361,0.01609655503834008,fest.lib.id665,2012,0.318359506181511,0,0,0,0,0,1,0,1
f17283,0.09400835505127485,fest.lib.id1888,2014,0.9014664491525963,0,0,0,0,1,1,1,2
169,0.013124960156235713,fest.lib.id874,2013,0.5062687909078113,0,0,0,0,1,1,1,1
f9145,0.09642361277970209,fest.lib.id33,2013,0.048734666620580576,0,0,0,0,1,1,2,5
idfnew1411,0.025899396022289183,fest.lib.id874,2016,0.5062687909078113,0,0,0,0,1,1,1,1
tffnew190,0.022731063573211318,fest.lib.id1736,2011,1.0,0,0,0,0,1,1,1,1
I1505017,0.018098821603235553,fest.lib.id.na120,2014,0.04508871310438658,0,0,0,0,1,1,1,1
1412,0.0215785131553398,fest.lib.id1888,2013,0.9014664491525963,0,0,0,0,1,1,1,1
idfnew505,0.00985054482217773,fest.lib.id.na197,2013,0.010250455340686056,0,0,0,0,0,0,0,0
f7711,0.013518937128641802,fest.lib.id1888,2016,0.9014664491525963,0,0,0,0,1,1,1,1
tffnew1140,0.011797941626909406,fest.lib.id1736,2014,1.0,0,0,0,0,1,1,1,1
9056fnosuv,0.012005212016651784,fest.lib.id285,2011,0.39801347663094955,0,0,0,0,1,1,1,2
idfnew953,0.03063134481681947,fest.lib.id961,2002,0.043124735389292075,0,0,0,0,1,1,1,1
tffnew1392,0.009336977626214061,fest.lib.id1736,2014,1.0,0,0,0,0,1,1,1,1
idfnew991,0.038771859443194334,fest.lib.id1768,2014,0.07352724707497833,0,0,0,0,1,1,1,1
idfnew1115,0.030423865285987367,fest.lib.id1827,2015,0.013212879199878848,0,0,0,0,1,1,1,1
N1100196,0.009139468072616197,fest.lib.id1234,2011,0.048618230462118085,0,0,0,0,0,0,0,0
436,0.012446806696584373,fest.lib.id208,2012,0.04600974406402983,0,0,0,0,1,1,1,1
idfnew434,0.06440723385040231,fest.lib.id1296,2012,0.12314726966479073,0,0,0,0,1,1,1,1
idfnew923,0.008614475850260806,fest.lib.id974,2014,0.16229812321214043,0,0,0,0,0,0,0,0
tffnew2442,0.06417899760371118,fest.lib.id1697,2017,0.05210166239461778,0,0,0,0,1,1,1,3
frnew130,0.014361828294720142,fest.lib.id5924,2011,0.0059159457742769895,0,0,0,0,0,0,0,0
f16856,0.036376961599651154,fest.lib.id1658,2012,0.15002034797660702,0,0,0,0,1,1,1,2
I1502867,0.01373067163504511,fest.lib.id364,2015,0.6039825158473134,0,0,0,0,1,1,1,1
125,0.012429484998316871,fest.lib.id1669,2012,0.10444058310552894,0,0,0,0,1,1,1,1
idfnew42,0.030633021820944014,fest.lib.id.na336,2011,0.09896749631298603,0,0,0,0,1,1,1,1
tffnew1121,0.011828411630309336,fest.lib.id1736,2014,1.0,0,0,0,0,1,1,1,1
idfnew24,0.012251780484759618,fest.lib.id1050,2007,0.10887639162499597,0,0,0,0,0,0,0,0
9475fnosuv,0.017897345383784874,fest.lib.id285,2017,0.39801347663094955,0,0,0,0,1,1,1,1
tffnew1730,0.01239296389912049,fest.lib.id1736,2015,1.0,0,0,0,0,1,1,1,1
f7851,0.07435961767298147,fest.lib.id1888,2016,0.9014664491525963,0,0,0,0,1,1,1,2
439,0.024286876887507067,fest.lib.id.na220,2012,0.0356960683429116,0,0,0,0,1,1,1,1
tffnew213,0.01827781641135095,fest.lib.id1736,2011,1.0,0,0,0,0,1,1,1,1
frnew341,0.014113494456770492,fest.lib.id.na191,2013,0.04577591160462887,0,0,0,0,0,0,0,0
f8218,0.01939203799670064,fest.lib.id1888,2017,0.9014664491525963,0,0,0,0,1,1,1,1
341,0.04460287804351603,fest.lib.id648,2011,0.008134580754714654,0,0,0,0,0,1,0,1
frnew585,0.00915051254296343,fest.lib.id1143,2014,0.025054105452442302,0,0,0,0,0,0,0,0
tffnew2051,0.009336977626214061,fest.lib.id1736,2016,1.0,0,0,0,0,1,1,1,1
9051fnosuv,0.07134489833065043,fest.lib.id285,2011,0.39801347663094955,0,0,0,0,1,1,1,1
idfnew697,0.026195913496167497,fest.lib.id1808,2008,0.1145501607898263,0,0,0,0,0,0,0,0
tffnew1717,0.03261998924056179,fest.lib.id.na220,2015,0.0356960683429116,0,0,0,0,1,1,2,2
idfnew1842,0.0092720581062447,fest.lib.id.na375,2018,0.19236865604671277,0,0,0,0,0,0,0,0
N1600741,0.015258090026212002,fest.lib.id364,2016,0.6039825158473134,0,0,0,0,1,1,1,1
102,0.012531396925558097,fest.lib.id1557,2013,0.19355067805909,0,0,0,0,1,1,1,2
f17186,0.053486389481445906,fest.lib.id1888,2014,0.9014664491525963,0,0,0,0,1,1,1,2
frnew192,0.010470746031531416,fest.lib.id665,2011,0.318359506181511,0,0,0,0,0,1,0,1
227,0.010470746031531416,fest.lib.id665,2013,0.318359506181511,0,0,0,0,0,1,0,1
idfnew711,0.03245049819249509,fest.lib.id874,2014,0.5062687909078113,0,0,0,0,1,1,1,1
tffnew2581,0.05096765628371019,imdbady00017,2017,0.0018064230431718707,0,0,0,0,1,1,1,2
f17251,0.013192580429327222,fest.lib.id1888,2014,0.9014664491525963,0,0,0,0,1,1,1,1
f9360,0.056563590160347545,fest.lib.id285,2017,0.39801347663094955,0,0,0,0,1,1,1,3
I1405371,0.011219045524521635,fest.lib.id364,2014,0.6039825158473134,0,0,0,0,1,1,1,1
frnew900,0.04106689731471121,imdbady01508,2015,0.0011677435732184475,0,0,0,0,0,0,0,0
1211,0.011219045524521635,fest.lib.id364,2013,0.6039825158473134,0,0,0,0,1,1,1,1
f16897,0.009940784625779017,fest.lib.id1888,2012,0.9014664491525963,0,0,0,0,1,1,1,1
I1502142,0.014184944997044029,fest.lib.id364,2015,0.6039825158473134,0,0,0,0,1,1,1,1
idfnew465,0.02475910505973552,fest.lib.id1956,2012,0.016853238613655553,0,0,0,0,1,1,1,1
tffnew2470,0.020762833985428258,fest.lib.id285,1987,0.39801347663094955,0,0,0,0,1,1,2,2
tffnew335,0.01748055242949671,fest.lib.id1736,2011,1.0,0,0,0,0,1,1,1,1
I1605611,0.023037377813092695,fest.lib.id364,2016,0.6039825158473134,0,0,0,0,1,1,1,2
I1600379,0.01633169832679385,fest.lib.id117,2015,0.039048634073661166,0,0,0,0,0,1,0,1
idfnew1748,0.0092720581062447,fest.lib.id.na375,2018,0.19236865604671277,0,0,0,0,0,0,0,0
idfnew1926,0.022805848478221286,fest.lib.id1768,2017,0.07352724707497833,0,0,0,0,0,1,0,1
1550,0.02433945381893237,fest.lib.id1623,2012,0.02361397754077404,0,0,0,0,1,1,1,1
N1601390,0.013994737489611869,fest.lib.id.na.ch163,2015,0.02124090626912694,0,0,0,0,1,1,1,1
f16715,0.03620738619382105,fest.lib.id731,2010,0.3424863555939673,0,0,0,0,1,1,1,2
1427,0.018600059104178935,fest.lib.id1888,2013,0.9014664491525963,0,0,0,0,1,1,1,1
tffnew174,0.030819459120052767,fest.lib.id1658,2011,0.15002034797660702,0,0,0,0,1,1,1,2
idfnew1646,0.0396224339117068,fest.lib.id285,2017,0.39801347663094955,0,0,0,0,1,1,2,4
N1400450,0.011219045524521635,fest.lib.id364,2014,0.6039825158473134,0,0,0,0,1,1,1,1
f16778,0.009940784625779017,fest.lib.id1888,2012,0.9014664491525963,0,0,0,0,1,1,1,1
9257fnosuv,0.048748151067260874,fest.lib.id285,2015,0.39801347663094955,0,0,0,0,1,1,1,1
idfnew194,0.014746777392650581,fest.lib.id1489,2011,0.11452150555649154,0,0,0,0,0,1,0,1
f16942,0.012722740533854828,fest.lib.id1888,2012,0.9014664491525963,0,0,0,0,1,1,1,1
f7992,0.016844894172300458,fest.lib.id1342,2015,0.06876843098609271,0,0,0,0,1,1,1,1
tffnew2688,0.02029687872808114,fest.lib.id1658,2017,0.15002034797660702,0,0,0,0,1,1,1,1
frnew810,0.010470746031531416,fest.lib.id665,2015,0.318359506181511,0,0,0,0,0,1,0,1
1246,0.00995575178972834,fest.lib.id874,2013,0.5062687909078113,0,0,0,0,1,1,1,1
756,0.029732081261613034,fest.lib.id389,2012,0.10581747073825994,0,0,0,0,1,1,1,2
idfnew1900,0.024829067553278513,fest.lib.id974,2017,0.16229812321214043,0,0,0,0,0,1,0,1
tffnew79,0.009336977626214061,fest.lib.id1736,2011,1.0,0,0,0,0,1,1,1,1
I1401060,0.015282461545012565,fest.lib.id364,2014,0.6039825158473134,0,0,0,0,1,1,1,1
frnew641,0.008678494875567084,fest.lib.id1557,2014,0.19355067805909,0,0,0,0,0,1,0,1
tffnew147,0.05279187630371247,fest.lib.id1808,2011,0.1145501607898263,0,0,0,0,1,1,1,2
idfnew914,0.01958382638854262,fest.lib.id731,2014,0.3424863555939673,0,0,0,0,0,1,0,1
frnew425,0.01667338261175051,fest.lib.id1148,2012,0.021450340112936533,0,0,0,0,0,0,0,0
frnew426,0.01743039844007435,fest.lib.id285,2011,0.39801347663094955,0,0,0,0,1,1,1,1
f9023,0.04876496697657576,fest.lib.id285,2011,0.39801347663094955,0,0,0,0,1,1,2,3
frnew498,0.02139645715408686,fest.lib.id.ch859,2014,0.020422489926764233,0,0,0,0,0,0,0,0
504,0.014620928277180435,fest.lib.id1084,2013,0.004775053770958409,0,0,0,0,0,1,0,1
f7982,0.021754483858453726,fest.lib.id1888,2016,0.9014664491525963,0,0,0,0,1,1,1,1
tffnew2558,0.02684487484111918,fest.lib.id1736,2017,1.0,0,0,0,0,1,1,1,2
f9371,0.009298203289242048,fest.lib.id285,2017,0.39801347663094955,0,0,0,0,1,1,1,1
idfnew460,0.034374271905307584,imdbady00770,2012,0.019164603279223983,0,0,0,0,0,0,0,0
tffnew2043,0.009336977626214061,fest.lib.id1736,2016,1.0,0,0,0,0,1,1,1,1
240,0.03852863514218338,fest.lib.id.na160,2013,0.02073420537207051,0,0,0,0,1,1,1,2
I1604148,0.02972240466571622,fest.lib.id364,2016,0.6039825158473134,0,0,0,0,1,1,1,1
f9019,0.06805443917919765,fest.lib.id285,2011,0.39801347663094955,0,0,0,0,1,1,2,4
tffnew1240,0.081547513052123,fest.lib.id1050,2014,0.10887639162499597,0,0,0,0,1,1,1,3
I1405452,0.021302782373565102,fest.lib.id1234,2013,0.048618230462118085,0,0,0,0,1,1,1,1
f17648,0.02107962878178217,fest.lib.id1888,2015,0.9014664491525963,0,0,0,0,1,1,1,1
1617,0.048777455740457956,fest.lib.id251,1996,0.030214209572879583,0,0,0,0,1,1,1,2
frnew360,0.009840210414721409,id238,2013,0.0408858975952493,0,0,0,0,0,0,0,0
f9065,0.013136138175283734,fest.lib.id285,2011,0.39801347663094955,0,0,0,0,1,1,2,2
idfnew931,0.0205586580706157,id401,2011,0.07211320128732311,0,0,0,0,0,0,0,0
f9168,0.05168233066120775,fest.lib.id285,2014,0.39801347663094955,0,0,0,0,1,1,2,3
idfnew1137,0.019204759129085477,id401,2015,0.07211320128732311,0,0,0,0,1,1,1,1
f16862,0.012739707061487356,fest.lib.id1577,2011,0.033539337390164,0,0,0,0,1,1,1,1
tffnew2587,0.03626858363953002,fest.lib.id1577,2017,0.033539337390164,0,0,0,0,1,1,1,2
tffnew2450,0.040191217859853245,imdbady00213,2017,0.0011587180402435452,0,0,0,0,1,1,1,1
idfnew323,0.010269163945641334,id097,2012,0.020373317099565996,0,0,0,0,0,0,0,0
324,0.009940784625779017,fest.lib.id1888,2013,0.9014664491525963,0,0,0,0,1,1,1,1
idfnew1919,0.083000507233937,fest.lib.id1867,2017,0.01669590221864366,0,0,0,0,1,1,1,1
f7718,0.11170508407868053,fest.lib.id1890,2014,0.017783632446809833,0,0,0,0,1,1,1,1
f7869,0.012333389564211546,fest.lib.id1888,2016,0.9014664491525963,0,0,0,0,1,1,1,1
frnew726,0.11616380752008033,fest.lib.id.survey.na153,2013,0.001343066369774767,0,0,0,0,1,1,1,1
tffnew1840,0.048777354758960986,fest.lib.id1808,2015,0.1145501607898263,0,0,0,0,1,1,1,1
269,0.009940784625779017,fest.lib.id1888,2013,0.9014664491525963,0,0,0,0,1,1,1,1
frnew962,0.01752383727444103,fest.lib.id.ch859,2016,0.020422489926764233,0,0,0,0,0,0,0,0
tffnew1765,0.014190983521393601,fest.lib.id1736,2015,1.0,0,0,0,0,1,1,1,1
idfnew775,0.00995575178972834,fest.lib.id874,2014,0.5062687909078113,0,0,0,0,1,1,1,1
idfnew1887,0.026046375982238783,fest.lib.id1808,2017,0.1145501607898263,0,0,0,0,1,1,1,1
idfnew655,0.013114247082973741,fest.lib.id874,2005,0.5062687909078113,0,0,0,0,1,1,1,1
idfnew1482,0.0257395404308497,fest.lib.id1664,2016,0.15064075420920695,0,0,0,0,1,1,1,1
1425,0.015242496215455707,fest.lib.id1888,2013,0.9014664491525963,0,0,0,0,1,1,1,1
998,0.024173433946759262,fest.lib.id909,2013,0.13015898047987368,0,0,0,0,1,1,1,1
I1103447,0.012738664136453897,fest.lib.id285,2010,0.39801347663094955,0,0,0,0,1,1,1,1
f9035,0.042549175265688334,fest.lib.id285,2011,0.39801347663094955,0,0,0,0,1,1,1,2
193,0.02512222477431144,fest.lib.id285,1946,0.39801347663094955,0,0,0,0,1,1,1,1
frnew717,0.02107297146323289,fest.lib.id1148,2015,0.021450340112936533,0,0,0,0,0,0,0,0
idfnew134,0.02555546184546955,fest.lib.id1658,1994,0.15002034797660702,0,0,0,0,1,1,1,2
tffnew119,0.04752446887434284,fest.lib.id1050,2011,0.10887639162499597,0,0,0,0,1,1,1,1
508,0.009336977626214061,fest.lib.id1736,2013,1.0,0,0,0,0,1,1,1,1
875,0.09163572402396376,fest.lib.id1658,2013,0.15002034797660702,0,0,0,0,0,1,0,2
frnew964,0.029083137371567962,fest.lib.id162,2015,0.0402412207674064,0,0,0,0,0,0,0,0
f9094,0.05785149798197346,fest.lib.id285,2012,0.39801347663094955,0,0,0,0,1,1,1,4
frnew441,0.016680320636090533,fest.lib.id.survey.na175,2012,0.004529400087028405,0,0,0,0,0,0,0,0
tffnew1547,0.01933977358746258,fest.lib.id1736,2015,1.0,0,0,0,0,1,1,1,2
f17105,0.015559004822694952,fest.lib.id490,2013,0.01162454417668349,0,0,0,0,1,1,1,1
tffnew2140,0.01868482667748828,fest.lib.id1736,2016,1.0,0,0,0,0,1,1,1,1
1167,0.02879878562166327,fest.lib.id.na240,2013,0.06203455950095228,0,0,0,0,1,1,1,2
544,0.03342425762097166,fest.lib.id1050,2013,0.10887639162499597,0,0,0,0,1,1,1,2
f7947,0.027486390063142765,fest.lib.id.ch1786,2015,0.19707774754205087,0,0,0,0,1,1,1,2
f17199,0.03811740374724163,fest.lib.id1888,2014,0.9014664491525963,0,0,0,0,1,1,1,1
tffnew444,0.014154698710401443,fest.lib.id1736,2012,1.0,0,0,0,0,1,1,1,1
f7937,0.023205402959705402,fest.lib.id909,2015,0.13015898047987368,0,0,0,0,1,1,1,1
1455,0.015866558455853254,fest.lib.id1736,2013,1.0,0,0,0,0,1,1,1,1
frnew574,0.06815901982607299,fest.lib.id665,2014,0.318359506181511,0,0,0,0,0,1,0,1
f8312,0.09908215185106725,fest.lib.id1888,2017,0.9014664491525963,0,0,0,0,1,1,2,2
N1700615,0.011219045524521635,fest.lib.id364,2017,0.6039825158473134,0,0,0,0,1,1,1,1
tffnew1682,0.03208120718061591,fest.lib.id1658,2015,0.15002034797660702,0,0,0,0,1,1,1,2
tffnew2328,0.012786932302570142,fest.lib.id1736,2016,1.0,0,0,0,0,1,1,1,1
746,0.017929779673293768,fest.lib.id961,2013,0.043124735389292075,0,0,0,0,1,1,1,1
f8042,0.022781224289698605,fest.lib.id1888,2016,0.9014664491525963,0,0,0,0,1,1,1,1
1032,0.03060815734415536,fest.lib.id751,2012,0.06591674348473482,0,0,0,0,0,1,0,1
f16511,0.03127495761898229,fest.lib.id1658,2011,0.15002034797660702,0,0,0,0,0,1,0,1
f8047,0.041399586488748454,fest.lib.id1888,2017,0.9014664491525963,0,0,0,0,1,1,1,1
idfnew424,0.015680073803419466,fest.lib.id.na240,2009,0.06203455950095228,0,0,0,0,0,0,0,0
f17683,0.07158036231128063,fest.lib.id1888,2015,0.9014664491525963,0,0,0,0,1,1,1,4
f16628,0.07091707736554059,fest.lib.id1888,2011,0.9014664491525963,0,0,0,0,1,1,1,1
154,0.011842985571803976,fest.lib.id1736,2013,1.0,0,0,0,0,1,1,1,1
tffnew1667,0.014825942261699608,fest.lib.id1736,2015,1.0,0,0,0,0,1,1,1,2
tffnew2078,0.014434577226230838,fest.lib.id1736,2016,1.0,0,0,0,0,1,1,1,2
idfnew363,0.02648106088415332,id401,2012,0.07211320128732311,0,0,0,0,0,1,0,1
tffnew1191,0.01795525661723379,fest.lib.id1736,2014,1.0,0,0,0,0,1,1,1,1
f7896,0.04890620677319348,fest.lib.id1736,2015,1.0,0,0,0,0,1,1,2,2
frnew987,0.010470746031531416,fest.lib.id665,2016,0.318359506181511,0,0,0,0,0,1,0,1
idfnew1912,0.04041001125622256,fest.lib.id1658,2017,0.15002034797660702,0,0,0,0,1,1,1,1
frnew1000,0.032895737678117654,fest.lib.id1888,1993,0.9014664491525963,0,0,0,0,1,1,2,3
N1700844,0.030154090629867215,fest.lib.id318,2016,0.007030406926369627,0,0,0,0,1,1,1,1
1234,0.04971127843163592,fest.lib.id1736,2013,1.0,0,0,0,0,1,1,1,1
1080,0.014452071851913861,fest.lib.id665,2013,0.318359506181511,0,0,0,0,0,1,0,1
tffnew2008,0.0854523603611153,fest.lib.id1050,2016,0.10887639162499597,0,0,0,0,1,1,1,4
idfnew452,0.027851329996629075,fest.lib.id388,2012,0.10657216405781064,0,0,0,0,1,1,1,2
idfnew954,0.033828063067961524,fest.lib.id1529,2011,0.11108067190434959,0,0,0,0,1,1,1,1
f9137,0.10907361885210512,fest.lib.id285,2014,0.39801347663094955,0,0,0,0,1,1,2,4
frnew934,0.014183746214408615,fest.lib.id.na42,2016,0.06417041546238612,0,0,0,0,0,0,0,0
tffnew1961,0.015150746040581437,fest.lib.id1050,2016,0.10887639162499597,0,0,0,0,1,1,1,1
f9305,0.02643467083503365,fest.lib.id285,2016,0.39801347663094955,0,0,0,0,1,1,1,1
tffnew507,0.012122445525016002,fest.lib.id193,2012,0.01447770585311524,0,0,0,0,1,1,1,1
1679,0.021350875279188757,fest.lib.id364,2011,0.6039825158473134,0,0,0,0,1,1,1,1
tffnew2570,0.03023732535728762,fest.lib.id1736,2017,1.0,0,0,0,0,1,1,1,3
idfnew1130,0.02447042634203485,fest.lib.id874,2015,0.5062687909078113,0,0,0,0,1,1,1,1
693,0.016469308026704526,fest.lib.id1658,2009,0.15002034797660702,0,0,0,0,1,1,1,1
f17225,0.025583100565130096,fest.lib.id864,2013,0.005140545675196599,0,0,0,0,1,1,1,1
1251,0.03183580687419982,fest.lib.id1832,2011,0.10684151432045275,0,0,0,0,1,1,1,1
idfnew538,0.016063930997071353,fest.lib.id874,2012,0.5062687909078113,0,0,0,0,1,1,1,1
tffnew1858,0.047468470248757125,fest.lib.id1736,2015,1.0,0,0,0,0,1,1,1,2
idfnew1901,0.05317675975865846,id401,2017,0.07211320128732311,0,0,0,0,1,1,1,3
N1700202,0.015577336211046884,fest.lib.id.na365,2016,0.053889133022886754,0,0,0,0,1,1,1,1
tffnew1569,0.05296460150079978,fest.lib.id1736,2015,1.0,0,0,0,0,1,1,1,2
f17458,0.023676443272111623,fest.lib.id1888,2015,0.9014664491525963,0,0,0,0,1,1,1,1
916,0.013170760601369923,imdbady00467,2013,0.006952028954680651,0,0,0,0,1,1,1,1
f9135,0.07726930905008102,fest.lib.id285,2014,0.39801347663094955,0,0,0,0,1,1,2,3
1475,0.011219045524521635,fest.lib.id364,2013,0.6039825158473134,0,0,0,0,1,1,1,1
116,0.03138015043832217,fest.lib.id1808,1988,0.1145501607898263,0,0,0,0,1,1,2,2
tffnew2106,0.06393062089420201,fest.lib.id1808,2016,0.1145501607898263,0,0,0,0,1,1,1,2
f17227,0.023129210964090038,fest.lib.id1888,2014,0.9014664491525963,0,0,0,0,1,1,1,2
idfnew1548,0.023855704100805543,fest.lib.id.na240,2016,0.06203455950095228,0,0,0,0,1,1,1,1
f7794,0.04420068235848458,fest.lib.id1888,2016,0.9014664491525963,0,0,0,0,1,1,1,2
tffnew71,0.012033911100956671,fest.lib.id1736,2011,1.0,0,0,0,0,1,1,1,1
I1405104,0.013986879751990713,fest.lib.id7964,2013,0.05089801476608011,0,0,0,0,0,0,0,0
tffnew354,0.02988727666668069,fest.lib.id1736,2012,1.0,0,0,0,0,1,1,1,1
I1505128,0.013354015415545735,fest.lib.id.na367,2016,0.003118568038571221,0,0,0,0,0,0,0,0
idfnew688,0.013067254718921157,fest.lib.id1311,2013,0.016561567809067174,0,0,0,0,0,0,0,0
1404,0.01489476160420673,fest.lib.id285,2013,0.39801347663094955,0,0,0,0,1,1,1,1
N1401264,0.018238570030521855,fest.lib.id.na471,2013,0.05809860871885474,0,0,0,0,1,1,1,1
idfnew1144,0.024021173811775168,fest.lib.id944,2015,0.0059843794442359126,0,0,0,0,1,1,1,1
I1501885,0.03948819317214429,fest.lib.id.na227,2014,0.0068407960933985915,0,0,0,0,1,1,1,1
272,0.022774660067860525,fest.lib.id1808,2007,0.1145501607898263,0,0,0,0,1,1,1,1
tffnew2565,0.023570169018435973,fest.lib.id1736,2017,1.0,0,0,0,0,1,1,1,1
1473,0.022184622788363712,fest.lib.id364,2013,0.6039825158473134,0,0,0,0,1,1,1,1
tffnew1259,0.02447583473581476,fest.lib.id1736,2014,1.0,0,0,0,0,1,1,1,1
idfnew843,0.0283630303925253,fest.lib.id1808,2014,0.1145501607898263,0,0,0,0,0,1,0,1
f17240,0.026971473748203318,fest.lib.id1888,2014,0.9014664491525963,0,0,0,0,1,1,2,2
f17633,0.015266048535679696,fest.lib.id1888,2015,0.9014664491525963,0,0,0,0,1,1,1,1
45,1.0,fest.lib.id744,2012,0.03530890126958436,0,0,0,0,1,1,2,2
9449fnosuv,0.011990742268958847,fest.lib.id285,2016,0.39801347663094955,0,0,0,0,1,1,1,1
f17616,0.05577957959120976,fest.lib.id1888,2015,0.9014664491525963,0,0,0,0,1,1,1,3
f16396,0.010759353148602775,imdbady00124,2011,0.009368656136930454,0,0,0,0,0,0,0,0
tffnew297,0.025328010958416147,fest.lib.id1808,2011,0.1145501607898263,0,0,0,0,1,1,1,1
9190fnosuv,0.05372326391743954,fest.lib.id285,2014,0.39801347663094955,0,0,0,0,1,1,2,4
tffnew2673,0.02584562605966528,fest.lib.id1050,2017,0.10887639162499597,0,0,0,0,1,1,1,2
1447,0.026562919537679846,fest.lib.id1808,1949,0.1145501607898263,0,0,0,0,1,1,1,1
1361,0.05030863049177667,fest.lib.id285,2013,0.39801347663094955,0,0,0,0,1,1,1,2
tffnew1896,0.0447543382483364,fest.lib.id1291,2015,0.014747440729239914,0,0,0,0,1,1,1,3
40,0.08971970414859738,fest.lib.id285,2013,0.39801347663094955,0,0,0,0,1,1,2,3
471,0.027851416025017874,fest.lib.id1736,2013,1.0,0,0,0,0,1,1,1,2
idfnew1467,0.012458402903702119,fest.lib.id1895,2016,0.10094273609320706,0,0,0,0,1,1,1,1
37,0.02641914962161934,fest.lib.id1658,2013,0.15002034797660702,0,0,0,0,1,1,2,3
705,0.015181136754370854,fest.lib.id1658,2013,0.15002034797660702,0,0,0,0,1,1,1,1
f16772,0.017967202570538136,fest.lib.id1888,2012,0.9014664491525963,0,0,0,0,1,1,1,1
idfnew218,0.00875499932378066,fest.lib.id282,2012,0.03946355520582079,0,0,0,0,0,0,0,0
f7925,0.022333089832770516,fest.lib.id1888,2016,0.9014664491525963,0,0,0,0,1,1,1,1
idfnew1606,0.02540866174848107,fest.lib.id874,2016,0.5062687909078113,0,0,0,0,1,1,1,1
idfnew1007,0.044283463984925796,fest.lib.id.na50,2015,0.08438403960319157,0,0,0,0,1,1,1,1
idfnew1830,0.03700284747836921,fest.lib.id.na292,2017,0.07612469051374422,0,0,0,0,0,1,0,2
idfnew707,0.051286174965818825,fest.lib.id1658,2014,0.15002034797660702,0,0,0,0,1,1,1,2
tffnew2195,0.019043626627200286,fest.lib.id1736,2016,1.0,0,0,0,0,1,1,1,1
idfnew1434,0.03205793018652532,fest.lib.id1827,2016,0.013212879199878848,0,0,0,0,1,1,1,1
tffnew2030,0.011795616270728847,fest.lib.id1736,2016,1.0,0,0,0,0,1,1,1,1
tffnew135,0.0308458678597349,fest.lib.id.na90,2011,0.015772236282366865,0,0,0,0,1,1,1,2
880,0.009336977626214061,fest.lib.id1736,2013,1.0,0,0,0,0,1,1,1,1
f9087,0.042757756224068695,fest.lib.id285,2012,0.39801347663094955,0,0,0,0,1,1,1,1
1304,0.031702565493537734,fest.lib.id1258,2012,0.1587868864408964,0,0,0,0,0,1,0,1
tffnew1604,0.029943136474751626,fest.lib.id1736,2015,1.0,0,0,0,0,1,1,1,1
1629,0.014225977270276628,fest.lib.id1050,2005,0.10887639162499597,0,0,0,0,1,1,1,1
f8180,0.009940784625779017,fest.lib.id1888,2017,0.9014664491525963,0,0,0,0,1,1,1,1
N1600932,0.020501906066382886,fest.lib.id.survey.na90,2014,0.0035367362529154255,0,0,0,0,1,1,1,1
1438,0.02607277677537573,fest.lib.id1888,2013,0.9014664491525963,0,0,0,0,1,1,1,1
f9051,0.021547102157724745,fest.lib.id751,2010,0.06591674348473482,0,0,0,0,1,1,1,1
frnew720,0.057061793346880434,fest.lib.id.na315,2014,0.015145544115484253,0,0,0,0,0,1,0,1
idfnew301,0.03736678895007023,fest.lib.id1342,1989,0.06876843098609271,0,0,0,0,1,1,2,3
9389fnosuv,0.02705164760538558,fest.lib.id285,2016,0.39801347663094955,0,0,0,0,1,1,1,1
f8187,0.01649140586437818,fest.lib.id1888,2017,0.9014664491525963,0,0,0,0,1,1,1,1
idfnew1812,0.012662760517138077,fest.lib.id874,2017,0.5062687909078113,0,0,0,0,1,1,1,2
tffnew448,0.020272382998693016,fest.lib.id1736,2012,1.0,0,0,0,0,1,1,1,1
frnew683,0.009467934820000894,fest.lib.id.na139,2015,0.00824321031662001,0,0,0,0,0,0,0,0
181,0.019451242066973157,fest.lib.id.na471,2012,0.05809860871885474,0,0,0,0,1,1,1,1
tffnew2060,0.014265459373709391,fest.lib.id1736,2016,1.0,0,0,0,0,1,1,1,2
516,0.08516921765999338,fest.lib.id285,2013,0.39801347663094955,0,0,0,0,1,1,1,2
idfnew1392,0.025320601652976796,fest.lib.id1050,1993,0.10887639162499597,0,0,0,0,1,1,3,3
f8126,0.009940784625779017,fest.lib.id1888,2017,0.9014664491525963,0,0,0,0,1,1,1,1
f16880,0.023440590720802283,fest.lib.id1736,2011,1.0,0,0,0,0,1,1,2,2
1205,0.01922488170735662,fest.lib.id1736,2013,1.0,0,0,0,0,1,1,1,1
f8243,0.028128519651169786,fest.lib.id1888,2017,0.9014664491525963,0,0,0,0,1,1,1,2
frnew1053,0.039524198348205725,imdbady01017,2016,0.0016704389538624827,0,0,0,0,0,1,0,2
idfnew815,0.02192575822250722,fest.lib.id.na289,2015,0.016889362918812247,0,0,0,0,0,0,0,0
tffnew2273,0.04300343493110439,fest.lib.id1808,2016,0.1145501607898263,0,0,0,0,1,1,1,3
1442,0.01822985631001298,fest.lib.id285,2013,0.39801347663094955,0,0,0,0,1,1,1,1
tffnew1293,0.02696157874610764,fest.lib.id1697,2014,0.05210166239461778,0,0,0,0,1,1,1,2
f9301,0.07285096406959332,fest.lib.id285,2016,0.39801347663094955,0,0,0,0,1,1,1,2
f9261,0.01788775229961853,fest.lib.id285,1992,0.39801347663094955,0,0,0,0,1,1,1,1
frnew567,0.00852997995131767,fest.lib.id.survey.na526,2014,0.15796024924762553,0,0,0,0,0,0,0,0
I1500714,0.03146104850114753,fest.lib.id7160,2014,0.08755778354559723,0,0,0,0,1,1,1,1
tffnew1816,0.06198373443614821,fest.lib.id1736,2015,1.0,0,0,0,0,1,1,1,3
220,0.02324436316405233,fest.lib.id308,2012,0.1567988599577044,0,0,0,0,1,1,1,1
f16494,0.03328253047717962,fest.lib.id1888,2011,0.9014664491525963,0,0,0,0,1,1,1,2
idfnew1288,0.024981868797517775,fest.lib.id874,2015,0.5062687909078113,0,0,0,0,1,1,1,1
N1100523,0.023803721090568677,fest.lib.id285,2010,0.39801347663094955,0,0,0,0,1,1,1,1
frnew353,0.010234032831391644,fest.lib.id.na42,2011,0.06417041546238612,0,0,0,0,0,0,0,0
f16832,0.03284145148946845,fest.lib.id1888,2012,0.9014664491525963,0,0,0,0,1,1,1,1
47,0.06973944013949979,fest.lib.id285,2013,0.39801347663094955,0,0,0,0,1,1,2,3
f17655,0.03254188795915454,fest.lib.id7074,2014,0.031815480196570815,0,0,0,0,1,1,1,1
543,0.03245087730559642,fest.lib.id1736,2013,1.0,0,0,0,0,1,1,1,1
f8199,0.023299911213106823,fest.lib.id364,2017,0.6039825158473134,0,0,0,0,1,1,2,2
tffnew194,0.0121359000619224,fest.lib.id1736,2011,1.0,0,0,0,0,1,1,1,1
1564,0.011219045524521635,fest.lib.id364,2013,0.6039825158473134,0,0,0,0,1,1,1,1
731,0.02230924153973156,fest.lib.id285,1975,0.39801347663094955,0,0,0,0,1,1,2,2
tffnew1421,0.04582854642389633,fest.lib.id.na336,2014,0.09896749631298603,0,0,0,0,1,1,1,2
idfnew1635,0.014215113494042891,fest.lib.id974,2017,0.16229812321214043,0,0,0,0,0,0,0,0
tffnew1803,0.02318734333017389,fest.lib.id1736,2015,1.0,0,0,0,0,1,1,1,1
I1704092,0.01556879787589298,fest.lib.id1050,2016,0.10887639162499597,0,0,0,0,0,1,0,1
f17420,0.04449287755550757,fest.lib.id1658,2015,0.15002034797660702,0,0,0,0,1,1,2,4
tffnew1625,0.021508539532411795,fest.lib.id1895,2015,0.10094273609320706,0,0,0,0,0,1,0,1
frnew761,0.018578895060379855,fest.lib.id510,2015,0.032092881033137406,0,0,0,0,0,0,0,0
tffnew1860,0.009336977626214061,fest.lib.id1736,2015,1.0,0,0,0,0,1,1,1,1
f17475,0.046908134793501484,fest.lib.id1888,2015,0.9014664491525963,0,0,0,0,1,1,2,4
tffnew1213,0.010069497199440837,fest.lib.id.na120,2014,0.04508871310438658,0,0,0,0,0,0,0,0
idfnew1217,0.013124960156235713,fest.lib.id874,2015,0.5062687909078113,0,0,0,0,1,1,1,1
N1601402,0.011219045524521635,fest.lib.id364,2016,0.6039825158473134,0,0,0,0,1,1,1,1
idfnew674,0.047138488615386435,fest.lib.id1808,2009,0.1145501607898263,0,0,0,0,1,1,1,2
tffnew2400,0.016081476265093333,fest.lib.id1736,2017,1.0,0,0,0,0,1,1,2,2
tffnew477,0.01487645568995845,fest.lib.id1736,2012,1.0,0,0,0,0,1,1,1,1
f8261,0.042210899406462256,fest.lib.id1741,2015,0.03903597476384243,0,0,0,0,1,1,1,1
idfnew1092,0.00904182058057297,fest.lib.id7598,2016,0.04410357690711096,0,0,0,0,0,0,0,0
tffnew1947,0.040422422850177143,fest.lib.id1736,2016,1.0,0,0,0,0,1,1,1,3
tffnew2150,0.009336977626214061,fest.lib.id1736,2016,1.0,0,0,0,0,1,1,1,1
N1600367,0.033441439444551094,fest.lib.id117,2015,0.039048634073661166,0,0,0,0,1,1,1,1
I1401577,0.03608599308523718,fest.lib.id909,2013,0.13015898047987368,0,0,0,0,1,1,1,1
idfnew310,0.015324219602853595,imdbady00413,2011,0.00543824698870017,0,0,0,0,0,0,0,0
tffnew1921,0.024268790571725655,fest.lib.id1915,2015,0.006266045667585446,0,0,0,0,1,1,1,1
tffnew312,0.016966575773962763,fest.lib.id1736,2011,1.0,0,0,0,0,1,1,1,1
idfnew471,0.016623595122245174,fest.lib.id874,2012,0.5062687909078113,0,0,0,0,1,1,1,1
f9198,0.09890281014934664,fest.lib.id285,2015,0.39801347663094955,0,0,0,0,1,1,2,3
tffnew1535,0.027867534994906316,fest.lib.id1808,2015,0.1145501607898263,0,0,0,0,1,1,1,2
1533,0.013811646517971303,fest.lib.id1668,2012,0.061815450712753774,0,0,0,0,1,1,1,1
frnew881,0.017127468141958122,fest.lib.id731,2016,0.3424863555939673,0,0,0,0,0,1,0,2
tffnew212,0.009336977626214061,fest.lib.id1736,2011,1.0,0,0,0,0,1,1,1,1
tffnew1225,0.12436343882565852,fest.lib.id1808,2014,0.1145501607898263,0,0,0,0,1,1,1,3
idfnew1103,0.0092720581062447,fest.lib.id.na375,2016,0.19236865604671277,0,0,0,0,0,0,0,0
tffnew1733,0.011954890932876841,fest.lib.id1736,2015,1.0,0,0,0,0,1,1,1,1
f8262,0.023243739561702618,fest.lib.id1888,2017,0.9014664491525963,0,0,0,0,1,1,1,1
1182,0.015812503420315645,fest.lib.id1658,2013,0.15002034797660702,0,0,0,0,1,1,1,1
f9112,0.014958684696751089,fest.lib.id285,2012,0.39801347663094955,0,0,0,0,1,1,1,1
9441fnosuv,0.009298203289242048,fest.lib.id285,2016,0.39801347663094955,0,0,0,0,1,1,1,1
1500,0.01753765836891077,fest.lib.id364,2013,0.6039825158473134,0,0,0,0,1,1,1,1
1391,0.012133594960124245,fest.lib.id276,2012,0.01534232887727003,0,0,0,0,1,1,1,1
idfnew1291,0.03943333628808434,fest.lib.id874,2015,0.5062687909078113,0,0,0,0,1,1,1,1
idfnew846,0.03208291673719402,fest.lib.id1118,2014,0.012882490252282741,0,0,0,0,1,1,1,1
1413,0.009940784625779017,fest.lib.id1888,2013,0.9014664491525963,0,0,0,0,1,1,1,1
f9401,0.012005212016651784,fest.lib.id285,2017,0.39801347663094955,0,0,0,0,1,1,1,2
tffnew1468,0.06506653365952196,fest.lib.id285,2014,0.39801347663094955,0,0,0,0,1,1,2,3
f16642,0.027600611305503894,fest.lib.id.na90,2010,0.015772236282366865,0,0,0,0,0,0,0,0
f16514,0.020581896151845327,fest.lib.id1735,2010,0.06336170154920864,0,0,0,0,0,0,0,0
f9012,0.04297426224814873,fest.lib.id285,2011,0.39801347663094955,0,0,0,0,1,1,2,3
frnew495,0.019614294687222023,fest.lib.id665,2014,0.318359506181511,0,0,0,0,0,1,0,1
idfnew1049,0.02132386517364858,fest.lib.id1050,2015,0.10887639162499597,0,0,0,0,1,1,1,2
I1101795,0.026817501257894137,fest.lib.id.survey.na667,2011,0.008189234756389644,0,0,0,0,0,1,0,1
frnew855,0.013551699426945977,fest.lib.id7477,2016,0.010973276575960327,0,0,0,0,0,0,0,0
1529,0.01675972102112096,fest.lib.id1613,2012,0.06430215101394857,0,0,0,0,1,1,1,1
tffnew431,0.014860361810872497,fest.lib.id1736,2012,1.0,0,0,0,0,1,1,1,1
tffnew1686,0.056797866545476104,fest.lib.id1658,2015,0.15002034797660702,0,0,0,0,1,1,1,3
frnew1076,0.09923056423042306,fest.lib.id909,2017,0.13015898047987368,0,0,0,0,0,1,0,1
9160fnosuv,0.015051586244462978,fest.lib.id285,2012,0.39801347663094955,0,0,0,0,1,1,1,1
1143,0.1158535411412218,fest.lib.id435,2013,0.002866580217303514,0,0,0,0,1,1,1,1
867,0.009940784625779017,fest.lib.id1888,2013,0.9014664491525963,0,0,0,0,1,1,1,1
f9289,0.03922204620449443,fest.lib.id285,2016,0.39801347663094955,0,0,0,0,1,1,1,2
f7838,0.027030064147343998,fest.lib.id1888,2016,0.9014664491525963,0,0,0,0,1,1,1,1
f16878,0.030999897323751302,fest.lib.id1888,2012,0.9014664491525963,0,0,0,0,1,1,1,2
frnew1107,0.02449855313983071,fest.lib.id1768,2017,0.07352724707497833,0,0,0,0,0,1,0,2
f16896,0.009940784625779017,fest.lib.id1888,2012,0.9014664491525963,0,0,0,0,1,1,1,1
f16675,0.009940784625779017,fest.lib.id1888,2011,0.9014664491525963,0,0,0,0,1,1,1,1
tffnew427,0.013608334072814345,fest.lib.id1664,2012,0.15064075420920695,0,0,0,0,0,0,0,0
tffnew17,0.03727683418130662,fest.lib.id1697,2011,0.05210166239461778,0,0,0,0,1,1,1,1
f9130,0.08037755939858354,fest.lib.id285,2014,0.39801347663094955,0,0,0,0,1,1,2,4
tffnew1219,0.10230619102010251,fest.lib.id285,2014,0.39801347663094955,0,0,0,0,1,1,2,4
f16872,0.03177943165729232,fest.lib.id909,2012,0.13015898047987368,0,0,0,0,1,1,1,2
tffnew1130,0.017412539576015056,fest.lib.id1736,2014,1.0,0,0,0,0,1,1,1,1
903,0.010470746031531416,fest.lib.id665,2013,0.318359506181511,0,0,0,0,0,1,0,1
f8265,0.012739707061487356,fest.lib.id1888,2017,0.9014664491525963,0,0,0,0,1,1,1,1
1403,0.029812176613371873,fest.lib.id1736,2013,1.0,0,0,0,0,1,1,1,2
idfnew803,0.0283710801612249,fest.lib.id1808,2010,0.1145501607898263,0,0,0,0,0,0,0,0
f17445,0.04795135291365093,fest.lib.id1888,2015,0.9014664491525963,0,0,0,0,1,1,1,1
f9175,0.009298203289242048,fest.lib.id285,2014,0.39801347663094955,0,0,0,0,1,1,1,1
f7968,0.03268397140037208,fest.lib.id1888,2016,0.9014664491525963,0,0,0,0,1,1,1,2
f9337,0.11362035165253485,fest.lib.id285,2017,0.39801347663094955,0,0,0,0,1,1,2,2
f9346,0.055657914696709505,fest.lib.id285,2017,0.39801347663094955,0,0,0,0,1,1,1,2
tffnew1738,0.04344658273133701,fest.lib.id1736,2015,1.0,0,0,0,0,1,1,1,2
tffnew2044,0.016138784313602324,fest.lib.id1736,2016,1.0,0,0,0,0,1,1,1,1
idfnew189,0.028322295891752565,fest.lib.id874,2011,0.5062687909078113,0,0,0,0,1,1,1,1
frnew328,0.01741027818266537,fest.lib.id731,2012,0.3424863555939673,0,0,0,0,0,1,0,1
idfnew223,0.00995575178972834,fest.lib.id874,2011,0.5062687909078113,0,0,0,0,1,1,1,1
frnew109,0.01574164664025565,fest.lib.id1768,2011,0.07352724707497833,0,0,0,0,0,1,0,1
f9257,0.013254966858740485,fest.lib.id285,2015,0.39801347663094955,0,0,0,0,1,1,1,1
idfnew760,0.012678211444527004,fest.lib.id1150,2014,0.010222580535069145,0,0,0,0,1,1,1,1
tffnew1507,0.07169255488843349,fest.lib.id1808,2014,0.1145501607898263,0,0,0,0,1,1,1,4
tffnew1606,0.03383402781174445,fest.lib.id1736,2015,1.0,0,0,0,0,1,1,1,1
f17689,0.012414085789609649,fest.lib.id1888,2015,0.9014664491525963,0,0,0,0,1,1,1,1
idfnew1199,0.014837428712826046,fest.lib.id1147,2015,0.04743769596462434,0,0,0,0,0,0,0,0
frnew554,0.02391258518625578,fest.lib.id1618,2014,0.023481760681616358,0,0,0,0,0,1,0,1
f8019,0.015483015817703314,fest.lib.id1888,2016,0.9014664491525963,0,0,0,0,1,1,1,1
f7941,0.093428152316326,fest.lib.id1888,2016,0.9014664491525963,0,0,0,0,1,1,1,5
N1500560,0.07641261616378849,fest.lib.id1097,2014,0.0022284028562363127,0,0,0,0,1,1,1,1
470,0.08776713883436173,fest.lib.id1736,2013,1.0,0,0,0,0,1,1,1,4
1398,0.013556250346289466,fest.lib.id1888,2013,0.9014664491525963,0,0,0,0,1,1,1,1
f9116,0.009298203289242048,fest.lib.id285,2012,0.39801347663094955,0,0,0,0,1,1,1,1
253,0.052051664647411705,fest.lib.id1736,1999,1.0,0,0,0,0,1,1,1,2
1496,0.01964165394419226,fest.lib.id364,2013,0.6039825158473134,0,0,0,0,1,1,1,1
tffnew2575,0.009336977626214061,fest.lib.id1736,2017,1.0,0,0,0,0,1,1,1,1
f17273,0.009940784625779017,fest.lib.id1888,2014,0.9014664491525963,0,0,0,0,1,1,1,1
144,0.04132167657687586,fest.lib.id1618,2009,0.023481760681616358,0,0,0,0,1,1,1,1
f16874,0.016420591481876214,fest.lib.id1888,2012,0.9014664491525963,0,0,0,0,1,1,1,1
840,0.014308680917573102,fest.lib.id1888,2013,0.9014664491525963,0,0,0,0,1,1,1,2
tffnew53,0.023661357578343825,fest.lib.id1736,2011,1.0,0,0,0,0,1,1,1,1
tffnew435,0.011944761373351206,fest.lib.id1736,2012,1.0,0,0,0,0,1,1,1,1
1548,0.04219669381028853,fest.lib.id285,2012,0.39801347663094955,0,0,0,0,1,1,2,2
idfnew334,0.07078192823622091,fest.lib.id874,2011,0.5062687909078113,0,0,0,0,1,1,1,1
I1102393,0.03307853549949941,fest.lib.id217,2010,0.13475573540038221,0,0,0,0,1,1,1,1
f8072,0.017518529318565432,fest.lib.id1888,2017,0.9014664491525963,0,0,0,0,1,1,1,1
115,0.031735184466848136,fest.lib.id1888,2013,0.9014664491525963,0,0,0,0,1,1,1,2
9421fnosuv,0.011789637293337322,fest.lib.id285,2016,0.39801347663094955,0,0,0,0,1,1,1,1
idfnew228,0.04602865025831772,fest.lib.id1658,2011,0.15002034797660702,0,0,0,0,0,1,0,1
62,0.02182751678491966,fest.lib.id1888,2013,0.9014664491525963,0,0,0,0,1,1,1,1
tffnew2585,0.026612344891927785,fest.lib.id1736,2017,1.0,0,0,0,0,1,1,1,3
idfnew639,0.01607401042516228,fest.lib.id731,2013,0.3424863555939673,0,0,0,0,0,1,0,1
idfnew170,0.01773345012564157,fest.lib.id845,2011,0.02120777480370455,0,0,0,0,1,1,1,1
idfnew1775,0.024769550053306447,fest.lib.id1582,2017,0.04430384424256456,0,0,0,0,1,1,1,1
tffnew1271,0.044954523457126264,fest.lib.id1736,2014,1.0,0,0,0,0,1,1,1,1
I1404379,0.027656572912087396,fest.lib.id7533,2013,0.021585276270757407,0,0,0,0,0,0,0,0
1481,0.018779216515427275,fest.lib.id.na471,2012,0.05809860871885474,0,0,0,0,1,1,1,1
frnew664,0.010470746031531416,fest.lib.id665,2015,0.318359506181511,0,0,0,0,0,1,0,1
tffnew552,0.02172926693893043,fest.lib.id1736,2012,1.0,0,0,0,0,1,1,1,1
N1101058,0.023260214898677637,fest.lib.id318,2010,0.007030406926369627,0,0,0,0,1,1,1,1
frnew631,0.034011071499369654,fest.lib.id7074,2013,0.031815480196570815,0,0,0,0,0,1,0,1
idfnew1248,0.07481342293838657,fest.lib.id1658,2015,0.15002034797660702,0,0,0,0,1,1,1,3
1519,0.015344973087605237,fest.lib.id364,2013,0.6039825158473134,0,0,0,0,1,1,1,1
423,0.014650256022472965,fest.lib.id364,2013,0.6039825158473134,0,0,0,0,1,1,1,1
f16732,0.018818102223952173,fest.lib.id1888,2011,0.9014664491525963,0,0,0,0,1,1,1,1
f16504,0.05684907485677963,fest.lib.id.na90,2010,0.015772236282366865,0,0,0,0,0,0,0,0
frnew8,0.010470746031531416,fest.lib.id665,2011,0.318359506181511,0,0,0,0,0,1,0,1
f17462,0.09721674381200006,fest.lib.id1888,2015,0.9014664491525963,0,0,0,0,1,1,1,3
idfnew158,0.022186411026593696,fest.lib.id874,2011,0.5062687909078113,0,0,0,0,1,1,1,1
tffnew1499,0.014241208675170066,fest.lib.id1736,2014,1.0,0,0,0,0,1,1,1,1
f17132,0.01762803648185141,fest.lib.id364,2014,0.6039825158473134,0,0,0,0,1,1,2,2
f17643,0.02790717089502833,fest.lib.id.na405,2014,0.019830157600577776,0,0,0,0,0,0,0,0
f17172,0.05153489718641785,fest.lib.id9318,2014,0.05049994368862475,0,0,0,0,0,1,0,1
frnew268,0.00984009835541201,fest.lib.id1167,2012,0.14309594420744598,0,0,0,0,0,0,0,0
idfnew731,0.015520094150799956,fest.lib.id7598,2015,0.04410357690711096,0,0,0,0,0,0,0,0
73,0.014234912027128632,fest.lib.id1736,2013,1.0,0,0,0,0,1,1,1,1
idfnew1604,0.02253636553680856,fest.lib.id997,2016,0.06166273990342565,0,0,0,0,0,0,0,0
444,0.04327284115256568,fest.lib.id1736,2013,1.0,0,0,0,0,1,1,1,2
f8309,0.0118694392347395,fest.lib.id1736,2016,1.0,0,0,0,0,1,1,1,1
N1601193,0.011219045524521635,fest.lib.id364,2016,0.6039825158473134,0,0,0,0,1,1,1,1
frnew915,0.010470746031531416,fest.lib.id665,2016,0.318359506181511,0,0,0,0,0,1,0,1
481,0.032607928620331184,fest.lib.id1888,2013,0.9014664491525963,0,0,0,0,1,1,1,1
I1700789,0.011143842516673457,fest.lib.id99,2016,0.006514753164816502,0,0,0,0,0,0,0,0
idfnew299,0.07872797153692175,fest.lib.id1736,1984,1.0,0,0,0,0,1,1,3,5
I1402807,0.011219045524521635,fest.lib.id364,2014,0.6039825158473134,0,0,0,0,1,1,1,1
1124,0.018222439910686096,fest.lib.id364,2013,0.6039825158473134,0,0,0,0,1,1,1,1
f9322,0.018422637995315738,fest.lib.id285,2016,0.39801347663094955,0,0,0,0,1,1,2,2
idfnew1194,0.016219762232743108,fest.lib.id.na220,2015,0.0356960683429116,0,0,0,0,0,0,0,0
idfnew1427,0.03276973994645211,fest.lib.id874,2016,0.5062687909078113,0,0,0,0,1,1,1,1
frnew256,0.013719559980790861,fest.lib.id1167,2012,0.14309594420744598,0,0,0,0,0,0,0,0
262,0.018408191950797126,fest.lib.id665,2013,0.318359506181511,0,0,0,0,0,1,0,1
f17611,0.05187398059849196,fest.lib.id1888,2015,0.9014664491525963,0,0,0,0,1,1,1,2
frnew449,0.02147683201033419,fest.lib.id1342,2014,0.06876843098609271,0,0,0,0,0,1,0,1
tffnew2649,0.05121564326357403,fest.lib.id1736,2017,1.0,0,0,0,0,1,1,2,3
1379,0.02565605487168708,fest.lib.id1736,2013,1.0,0,0,0,0,1,1,1,1
f8035,0.042784725455205674,fest.lib.id1888,2016,0.9014664491525963,0,0,0,0,1,1,1,2
frnew555,0.019495233727133392,fest.lib.id.na287,2013,0.00965467937605731,0,0,0,0,0,0,0,0
tffnew19,0.052274889775985114,fest.lib.id1808,2011,0.1145501607898263,0,0,0,0,1,1,1,3
frnew413,0.09929463593080194,fest.lib.id238,2012,0.010711358167718224,0,0,0,0,0,1,0,1
frnew79,0.010234032831391644,fest.lib.id.na42,2011,0.06417041546238612,0,0,0,0,0,0,0,0
N1501503,0.014538296272830502,id627,2015,0.06218359890861916,0,0,0,0,1,1,1,1
18,0.06421286728606655,fest.lib.id1888,2013,0.9014664491525963,0,0,0,0,1,1,2,3
f16611,0.022123449335601723,fest.lib.id1888,2011,0.9014664491525963,0,0,0,0,1,1,1,1
f8149,0.055472247387607865,fest.lib.id1888,2017,0.9014664491525963,0,0,0,0,1,1,1,2
419,0.013489087784709364,fest.lib.id874,2013,0.5062687909078113,0,0,0,0,1,1,1,1
153,0.05707069302371681,fest.lib.id1890,2012,0.017783632446809833,0,0,0,0,1,1,1,1
frnew919,0.03543988949089672,imdbady01438,2016,0.021585913397982007,0,0,0,0,0,0,0,0
tffnew150,0.04334930816111893,fest.lib.id1808,2011,0.1145501607898263,0,0,0,0,1,1,1,1
f17280,0.025978579248112945,fest.lib.id1888,2014,0.9014664491525963,0,0,0,0,1,1,1,1
idfnew659,0.014195032393767187,fest.lib.id83,2013,0.017234630619636697,0,0,0,0,0,0,0,0
f9312,0.01785538046880609,fest.lib.id285,2016,0.39801347663094955,0,0,0,0,1,1,1,1
f17121,0.04851617696040053,fest.lib.id1888,2014,0.9014664491525963,0,0,0,0,1,1,1,1
1285,0.013720576634586215,fest.lib.id874,2013,0.5062687909078113,0,0,0,0,1,1,1,1
f9216,0.0206924089826983,fest.lib.id285,2015,0.39801347663094955,0,0,0,0,1,1,1,2
tffnew2180,0.03286027569739187,fest.lib.id1736,2016,1.0,0,0,0,0,1,1,1,1
idfnew765,0.04558899199023644,fest.lib.id1658,2010,0.15002034797660702,0,0,0,0,1,1,1,2
tffnew1913,0.011856450229944391,fest.lib.id1736,2015,1.0,0,0,0,0,1,1,1,1
I1600136,0.014971053187512556,fest.lib.id1795,2015,0.009180520377611176,0,0,0,0,1,1,1,1
tffnew340,0.015894275406092905,fest.lib.id1736,2011,1.0,0,0,0,0,1,1,2,2
N1201208,0.011219045524521635,fest.lib.id364,2012,0.6039825158473134,0,0,0,0,1,1,1,1
f7990,0.022967255926820113,fest.lib.id1888,2016,0.9014664491525963,0,0,0,0,1,1,1,1
tffnew2447,0.04398945617337452,fest.lib.id1050,2017,0.10887639162499597,0,0,0,0,1,1,1,2
idfnew695,0.02791281573524186,fest.lib.id1768,2012,0.07352724707497833,0,0,0,0,0,1,0,1
1117,0.026990948343003484,fest.lib.id1736,2013,1.0,0,0,0,0,1,1,1,2
1441,0.009298203289242048,fest.lib.id285,2013,0.39801347663094955,0,0,0,0,1,1,1,1
1614,0.026333017472294353,fest.lib.id489,2007,0.007752950533746969,0,0,0,0,1,1,1,1
1044,0.015258323512481867,fest.lib.id648,2013,0.008134580754714654,0,0,0,0,1,1,1,1
f9288,0.07554374972600629,fest.lib.id285,2016,0.39801347663094955,0,0,0,0,1,1,2,3
985,0.027546645202161785,fest.lib.id1658,2002,0.15002034797660702,0,0,0,0,1,1,1,1
N1200110,0.028126789880410164,imdbady00550,2011,0.003969915583122324,0,0,0,0,1,1,1,1
tffnew1844,0.0409338681284253,fest.lib.id1736,2015,1.0,0,0,0,0,1,1,1,2
tffnew2457,0.022206749926804065,fest.lib.id1736,2017,1.0,0,0,0,0,1,1,1,1
idfnew50,0.008572929281357817,fest.lib.id1535,2011,0.08500246471603438,0,0,0,0,0,0,0,0
302,0.028092460918483053,fest.lib.id20,2012,0.034341018289259624,0,0,0,0,1,1,1,2
idfnew880,0.03552007119368423,id335,2014,0.014938791948526466,0,0,0,0,0,1,0,1
I1603708,0.011219045524521635,fest.lib.id364,2016,0.6039825158473134,0,0,0,0,1,1,1,1
379,0.02538502428861813,fest.lib.id308,2012,0.1567988599577044,0,0,0,0,1,1,1,1
tffnew1361,0.009940784625779017,fest.lib.id1888,2014,0.9014664491525963,0,0,0,0,1,1,1,1
1333,0.017384015300166294,fest.lib.id1535,1958,0.08500246471603438,0,0,0,0,1,1,1,2
666,0.03715503489554381,fest.lib.id1697,1997,0.05210166239461778,0,0,0,0,1,1,1,2
tffnew1318,0.039653197754023865,fest.lib.id1736,2014,1.0,0,0,0,0,1,1,1,2
180,0.09826922433616073,fest.lib.id1736,2013,1.0,0,0,0,0,1,1,1,4
N1400975,0.02242385080779414,fest.lib.id.na471,2013,0.05809860871885474,0,0,0,0,1,1,1,1
tffnew1160,0.031145905016300036,fest.lib.id1736,2014,1.0,0,0,0,0,1,1,1,1
542,0.027646726285223022,fest.lib.id1736,2013,1.0,0,0,0,0,1,1,1,1
f9057,0.009298203289242048,fest.lib.id285,2011,0.39801347663094955,0,0,0,0,1,1,1,1
idfnew1284,0.0191712170049855,fest.lib.id.na240,2015,0.06203455950095228,0,0,0,0,1,1,1,2
f7944,0.03757154193838659,fest.lib.id1888,2016,0.9014664491525963,0,0,0,0,1,1,1,2
f8324,0.12887734617759455,fest.lib.id1888,2017,0.9014664491525963,0,0,0,0,1,1,1,1
idfnew1292,0.032129042151181834,fest.lib.id1894,2015,0.07073302680059652,0,0,0,0,1,1,1,2
N1500122,0.025734020986410512,fest.lib.id251,2014,0.030214209572879583,0,0,0,0,1,1,1,1
I1406306,0.0237226670181503,id401,2014,0.07211320128732311,0,0,0,0,0,0,0,0
f9134,0.11027658417839702,fest.lib.id285,2014,0.39801347663094955,0,0,0,0,1,1,2,3
tffnew474,0.02794385721613791,fest.lib.id1736,2012,1.0,0,0,0,0,1,1,1,1
I1605508,0.023652402881907068,fest.lib.id1808,2015,0.1145501607898263,0,0,0,0,1,1,1,2
tffnew9,0.03674422566138061,fest.lib.id.na.ch163,2011,0.02124090626912694,0,0,0,0,1,1,1,1
1456,0.04367720650282601,fest.lib.id1808,2013,0.1145501607898263,0,0,0,0,1,1,1,2
tffnew1136,0.012548255348690748,fest.lib.id1736,2014,1.0,0,0,0,0,1,1,1,1
f16955,0.016363444492561927,fest.lib.id1888,2012,0.9014664491525963,0,0,0,0,1,1,1,1
tffnew2436,0.014167108139157458,fest.lib.id1736,2017,1.0,0,0,0,0,1,1,1,2
frnew876,0.06897058040444233,imdbady00852,2016,0.01328812241569054,0,0,0,0,0,1,0,1
f17413,0.012331375498386058,fest.lib.id1888,2015,0.9014664491525963,0,0,0,0,1,1,1,1
1069,0.022214060177599606,fest.lib.id285,1963,0.39801347663094955,0,0,0,0,1,1,1,1
N1200800,0.011219045524521635,fest.lib.id364,2012,0.6039825158473134,0,0,0,0,1,1,1,1
tffnew50,0.020409566189092874,fest.lib.id285,2011,0.39801347663094955,0,0,0,0,1,1,2,3
676,0.023676443272111623,fest.lib.id.na49,2012,0.001965002970118308,0,0,0,0,1,1,1,1
1284,0.012013002562929002,fest.lib.id174,2013,0.12232867487620556,0,0,0,0,1,1,1,1
idfnew1733,0.03868737941060481,fest.lib.id1050,2017,0.10887639162499597,0,0,0,0,1,1,1,1
f8194,0.023039832295357877,fest.lib.id.na240,2016,0.06203455950095228,0,0,0,0,0,1,0,1
idfnew238,0.02031900695819409,imdbady00413,2011,0.00543824698870017,0,0,0,0,0,0,0,0
f9208,0.07832392798897068,fest.lib.id285,2015,0.39801347663094955,0,0,0,0,1,1,2,2
idfnew487,0.027046012284538047,fest.lib.id1893,1998,0.016624421352887907,0,0,0,0,0,0,0,0
tffnew1691,0.03727739008276895,fest.lib.id1050,2015,0.10887639162499597,0,0,0,0,1,1,1,1
1598,0.011219045524521635,fest.lib.id364,2013,0.6039825158473134,0,0,0,0,1,1,1,1
1011,0.009336977626214061,fest.lib.id1736,2013,1.0,0,0,0,0,1,1,1,1
484,0.023676443272111623,fest.lib.id3149,2012,0.001965002970118308,0,0,0,0,1,1,1,1
f17701,0.03988057474640198,fest.lib.id1888,2015,0.9014664491525963,0,0,0,0,1,1,1,1
tffnew2701,0.009336977626214061,fest.lib.id1736,2017,1.0,0,0,0,0,1,1,1,1
N1701232,0.013733839379406849,fest.lib.id1648,2016,0.20248827622358084,0,0,0,0,1,1,1,2
tffnew1681,0.009336977626214061,fest.lib.id1736,2015,1.0,0,0,0,0,1,1,1,1
f17628,0.019427356702842312,fest.lib.id39,2014,0.09626611562864955,0,0,0,0,1,1,1,1
frnew590,0.045913752508556574,fest.lib.id1074,2014,0.045751935521372585,0,0,0,0,0,1,0,2
idfnew1176,0.008542958136489727,fest.lib.id1543,2016,0.07586793383075503,0,0,0,0,0,0,0,0
tffnew2379,0.01727234023257852,fest.lib.id1736,2017,1.0,0,0,0,0,1,1,1,2
f9222,0.08624564030567217,fest.lib.id285,2015,0.39801347663094955,0,0,0,0,1,1,1,3
frnew335,0.0342923212043859,fest.lib.id1254,1992,0.04270900707335868,0,0,0,0,1,1,1,1
N1600688,0.3725172247969165,fest.lib.id7967,2015,0.003382423539559993,0,0,0,0,1,1,1,1
396,0.03683858866756985,fest.lib.id1894,2013,0.07073302680059652,0,0,0,0,1,1,1,1
idfnew857,0.03497975491500065,fest.lib.id1768,2014,0.07352724707497833,0,0,0,0,0,1,0,2
1454,0.012051776899901017,fest.lib.id1736,2013,1.0,0,0,0,0,1,1,1,1
idfnew1260,0.014497316026323245,fest.lib.id1050,2015,0.10887639162499597,0,0,0,0,0,0,0,0
idfnew613,0.02229371016003721,fest.lib.id1535,2012,0.08500246471603438,0,0,0,0,0,0,0,0
tffnew1467,0.022734206546446513,fest.lib.id1808,2014,0.1145501607898263,0,0,0,0,1,1,1,2
tffnew1852,0.06397051690993799,imdbady01289,2015,0.0011840411538636343,0,0,0,0,1,1,1,1
tffnew210,0.022602826542182305,fest.lib.id1736,2011,1.0,0,0,0,0,1,1,1,1
f7909,0.06667942908156589,fest.lib.id1296,2015,0.12314726966479073,0,0,0,0,1,1,1,1
idfnew799,0.025646336174594043,fest.lib.id243,2015,0.02271909456383388,0,0,0,0,0,0,0,0
tffnew1851,0.014930324526316466,fest.lib.id1736,2015,1.0,0,0,0,0,1,1,1,1
856,0.03441818085155957,fest.lib.id1808,2013,0.1145501607898263,0,0,0,0,1,1,1,2
9452fnosuv,0.028746088622491287,fest.lib.id285,2016,0.39801347663094955,0,0,0,0,1,1,2,2
tffnew1224,0.02451661082232868,fest.lib.id1808,2014,0.1145501607898263,0,0,0,0,1,1,1,1
tffnew1559,0.07719880810830829,fest.lib.id1697,2015,0.05210166239461778,0,0,0,0,1,1,1,3
idfnew1196,0.00995575178972834,fest.lib.id874,2015,0.5062687909078113,0,0,0,0,1,1,1,1
f7845,0.015375581846527075,fest.lib.id463,2015,0.0779767084966147,0,0,0,0,0,0,0,0
927,0.012309952301815141,fest.lib.id1736,2013,1.0,0,0,0,0,1,1,1,1
f16529,0.014642334757894213,fest.lib.id1291,2010,0.014747440729239914,0,0,0,0,0,0,0,0
frnew175,0.00984009835541201,fest.lib.id1167,2011,0.14309594420744598,0,0,0,0,0,0,0,0
876,0.022855992899477356,fest.lib.id.na471,2010,0.05809860871885474,0,0,0,0,1,1,1,1
tffnew1552,0.031027379749125738,fest.lib.id1808,2015,0.1145501607898263,0,0,0,0,1,1,1,1
N1101247,0.015298854838442422,fest.lib.id364,2011,0.6039825158473134,0,0,0,0,1,1,1,1
tffnew2191,0.02051490247748812,fest.lib.id1736,2016,1.0,0,0,0,0,1,1,1,2
tffnew2138,0.032173872911172956,fest.lib.id1895,2016,0.10094273609320706,0,0,0,0,1,1,1,1
906,0.02275516989785737,fest.lib.id1888,2013,0.9014664491525963,0,0,0,0,1,1,1,1
1027,0.09198045770576284,fest.lib.id1808,2013,0.1145501607898263,0,0,0,0,1,1,1,3
tffnew1388,0.039048138898241894,fest.lib.id1736,2014,1.0,0,0,0,0,1,1,1,1
f7750,0.01113285659884486,fest.lib.id1535,2015,0.08500246471603438,0,0,0,0,0,0,0,0
f16910,0.015240394346638424,fest.lib.id731,2012,0.3424863555939673,0,0,0,0,1,1,1,2
frnew677,0.013854608249867591,fest.lib.id1148,2015,0.021450340112936533,0,0,0,0,0,1,0,1
N1401522,0.029723836991584263,fest.lib.id364,2014,0.6039825158473134,0,0,0,0,1,1,1,1
f17376,0.025686062803550982,fest.lib.id731,2014,0.3424863555939673,0,0,0,0,0,1,0,1
I1703903,0.008568373609590714,fest.lib.id7530,2017,0.07450826436865476,0,0,0,0,0,0,0,0
idfnew1480,0.018660270420607437,fest.lib.id1808,2016,0.1145501607898263,0,0,0,0,1,1,1,1
f17310,0.03628509982642513,fest.lib.id1658,2014,0.15002034797660702,0,0,0,0,1,1,1,2
f16914,0.03390596349175497,fest.lib.id1888,2012,0.9014664491525963,0,0,0,0,1,1,1,2
idfnew1496,0.01662631117907281,fest.lib.id1890,2002,0.017783632446809833,0,0,0,0,0,0,0,0
f17465,0.017372166675572443,fest.lib.id1888,2015,0.9014664491525963,0,0,0,0,1,1,1,1
f16793,0.013230756835412126,fest.lib.id1888,2012,0.9014664491525963,0,0,0,0,1,1,1,1
idfnew1716,0.27730033416867933,fest.lib.id1827,2015,0.013212879199878848,0,0,0,0,1,1,1,2
tffnew501,0.012143814294826444,fest.lib.id1736,2012,1.0,0,0,0,0,1,1,1,1
I1703432,0.014972798915376702,fest.lib.id291,2016,0.013369960434954345,0,0,0,0,0,0,0,0
tffnew1312,0.05118139324572796,fest.lib.id1736,2014,1.0,0,0,0,0,1,1,1,3
894,0.0329836333233089,fest.lib.id.na163,2013,0.00263475562171809,0,0,0,0,1,1,1,1
f16590,0.015154984685433855,fest.lib.id.na419,2011,0.0044923188813395,0,0,0,0,1,1,1,1
idfnew1678,0.025462116303793685,imdbady00021,2017,0.0036945256186628737,0,0,0,0,1,1,1,1
f8314,0.01431879010284857,fest.lib.id1768,2016,0.07352724707497833,0,0,0,0,0,0,0,0
846,0.020123112371472022,fest.lib.id1736,2013,1.0,0,0,0,0,1,1,1,2
idfnew955,0.03539366229081817,fest.lib.id1658,2014,0.15002034797660702,0,0,0,0,0,1,0,2
1265,0.037087717097100105,fest.lib.id1736,2013,1.0,0,0,0,0,1,1,1,1
tffnew282,0.009336977626214061,fest.lib.id1736,2011,1.0,0,0,0,0,1,1,1,1
tffnew268,0.012576963076974965,fest.lib.id.na292,2012,0.07612469051374422,0,0,0,0,1,1,1,1
1189,0.020012638954488026,fest.lib.id1074,2013,0.045751935521372585,0,0,0,0,0,1,0,1
idfnew635,0.06877382290173513,fest.lib.id285,2012,0.39801347663094955,0,0,0,0,1,1,3,4
N1600487,0.01857734077452087,id627,2016,0.06218359890861916,0,0,0,0,1,1,1,1
9334fnosuv,0.017076742490160494,fest.lib.id1732,1997,0.16442851051533133,0,0,0,0,0,0,0,0
tffnew278,0.017707171542282227,fest.lib.id1736,2011,1.0,0,0,0,0,1,1,1,2
tffnew439,0.03162365402307393,fest.lib.id1736,2012,1.0,0,0,0,0,1,1,1,1
I1202841,0.013037566208556648,id627,2012,0.06218359890861916,0,0,0,0,0,0,0,0
tffnew2502,0.03999773267121775,fest.lib.id1736,2017,1.0,0,0,0,0,1,1,1,2
f17355,0.02936928766162042,fest.lib.id1888,2014,0.9014664491525963,0,0,0,0,1,1,1,2
f17350,0.06114313224673887,fest.lib.id1658,2014,0.15002034797660702,0,0,0,0,1,1,1,2
frnew319,0.0178825368246669,fest.lib.id665,2012,0.318359506181511,0,0,0,0,0,1,0,1
1597,0.03997260549573114,fest.lib.id.na156,2008,0.001202257977038212,0,0,0,0,1,1,1,2
105,0.03386531217666333,fest.lib.id974,2013,0.16229812321214043,0,0,0,0,1,1,1,2
tffnew2429,0.09690797862238677,fest.lib.id285,2017,0.39801347663094955,0,0,0,0,1,1,3,4
tffnew2356,0.06512281800341822,fest.lib.id100,2017,0.005312007174460047,0,0,0,0,1,1,1,2
9460fnosuv,0.019874273571527122,fest.lib.id1281,1997,0.0020874058978725945,0,0,0,0,0,0,0,0
tffnew1476,0.04351874892133822,fest.lib.id1736,2014,1.0,0,0,0,0,1,1,1,1
531,0.0255422723852102,fest.lib.id.na418,2012,0.0016221655885014345,0,0,0,0,0,1,0,1
frnew578,0.0206274163565592,fest.lib.id1473,2014,0.012978752400486635,0,0,0,0,0,0,0,0
tffnew1513,0.023782780941548856,fest.lib.id1736,2014,1.0,0,0,0,0,1,1,1,2
425,0.012495472919459462,fest.lib.id1736,2013,1.0,0,0,0,0,1,1,1,1
tffnew2594,0.009336977626214061,fest.lib.id1736,2017,1.0,0,0,0,0,1,1,1,1
tffnew1205,0.06312039529851945,fest.lib.id1736,2014,1.0,0,0,0,0,1,1,1,2
tffnew158,0.06607339805501584,fest.lib.id285,2011,0.39801347663094955,0,0,0,0,1,1,2,4
I1402407,0.01393384479820859,fest.lib.id174,2013,0.12232867487620556,0,0,0,0,1,1,1,1
idfnew205,0.057190925497768205,fest.lib.id1623,2011,0.02361397754077404,0,0,0,0,1,1,1,1
idfnew416,0.0092720581062447,fest.lib.id.na375,2013,0.19236865604671277,0,0,0,0,0,0,0,0
idfnew938,0.014455838035392445,fest.lib.id731,2015,0.3424863555939673,0,0,0,0,0,1,0,1
f8267,0.08740979406518277,fest.lib.id.na57,2016,0.00688470427560502,0,0,0,0,1,1,1,1
f16499,0.015752195422944374,fest.lib.id1736,2010,1.0,0,0,0,0,1,1,2,2
idfnew1177,0.027278281847591786,fest.lib.id731,2015,0.3424863555939673,0,0,0,0,1,1,1,2
1540,0.020693602471103977,fest.lib.id364,2013,0.6039825158473134,0,0,0,0,1,1,1,1
tffnew1722,0.018500290654616267,fest.lib.id.na389,2015,0.002624433570536206,0,0,0,0,1,1,1,1
f17064,0.019200549692811462,fest.lib.id1888,2014,0.9014664491525963,0,0,0,0,1,1,1,1
f7798,0.012740042748303732,fest.lib.id.na217,2016,0.021794704861961424,0,0,0,0,0,0,0,0
frnew703,0.014829153624808673,fest.lib.id1915,2015,0.006266045667585446,0,0,0,0,0,1,0,1
tffnew2164,0.04431798721512584,fest.lib.id1808,2016,0.1145501607898263,0,0,0,0,1,1,1,3
tffnew1407,0.0450012580459048,fest.lib.id1296,2014,0.12314726966479073,0,0,0,0,0,1,0,1
tffnew2568,0.032691537202653255,fest.lib.id1736,2017,1.0,0,0,0,0,1,1,1,2
idfnew282,0.022089457373177464,fest.lib.id1050,2011,0.10887639162499597,0,0,0,0,1,1,1,1
1077,0.02701171103213911,fest.lib.id285,2005,0.39801347663094955,0,0,0,0,1,1,2,2
1245,0.00995575178972834,fest.lib.id874,2013,0.5062687909078113,0,0,0,0,1,1,1,1
f16534,0.009940784625779017,fest.lib.id1888,2010,0.9014664491525963,0,0,0,0,1,1,1,1
tffnew1122,0.08949132687188333,fest.lib.id1808,2014,0.1145501607898263,0,0,0,0,1,1,1,3
535,0.013700313400592048,fest.lib.id665,2013,0.318359506181511,0,0,0,0,0,1,0,1
frnew350,0.010470746031531416,fest.lib.id665,2012,0.318359506181511,0,0,0,0,0,1,0,1
1177,0.035679819437690746,fest.lib.id1888,2012,0.9014664491525963,0,0,0,0,1,1,1,2
frnew29,0.009840210414721409,id238,2011,0.0408858975952493,0,0,0,0,0,0,0,0
f16902,0.09152377358120843,fest.lib.id1658,2012,0.15002034797660702,0,0,0,0,1,1,1,5
tffnew1648,0.0297968952775705,fest.lib.id1736,2015,1.0,0,0,0,0,1,1,1,1
647,0.042814545976500175,fest.lib.id1736,2013,1.0,0,0,0,0,1,1,1,2
N1100203,0.013627308171436002,imdbady00550,2010,0.003969915583122324,0,0,0,0,0,0,0,0
539,0.010470746031531416,fest.lib.id665,2013,0.318359506181511,0,0,0,0,0,1,0,1
1485,0.011219045524521635,fest.lib.id364,2013,0.6039825158473134,0,0,0,0,1,1,1,1
f7904,0.035685017397289145,id627,2016,0.06218359890861916,0,0,0,0,1,1,1,1
f17325,0.04614626154801318,fest.lib.id1888,2014,0.9014664491525963,0,0,0,0,1,1,1,3
tffnew131,0.0233285730538099,fest.lib.id1736,2011,1.0,0,0,0,0,1,1,1,2
idfnew115,0.019472126215897462,fest.lib.id418,2004,0.05422420453294368,0,0,0,0,1,1,1,1
tffnew1536,0.009336977626214061,fest.lib.id1736,2015,1.0,0,0,0,0,1,1,1,1
idfnew883,0.0092720581062447,fest.lib.id.na375,2015,0.19236865604671277,0,0,0,0,0,0,0,0
f7905,0.018157248455697036,fest.lib.id1888,2016,0.9014664491525963,0,0,0,0,1,1,1,2
I1603515,0.014459030975282538,fest.lib.id364,2016,0.6039825158473134,0,0,0,0,1,1,1,1
tffnew1711,0.06805808092374531,fest.lib.id1050,2015,0.10887639162499597,0,0,0,0,1,1,1,2
tffnew420,0.01191129273677928,fest.lib.id1736,2012,1.0,0,0,0,0,1,1,1,1
tffnew90,0.05209021507245331,fest.lib.id1808,2011,0.1145501607898263,0,0,0,0,1,1,1,3
I1405689,0.033892164910812664,fest.lib.id.na213,2013,0.0192305499949209,0,0,0,0,0,0,0,0
tffnew1258,0.11779642393093667,fest.lib.id285,2014,0.39801347663094955,0,0,0,0,1,1,2,3
976,0.046928162456543014,fest.lib.id1808,2013,0.1145501607898263,0,0,0,0,1,1,1,2
idfnew394,0.0144198316126897,fest.lib.id.na85,2014,0.0035749097213049826,0,0,0,0,0,0,0,0
f7919,0.009940784625779017,fest.lib.id1888,2016,0.9014664491525963,0,0,0,0,1,1,1,1
idfnew1454,0.00995575178972834,fest.lib.id874,2016,0.5062687909078113,0,0,0,0,1,1,1,1
idfnew776,0.033640388910595835,fest.lib.id874,2010,0.5062687909078113,0,0,0,0,1,1,1,1
177,0.009298203289242048,fest.lib.id285,2013,0.39801347663094955,0,0,0,0,1,1,1,1
idfnew1331,0.018958366565183554,fest.lib.id874,2016,0.5062687909078113,0,0,0,0,1,1,1,1
I1604305,0.011219045524521635,fest.lib.id364,2016,0.6039825158473134,0,0,0,0,1,1,1,1
f16898,0.016286187454741544,fest.lib.id217,2011,0.13475573540038221,0,0,0,0,0,0,0,0
N1200063,0.018171081327553282,fest.lib.id.survey.na298,2011,0.0031274004388335943,0,0,0,0,1,1,1,1
f17638,0.009940784625779017,fest.lib.id1888,2015,0.9014664491525963,0,0,0,0,1,1,1,1
idfnew926,0.013557299179225827,fest.lib.id874,2014,0.5062687909078113,0,0,0,0,1,1,1,1
f9350,0.03766574826148805,fest.lib.id285,2017,0.39801347663094955,0,0,0,0,1,1,2,2
idfnew710,0.024646536161054125,fest.lib.id874,2014,0.5062687909078113,0,0,0,0,1,1,1,2
idfnew1580,0.00995575178972834,fest.lib.id874,2016,0.5062687909078113,0,0,0,0,1,1,1,1
f16639,0.06708447933687926,fest.lib.id1888,2011,0.9014664491525963,0,0,0,0,1,1,1,2
f17309,0.017350502579505267,fest.lib.id1888,2014,0.9014664491525963,0,0,0,0,1,1,1,2
f7991,0.032940556724481505,fest.lib.id1658,2016,0.15002034797660702,0,0,0,0,1,1,1,2
frnew742,0.02050959067835511,fest.lib.id1239,2015,0.03969953473245662,0,0,0,0,0,1,0,1
idfnew1233,0.00995575178972834,fest.lib.id874,2015,0.5062687909078113,0,0,0,0,1,1,1,1
tffnew2020,0.0384329590546926,fest.lib.id1736,2016,1.0,0,0,0,0,1,1,1,1
9453fnosuv,0.01457626808793987,fest.lib.id285,2016,0.39801347663094955,0,0,0,0,1,1,1,2
tffnew1300,0.017411261446840926,fest.lib.id1736,2014,1.0,0,0,0,0,1,1,1,1
N1600463,0.015577336211046884,fest.lib.id364,2016,0.6039825158473134,0,0,0,0,1,1,1,1
idfnew644,0.00995575178972834,fest.lib.id874,2012,0.5062687909078113,0,0,0,0,1,1,1,1
tffnew68,0.009336977626214061,fest.lib.id1736,2011,1.0,0,0,0,0,1,1,1,1
tffnew2666,0.009336977626214061,fest.lib.id1736,2017,1.0,0,0,0,0,1,1,1,1
1144,0.015545616166490082,fest.lib.id7505,2013,0.06371828239502825,0,0,0,0,1,1,1,1
tffnew57,0.009336977626214061,fest.lib.id1736,2011,1.0,0,0,0,0,1,1,1,1
N1101285,0.06127725936775805,fest.lib.id364,2010,0.6039825158473134,0,0,0,0,1,1,1,1
idfnew1566,0.01267955767287444,fest.lib.id7034,2016,0.037368473947701035,0,0,0,0,1,1,1,1
frnew920,0.0254659784399236,fest.lib.id510,2016,0.032092881033137406,0,0,0,0,0,0,0,0
tffnew336,0.01731080327070703,fest.lib.id1808,2011,0.1145501607898263,0,0,0,0,1,1,1,2
f17208,0.01840839215783991,fest.lib.id1888,2014,0.9014664491525963,0,0,0,0,1,1,1,1
f17351,0.04586044061235258,fest.lib.id1888,2014,0.9014664491525963,0,0,0,0,1,1,1,1
f8048,0.009940784625779017,fest.lib.id1888,2017,0.9014664491525963,0,0,0,0,1,1,1,1
694,0.021784674548653397,fest.lib.id1888,2013,0.9014664491525963,0,0,0,0,1,1,1,1
idfnew1149,0.01251332161792151,fest.lib.id1177,2015,0.0358547708140046,0,0,0,0,1,1,1,1
I1701087,0.00888480564781314,fest.lib.id1832,2016,0.10684151432045275,0,0,0,0,0,0,0,0
idfnew439,0.011539839908542508,fest.lib.id1658,2012,0.15002034797660702,0,0,0,0,0,0,0,0
978,0.014255663857400503,fest.lib.id1234,2011,0.048618230462118085,0,0,0,0,1,1,1,1
idfnew1579,0.026391537125516496,fest.lib.id874,2016,0.5062687909078113,0,0,0,0,1,1,1,1
I1406557,0.012836346441050807,fest.lib.id7160,2013,0.08755778354559723,0,0,0,0,0,0,0,0
tffnew37,0.014519076483916423,fest.lib.id1808,2011,0.1145501607898263,0,0,0,0,1,1,1,1
idfnew1846,0.12164292156330284,fest.lib.id1697,2012,0.05210166239461778,0,0,0,0,1,1,3,4
tffnew1941,0.016941000250918322,fest.lib.id1736,2016,1.0,0,0,0,0,1,1,1,1
1424,0.01796118067582723,fest.lib.id1585,2012,0.006285429813321766,0,0,0,0,1,1,1,1
f9386,0.014959410424163688,fest.lib.id1658,2017,0.15002034797660702,0,0,0,0,1,1,1,1
1432,0.019705812972855594,fest.lib.id1364,2005,0.020912179746952062,0,0,0,0,1,1,1,1
frnew477,0.01244413789187566,fest.lib.id1258,2012,0.1587868864408964,0,0,0,0,0,0,0,0
tffnew2134,0.03908006304303287,fest.lib.id1736,2016,1.0,0,0,0,0,1,1,1,1
frnew28,0.012638224045671392,fest.lib.id731,2011,0.3424863555939673,0,0,0,0,0,1,0,1
N1701079,0.014996755338235395,fest.lib.id.na104,2016,0.004057091705035587,0,0,0,0,0,0,0,0
f17238,0.01586338601925662,fest.lib.id1888,2014,0.9014664491525963,0,0,0,0,1,1,1,1
f17202,0.009940784625779017,fest.lib.id1888,2014,0.9014664491525963,0,0,0,0,1,1,1,1
9358fnosuv,0.009298203289242048,fest.lib.id285,2016,0.39801347663094955,0,0,0,0,1,1,1,1
tffnew1918,0.05034263362291438,fest.lib.id1736,2015,1.0,0,0,0,0,1,1,1,1
1563,0.015344973087605237,fest.lib.id364,2013,0.6039825158473134,0,0,0,0,1,1,1,1
1658,0.037478660421385514,fest.lib.id364,2013,0.6039825158473134,0,0,0,0,1,1,1,1
tffnew313,0.009568659479124124,fest.lib.id7780,2013,0.020967976332882988,0,0,0,0,0,0,0,0
f17453,0.01865493481872255,fest.lib.id1888,2015,0.9014664491525963,0,0,0,0,1,1,1,1
tffnew407,0.029285343887005568,fest.lib.id974,2012,0.16229812321214043,0,0,0,0,0,1,0,1
1107,0.07739206562525099,fest.lib.id1736,2013,1.0,0,0,0,0,1,1,1,2
tffnew52,0.04217078793928258,fest.lib.id974,2011,0.16229812321214043,0,0,0,0,1,1,1,2
frnew179,0.02642141133625263,fest.lib.id1882,2011,0.007214962864556647,0,0,0,0,0,1,0,1
idfnew990,0.030963071683288945,fest.lib.id1658,2010,0.15002034797660702,0,0,0,0,1,1,1,1
I1706244,0.011219045524521635,fest.lib.id364,2017,0.6039825158473134,0,0,0,0,1,1,1,1
tffnew2655,0.009336977626214061,fest.lib.id1736,2017,1.0,0,0,0,0,1,1,1,1
f8119,0.019578817098701767,fest.lib.id1888,2017,0.9014664491525963,0,0,0,0,1,1,1,1
f8226,0.04126845431013116,fest.lib.id1888,2017,0.9014664491525963,0,0,0,0,1,1,1,3
tffnew229,0.04746211289760413,fest.lib.id.na282,2011,0.006192364029310684,0,0,0,0,1,1,1,3
idfnew1143,0.02828883254030309,imdbady00320,2000,0.0016268730862915991,0,0,0,0,1,1,2,2
143,0.04423939445336647,fest.lib.id1736,2013,1.0,0,0,0,0,1,1,1,3
tffnew2381,0.02967549466719955,fest.lib.id1736,2017,1.0,0,0,0,0,1,1,1,2
N1400015,0.02588738404826281,fest.lib.id1827,2013,0.013212879199878848,0,0,0,0,1,1,1,1
tffnew2518,0.009336977626214061,fest.lib.id1736,2017,1.0,0,0,0,0,1,1,1,1
tffnew2353,0.019009251230709984,fest.lib.id1736,2017,1.0,0,0,0,0,1,1,1,2
tffnew2116,0.03999963908483448,fest.lib.id1736,2016,1.0,0,0,0,0,1,1,1,3
9560fnosuv,0.012493556838746766,fest.lib.id285,1946,0.39801347663094955,0,0,0,0,1,1,1,1
I1102880,0.008721578657805106,fest.lib.id909,2011,0.13015898047987368,0,0,0,0,0,0,0,0
idfnew798,0.12404378120403349,fest.lib.id1529,2014,0.11108067190434959,0,0,0,0,1,1,1,2
frnew348,0.020428887630724542,fest.lib.id1658,2012,0.15002034797660702,0,0,0,0,0,0,0,0
tffnew1327,0.03206494199647418,fest.lib.id326,2014,0.025856979574646992,0,0,0,0,0,1,0,1
tffnew2017,0.01685048961252083,fest.lib.id1736,2016,1.0,0,0,0,0,1,1,1,2
tffnew1460,0.05299326220319207,fest.lib.id1050,2014,0.10887639162499597,0,0,0,0,1,1,1,2
tffnew2265,0.017065915085366392,fest.lib.id1697,2016,0.05210166239461778,0,0,0,0,1,1,1,1
idfnew1489,0.016283455449481114,fest.lib.id874,2016,0.5062687909078113,0,0,0,0,1,1,1,1
tffnew1291,0.020396037424755924,fest.lib.id1736,2014,1.0,0,0,0,0,1,1,1,1
1172,0.05160099358727284,fest.lib.id1664,2010,0.15064075420920695,0,0,0,0,1,1,1,2
f17083,0.02074918307965083,fest.lib.id1888,2014,0.9014664491525963,0,0,0,0,1,1,1,1
f17231,0.015251832889652402,fest.lib.id1888,2014,0.9014664491525963,0,0,0,0,1,1,1,2
tffnew2544,0.05387387977851677,fest.lib.id1736,2017,1.0,0,0,0,0,1,1,1,4
462,0.009940784625779017,fest.lib.id1888,2013,0.9014664491525963,0,0,0,0,1,1,1,1
idfnew1470,0.03346447105885015,fest.lib.id874,2016,0.5062687909078113,0,0,0,0,1,1,1,1
tffnew1431,0.019934314312217302,fest.lib.id2024,2014,0.03447105478829865,0,0,0,0,0,0,0,0
tffnew241,0.036666031940438326,fest.lib.id1402,2011,0.01682114414639636,0,0,0,0,1,1,1,1
idfnew910,0.046009480847953414,imdbady00540,1995,0.008444396584726685,0,0,0,0,0,1,0,2
frnew1109,0.016579761159350632,fest.lib.id1074,2016,0.045751935521372585,0,0,0,0,0,0,0,0
frnew959,0.008772062870496212,fest.lib.id6064,2016,0.05436316162960417,0,0,0,0,0,0,0,0
tffnew1279,0.026001783588638763,fest.lib.id1118,2014,0.012882490252282741,0,0,0,0,1,1,1,2
f9099,0.03829407778729078,fest.lib.id285,2012,0.39801347663094955,0,0,0,0,1,1,1,3
f9329,0.05605721315122886,fest.lib.id285,2017,0.39801347663094955,0,0,0,0,1,1,1,2
9333fnosuv,0.020265633729181054,fest.lib.id1704,2015,0.0826856495616202,0,0,0,0,1,1,1,1
tffnew416,0.02097569792629751,fest.lib.id1736,2012,1.0,0,0,0,0,1,1,1,2
idfnew821,0.030805309757565028,fest.lib.id1925,2014,0.0062764066254804825,0,0,0,0,1,1,1,1
434,0.023140839567827413,fest.lib.id1658,2012,0.15002034797660702,0,0,0,0,1,1,1,1
tffnew2487,0.09241509713574277,fest.lib.id1736,2017,1.0,0,0,0,0,1,1,1,2
f17548,0.02028443922269261,fest.lib.id1888,2015,0.9014664491525963,0,0,0,0,1,1,1,1
92,0.03381674825414001,fest.lib.id285,2013,0.39801347663094955,0,0,0,0,1,1,1,2
f9050,0.012474941143376463,fest.lib.id285,2011,0.39801347663094955,0,0,0,0,1,1,1,1
idfnew860,0.013993473633361068,fest.lib.id874,2014,0.5062687909078113,0,0,0,0,1,1,1,1
879,0.8162205338138563,fest.lib.id364,2013,0.6039825158473134,0,0,0,0,1,1,1,1
118,0.04458587195672272,fest.lib.id1118,2013,0.012882490252282741,0,0,0,0,1,1,1,1
I1201844,0.011659385923214688,fest.lib.id174,2011,0.12232867487620556,0,0,0,0,0,0,0,0
idfnew773,0.05326984870333477,fest.lib.id1658,2014,0.15002034797660702,0,0,0,0,0,1,0,1
51,0.03460997272796999,fest.lib.id1808,2013,0.1145501607898263,0,0,0,0,1,1,1,2
I1204746,0.021612220170484323,imdbady00618,2011,0.0018585790368537902,0,0,0,0,0,0,0,0
tffnew2251,0.07322981458486708,fest.lib.id1658,2016,0.15002034797660702,0,0,0,0,1,1,2,3
tffnew105,0.009336977626214061,fest.lib.id1736,2011,1.0,0,0,0,0,1,1,1,1
1532,0.027987866208963947,fest.lib.id364,2013,0.6039825158473134,0,0,0,0,1,1,1,1
1262,0.009336977626214061,fest.lib.id1736,2013,1.0,0,0,0,0,1,1,1,1
N1600649,0.014538296272830502,id627,2016,0.06218359890861916,0,0,0,0,1,1,1,1
1559,0.017112171531374946,fest.lib.id364,2013,0.6039825158473134,0,0,0,0,1,1,1,1
1387,0.02851339296048334,fest.lib.id1888,2013,0.9014664491525963,0,0,0,0,1,1,1,2
1531,0.014659506371733485,id289,2012,0.032710941086123504,0,0,0,0,1,1,1,1
1091,0.04062986447707736,fest.lib.id285,2012,0.39801347663094955,0,0,0,0,1,1,2,2
frnew1095,0.013139959162290297,fest.lib.id6064,2017,0.05436316162960417,0,0,0,0,0,1,0,1
tffnew1194,0.07827256975637532,fest.lib.id1736,2014,1.0,0,0,0,0,1,1,1,4
tffnew2437,0.012056340520051218,fest.lib.id1658,2017,0.15002034797660702,0,0,0,0,1,1,1,1
N1600626,0.016194830685235823,fest.lib.id1808,2015,0.1145501607898263,0,0,0,0,1,1,1,1
f16600,0.034195443326597845,id097,2010,0.020373317099565996,0,0,0,0,1,1,1,2
idfnew1245,0.011500567784618386,fest.lib.id1768,2015,0.07352724707497833,0,0,0,0,0,0,0,0
tffnew2449,0.009336977626214061,fest.lib.id1736,2017,1.0,0,0,0,0,1,1,1,1
1534,0.011219045524521635,fest.lib.id364,2013,0.6039825158473134,0,0,0,0,1,1,1,1
N1400609,0.019616380712737254,fest.lib.id364,2014,0.6039825158473134,0,0,0,0,1,1,1,1
idfnew198,0.009586893041936302,fest.lib.id1311,2012,0.016561567809067174,0,0,0,0,0,0,0,0
tffnew1815,0.04464962011884452,fest.lib.id1736,2015,1.0,0,0,0,0,1,1,1,1
450,0.013406377783864828,fest.lib.id1888,2013,0.9014664491525963,0,0,0,0,1,1,1,1
I1204574,0.02332368434099875,fest.lib.id762,2012,0.016333424821204194,0,0,0,0,0,0,0,0
f17343,0.00984009835541201,fest.lib.id1167,2014,0.14309594420744598,0,0,0,0,0,0,0,0
f8355,0.009940784625779017,fest.lib.id1888,2017,0.9014664491525963,0,0,0,0,1,1,1,1
idfnew769,0.012730079923984804,fest.lib.id874,2014,0.5062687909078113,0,0,0,0,1,1,1,1
tffnew2368,0.03255569973810226,fest.lib.id1736,2017,1.0,0,0,0,0,1,1,1,3
f16944,0.03427317002769526,fest.lib.id1888,2012,0.9014664491525963,0,0,0,0,1,1,1,1
idfnew634,0.011209540390174754,fest.lib.id1895,2012,0.10094273609320706,0,0,0,0,0,0,0,0
f16392,0.01735996864801266,fest.lib.id1888,2011,0.9014664491525963,0,0,0,0,1,1,1,1
477,0.025376972547379133,fest.lib.id1888,2013,0.9014664491525963,0,0,0,0,1,1,1,1
tffnew1202,0.01127667676456863,fest.lib.id463,2013,0.0779767084966147,0,0,0,0,0,1,0,1
tffnew1575,0.012669265159540442,fest.lib.id1736,2015,1.0,0,0,0,0,1,1,1,1
frnew316,0.010470746031531416,fest.lib.id665,2012,0.318359506181511,0,0,0,0,0,1,0,1
tffnew123,0.016848127657215817,fest.lib.id1736,2011,1.0,0,0,0,0,1,1,1,2
1509,0.013790101595809724,fest.lib.id364,2013,0.6039825158473134,0,0,0,0,1,1,1,1
908,0.012473246234304455,fest.lib.id1888,2013,0.9014664491525963,0,0,0,0,1,1,1,1
idfnew1532,0.040822623379283336,fest.lib.id874,2016,0.5062687909078113,0,0,0,0,1,1,1,2
f17032,0.02030391925733246,fest.lib.id1888,2012,0.9014664491525963,0,0,0,0,1,1,1,1
9337fnosuv,0.03304001469576725,fest.lib.id1771,1963,0.009718048527422345,0,0,0,0,0,0,0,0
917,0.02589764410838967,fest.lib.id1888,2013,0.9014664491525963,0,0,0,0,1,1,1,1
frnew970,0.012587188269757578,fest.lib.id1074,2016,0.045751935521372585,0,0,0,0,0,0,0,0
tffnew1451,0.03179557657596532,fest.lib.id1664,2014,0.15064075420920695,0,0,0,0,0,1,0,2
N1200647,0.014200102191316535,fest.lib.id364,2012,0.6039825158473134,0,0,0,0,1,1,1,1
915,0.05660324328137349,fest.lib.id874,2013,0.5062687909078113,0,0,0,0,1,1,1,2
tffnew206,0.040582250254831385,fest.lib.id1736,2011,1.0,0,0,0,0,1,1,1,2
frnew147,0.014145288208992222,fest.lib.id665,2011,0.318359506181511,0,0,0,0,0,1,0,1
idfnew1788,0.10772033348224046,fest.lib.id874,2017,0.5062687909078113,0,0,0,0,1,1,1,1
600,0.03791308726963437,fest.lib.id1888,2013,0.9014664491525963,0,0,0,0,1,1,1,3
tffnew2121,0.0965807689515942,fest.lib.id1736,2016,1.0,0,0,0,0,1,1,1,4
1670,0.025177759946469695,fest.lib.id364,2013,0.6039825158473134,0,0,0,0,1,1,1,1
277,0.010470746031531416,fest.lib.id665,2013,0.318359506181511,0,0,0,0,0,1,0,1
I1500733,0.021285418883462956,fest.lib.id251,2014,0.030214209572879583,0,0,0,0,1,1,1,1
tffnew114,0.025374770814630066,fest.lib.id1577,2011,0.033539337390164,0,0,0,0,1,1,1,1
tffnew347,0.035572406442574485,fest.lib.id1736,2011,1.0,0,0,0,0,1,1,1,1
idfnew1806,0.018172874947986407,fest.lib.id874,2017,0.5062687909078113,0,0,0,0,1,1,1,1
935,0.02221684304444173,fest.lib.id285,1978,0.39801347663094955,0,0,0,0,1,1,2,2
frnew817,0.010234032831391644,fest.lib.id.na42,2014,0.06417041546238612,0,0,0,0,0,0,0,0
1125,0.009940784625779017,fest.lib.id1888,2013,0.9014664491525963,0,0,0,0,1,1,1,1
idfnew1861,0.01428301284548506,fest.lib.id388,2003,0.10657216405781064,0,0,0,0,0,1,0,1
tffnew1659,0.0361074930082139,fest.lib.id1658,2015,0.15002034797660702,0,0,0,0,1,1,1,1
frnew122,0.010470746031531416,fest.lib.id665,2011,0.318359506181511,0,0,0,0,0,1,0,1
frnew196,0.010234032831391644,fest.lib.id.na42,2012,0.06417041546238612,0,0,0,0,0,0,0,0
idfnew794,0.014655233341173529,imdbady00851,2015,0.004785224506125357,0,0,0,0,0,0,0,0
tffnew1566,0.009336977626214061,fest.lib.id1736,2016,1.0,0,0,0,0,1,1,1,1
frnew88,0.014601929123185729,fest.lib.id665,2011,0.318359506181511,0,0,0,0,0,1,0,1
99,0.025428322335873627,fest.lib.id1736,2013,1.0,0,0,0,0,1,1,1,1
1363,0.009940784625779017,fest.lib.id1888,1986,0.9014664491525963,0,0,0,0,1,1,1,1
tffnew1553,0.015529164309843958,fest.lib.id1736,2015,1.0,0,0,0,0,1,1,1,1
775,0.011869259360530135,fest.lib.id285,2013,0.39801347663094955,0,0,0,0,1,1,1,1
I1501114,0.02486204100050779,fest.lib.id1892,2014,0.016038140602942452,0,0,0,0,1,1,1,1
21,0.05095611861415974,fest.lib.id1658,2013,0.15002034797660702,0,0,0,0,1,1,2,2
1247,0.07127393450671084,fest.lib.id1115,1964,0.08905067793670396,0,0,0,0,1,1,1,1
idfnew692,0.017732985371475253,fest.lib.id1050,2012,0.10887639162499597,0,0,0,0,0,0,0,0
tffnew1489,0.03452596300778576,fest.lib.id1736,2014,1.0,0,0,0,0,1,1,1,2
tffnew2656,0.011764107837794401,fest.lib.id1736,2017,1.0,0,0,0,0,1,1,1,1
416,0.6933654882951289,fest.lib.id1623,2012,0.02361397754077404,0,0,0,0,1,1,1,2
tffnew385,0.011944761373351206,fest.lib.id1808,2012,0.1145501607898263,0,0,0,0,1,1,1,1
f17289,0.009940784625779017,fest.lib.id1888,2014,0.9014664491525963,0,0,0,0,1,1,1,1
idfnew1462,0.0126751146835655,fest.lib.id1658,2016,0.15002034797660702,0,0,0,0,1,1,1,1
frnew517,0.028312210050460127,fest.lib.id1808,1991,0.1145501607898263,0,0,0,0,1,1,2,2
tffnew399,0.0784743478131129,fest.lib.id1736,2012,1.0,0,0,0,0,1,1,1,3
tffnew181,0.017041611953411445,fest.lib.id1808,2011,0.1145501607898263,0,0,0,0,1,1,1,2
I1505969,0.02671296859761306,fest.lib.id909,2014,0.13015898047987368,0,0,0,0,1,1,1,1
1298,0.009940784625779017,fest.lib.id1888,2013,0.9014664491525963,0,0,0,0,1,1,1,1
idfnew1894,0.0092720581062447,fest.lib.id.na375,2018,0.19236865604671277,0,0,0,0,0,0,0,0
I1704924,0.011851771481099274,fest.lib.id1736,2018,1.0,0,0,0,0,1,1,1,2
tffnew2274,0.038410681298446964,fest.lib.id1736,2016,1.0,0,0,0,0,1,1,1,2
idfnew106,0.008877177873993794,fest.lib.id437,2011,0.04486369651905941,0,0,0,0,0,0,0,0
frnew1103,0.008677101619568117,fest.lib.id33,2015,0.048734666620580576,0,0,0,0,0,0,0,0
f16465,0.04122159754027719,fest.lib.id1888,2011,0.9014664491525963,0,0,0,0,1,1,1,1
idfnew371,0.009068127641703923,fest.lib.id.na240,2009,0.06203455950095228,0,0,0,0,0,0,0,0
tffnew2243,0.02602122013732459,fest.lib.id1736,2016,1.0,0,0,0,0,1,1,2,2
tffnew1880,0.009336977626214061,fest.lib.id1736,2015,1.0,0,0,0,0,1,1,1,1
idfnew951,0.01893289844318685,fest.lib.id874,2014,0.5062687909078113,0,0,0,0,1,1,1,1
f17250,0.03254349296474278,fest.lib.id1494,2013,0.14895479943977585,0,0,0,0,1,1,1,1
1158,0.0141628710228684,fest.lib.id285,1974,0.39801347663094955,0,0,0,0,1,1,1,1
1326,0.009940784625779017,fest.lib.id1888,2013,0.9014664491525963,0,0,0,0,1,1,1,1
N1101183,0.011219045524521635,fest.lib.id364,2011,0.6039825158473134,0,0,0,0,1,1,1,1
N1401203,0.025216137617203545,id627,2014,0.06218359890861916,0,0,0,0,1,1,1,1
9463fnosuv,0.014196158909495774,fest.lib.id1183,1975,0.04617845839505119,0,0,0,0,0,0,0,0
idfnew587,0.015434591312964091,fest.lib.id1890,2012,0.017783632446809833,0,0,0,0,0,0,0,0
1471,0.011219045524521635,fest.lib.id364,2013,0.6039825158473134,0,0,0,0,1,1,1,1
f9234,0.019872335645575744,fest.lib.id285,2015,0.39801347663094955,0,0,0,0,1,1,1,1
tffnew437,0.03529156912355821,fest.lib.id1736,2012,1.0,0,0,0,0,1,1,1,2
1610,0.03857349658978546,fest.lib.id364,2000,0.6039825158473134,0,0,0,0,1,1,1,1
tffnew1275,0.01653629505061233,fest.lib.id752,2014,0.07935485557086505,0,0,0,0,0,0,0,0
672,0.048458586606073384,fest.lib.id1267,2012,0.008255238725366265,0,0,0,0,1,1,1,2
tffnew1487,0.03270993308580534,fest.lib.id1736,2014,1.0,0,0,0,0,1,1,1,2
frnew211,0.010234032831391644,fest.lib.id.na42,2011,0.06417041546238612,0,0,0,0,0,0,0,0
tffnew2440,0.009336977626214061,fest.lib.id1736,2017,1.0,0,0,0,0,1,1,1,1
f9285,0.08008645554089479,fest.lib.id285,2016,0.39801347663094955,0,0,0,0,1,1,2,4
f17023,0.039037269574352246,fest.lib.id1888,2012,0.9014664491525963,0,0,0,0,1,1,1,1
f9089,0.029942119782831393,fest.lib.id285,2012,0.39801347663094955,0,0,0,0,1,1,1,1
idfnew1171,0.014609441648664486,fest.lib.id1520,2017,0.025009002178851433,0,0,0,0,0,0,0,0
f17099,0.014639465662154405,fest.lib.id1888,2014,0.9014664491525963,0,0,0,0,1,1,1,1
tffnew1475,0.04005883233324585,fest.lib.id1658,2014,0.15002034797660702,0,0,0,0,1,1,1,2
idfnew807,0.017278716924795195,fest.lib.id.na375,2015,0.19236865604671277,0,0,0,0,0,0,0,0
991,0.017052444530142184,fest.lib.id1808,2011,0.1145501607898263,0,0,0,0,1,1,1,1
idfnew1591,0.021217652169823138,fest.lib.id308,2016,0.1567988599577044,0,0,0,0,1,1,1,1
328,0.04586222239450517,fest.lib.id1736,2013,1.0,0,0,0,0,1,1,2,4
335,0.021391785090879547,fest.lib.id285,2013,0.39801347663094955,0,0,0,0,1,1,1,1
idfnew1190,0.03186814280004202,fest.lib.id1582,2015,0.04430384424256456,0,0,0,0,1,1,1,1
1058,0.012124224345889577,fest.lib.id1736,2013,1.0,0,0,0,0,1,1,1,1
9127fnosuv,0.014250364332298706,fest.lib.id285,2012,0.39801347663094955,0,0,0,0,1,1,1,1
idfnew1249,0.04573417873269284,fest.lib.id1658,2015,0.15002034797660702,0,0,0,0,0,1,0,1
idfnew1540,0.04767519390195386,fest.lib.id1768,2016,0.07352724707497833,0,0,0,0,1,1,1,3
idfnew1581,0.03193776938595197,fest.lib.id1658,2016,0.15002034797660702,0,0,0,0,1,1,1,4
f8091,0.15114568985280452,fest.lib.id1658,2017,0.15002034797660702,0,0,0,0,1,1,2,4
frnew1015,0.14022155257489208,fest.lib.id.na457,2015,0.0034194839344962994,0,0,0,0,0,1,0,1
idfnew1881,0.011823906200025458,fest.lib.id463,2013,0.0779767084966147,0,0,0,0,0,0,0,0
336,0.024464095626854632,fest.lib.id1888,2012,0.9014664491525963,0,0,0,0,1,1,2,2
f17639,0.01284610214943011,fest.lib.id1888,2015,0.9014664491525963,0,0,0,0,1,1,1,1
tffnew1334,0.08122071740116306,fest.lib.id1736,2014,1.0,0,0,0,0,1,1,2,2
772,0.025078369815293364,fest.lib.id1140,2007,0.001815365907650719,0,0,0,0,1,1,1,1
1185,0.032500220211374505,fest.lib.id1658,2013,0.15002034797660702,0,0,0,0,1,1,1,1
idfnew1786,0.0092720581062447,fest.lib.id.na375,2018,0.19236865604671277,0,0,0,0,0,0,0,0
I1604266,0.028411815847655432,fest.lib.id217,2015,0.13475573540038221,0,0,0,0,1,1,1,1
f16394,0.01303545190491673,fest.lib.id285,2010,0.39801347663094955,0,0,0,0,1,1,1,1
f17360,0.038996860945211397,fest.lib.id1888,2014,0.9014664491525963,0,0,0,0,1,1,1,3
tffnew1373,0.011885124725161757,fest.lib.id1736,2014,1.0,0,0,0,0,1,1,1,1
tffnew486,0.02096217596983146,fest.lib.id1736,2012,1.0,0,0,0,0,1,1,1,1
idfnew973,0.02578986585996136,fest.lib.id874,2014,0.5062687909078113,0,0,0,0,1,1,1,2
tffnew2214,0.013248737461669918,fest.lib.id1736,2016,1.0,0,0,0,0,1,1,1,1
340,0.017886012735109102,fest.lib.id1150,2005,0.010222580535069145,0,0,0,0,1,1,1,1
idfnew445,0.01663946849877314,fest.lib.id874,2012,0.5062687909078113,0,0,0,0,1,1,1,1
tffnew2537,0.015894275406092905,fest.lib.id1736,2017,1.0,0,0,0,0,1,1,2,2
I1605485,0.011219045524521635,fest.lib.id364,2016,0.6039825158473134,0,0,0,0,1,1,1,1
tffnew2393,0.017567302679601063,fest.lib.id1736,2017,1.0,0,0,0,0,1,1,1,2
f17095,0.012972889962285777,fest.lib.id1888,2014,0.9014664491525963,0,0,0,0,1,1,1,1
f17171,0.021227469572025495,fest.lib.id1888,2014,0.9014664491525963,0,0,0,0,1,1,1,1
idfnew1410,0.05032728304498073,fest.lib.id1768,2016,0.07352724707497833,0,0,0,0,1,1,1,3
idfnew1132,0.021056506033812032,fest.lib.id1582,2015,0.04430384424256456,0,0,0,0,1,1,1,1
tffnew252,0.04543580266764875,fest.lib.id1808,2011,0.1145501607898263,0,0,0,0,1,1,1,3
I1104051,0.01018399090256435,fest.lib.id1618,2011,0.023481760681616358,0,0,0,0,0,0,0,0
tffnew1753,0.05253263318329619,fest.lib.id1050,2015,0.10887639162499597,0,0,0,0,1,1,2,3
tffnew2702,0.01672496385815308,fest.lib.id1736,2017,1.0,0,0,0,0,1,1,1,1
idfnew1529,0.026997925489166765,fest.lib.id1768,2016,0.07352724707497833,0,0,0,0,0,1,0,1
f16777,0.021305854825131754,fest.lib.id1888,2012,0.9014664491525963,0,0,0,0,1,1,1,2
f7958,0.012511840697067105,fest.lib.id1888,2016,0.9014664491525963,0,0,0,0,1,1,1,1
frnew791,0.02557799314473703,fest.lib.id665,2015,0.318359506181511,0,0,0,0,0,1,0,1
9042fnosuv,0.017263265687139324,fest.lib.id285,2011,0.39801347663094955,0,0,0,0,1,1,1,1
f9129,0.21923283455307027,fest.lib.id285,2014,0.39801347663094955,0,0,0,0,1,1,2,3
f7788,0.138316923498851,fest.lib.id285,2015,0.39801347663094955,0,0,0,0,1,1,2,4
f7963,0.034084269219164645,fest.lib.id1888,2016,0.9014664491525963,0,0,0,0,1,1,1,1
1293,0.04695750673866392,fest.lib.id1808,2013,0.1145501607898263,0,0,0,0,1,1,1,2
tffnew31,0.009336977626214061,fest.lib.id1736,2011,1.0,0,0,0,0,1,1,1,1
tffnew281,0.040278014955477934,fest.lib.id1697,2011,0.05210166239461778,0,0,0,0,1,1,1,2
idfnew605,0.014582175225252318,fest.lib.id.na215,2012,0.07270284889751268,0,0,0,0,0,0,0,0
tffnew74,0.031441796010902544,fest.lib.id1888,2011,0.9014664491525963,0,0,0,0,1,1,2,2
113,0.04632465056380159,fest.lib.id1050,2013,0.10887639162499597,0,0,0,0,1,1,1,2
tffnew2515,0.014299198547831286,fest.lib.id1736,2017,1.0,0,0,0,0,1,1,1,1
N1701508,0.011219045524521635,fest.lib.id364,2017,0.6039825158473134,0,0,0,0,1,1,1,1
1316,0.033972960501057026,fest.lib.id1736,2013,1.0,0,0,0,0,1,1,1,1
idfnew1154,0.012762588458340725,fest.lib.id388,2015,0.10657216405781064,0,0,0,0,1,1,1,1
idfnew331,0.017341109035037598,imdbady01684,1986,0.009157710031486842,0,0,0,0,1,1,1,1
tffnew2283,0.009552804416093411,fest.lib.id.survey.na421,2017,0.013916031190738616,0,0,0,0,0,0,0,0
tffnew365,0.008563813740432675,fest.lib.id752,2012,0.07935485557086505,0,0,0,0,0,0,0,0
idfnew1324,0.020851197793406127,fest.lib.id1050,2016,0.10887639162499597,0,0,0,0,0,0,0,0
1727,0.017112412276161563,fest.lib.id1050,2013,0.10887639162499597,0,0,0,0,1,1,1,1
f7979,0.06320600232470648,fest.lib.id1658,2016,0.15002034797660702,0,0,0,0,1,1,2,4
frnew113,0.013357531473870083,imdbady00770,2011,0.019164603279223983,0,0,0,0,0,1,0,1
idfnew1932,0.021166327853734,fest.lib.id997,2017,0.06166273990342565,0,0,0,0,1,1,1,1
tffnew302,0.017837658911247462,fest.lib.id1736,2011,1.0,0,0,0,0,1,1,1,1
f16765,0.054686954985788724,fest.lib.id1658,2012,0.15002034797660702,0,0,0,0,1,1,1,1
f17696,0.009940784625779017,fest.lib.id1888,2015,0.9014664491525963,0,0,0,0,1,1,1,1
348,0.025027845013478302,fest.lib.id744,2013,0.03530890126958436,0,0,0,0,0,1,0,1
frnew98,0.031100459598688478,fest.lib.id648,2009,0.008134580754714654,0,0,0,0,1,1,1,1
N1500623,0.01957230622982277,fest.lib.id364,2015,0.6039825158473134,0,0,0,0,1,1,1,1
idfnew167,0.026163803367070616,id401,2011,0.07211320128732311,0,0,0,0,1,1,1,1
frnew107,0.00984009835541201,fest.lib.id1167,2012,0.14309594420744598,0,0,0,0,0,0,0,0
412,0.03251737186785461,fest.lib.id285,1946,0.39801347663094955,0,0,0,0,1,1,2,2
tffnew323,0.07914374414629469,fest.lib.id.survey.na312,2011,0.03609695369611469,0,0,0,0,1,1,1,1
tffnew2261,0.009336977626214061,fest.lib.id1736,2016,1.0,0,0,0,0,1,1,1,1
tffnew392,0.027030086725451513,fest.lib.id1736,2012,1.0,0,0,0,0,1,1,1,1
f17500,0.012655583899465972,fest.lib.id1888,2015,0.9014664491525963,0,0,0,0,1,1,1,1
N1100314,0.01648579940438504,fest.lib.id285,2010,0.39801347663094955,0,0,0,0,1,1,1,1
idfnew717,0.05012325821614074,fest.lib.id1722,2014,0.10246538636036051,0,0,0,0,0,1,0,1
f8132,0.012473246234304455,fest.lib.id1888,2017,0.9014664491525963,0,0,0,0,1,1,1,1
tffnew1151,0.019715133170170294,fest.lib.id1736,2014,1.0,0,0,0,0,1,1,1,1
idfnew479,0.025746780281434466,fest.lib.id1776,2013,0.029239436365596817,0,0,0,0,0,0,0,0
643,0.009336977626214061,fest.lib.id1736,2013,1.0,0,0,0,0,1,1,1,1
f8041,0.048155240827014424,fest.lib.id1888,2016,0.9014664491525963,0,0,0,0,1,1,2,2
f9377,0.02262697576732437,fest.lib.id285,2017,0.39801347663094955,0,0,0,0,1,1,1,1
f16379,0.014207994647206098,fest.lib.id665,2011,0.318359506181511,0,0,0,0,0,1,0,1
tffnew2395,0.023356187810532433,fest.lib.id.na.ch163,2017,0.02124090626912694,0,0,0,0,1,1,1,1
1443,0.017358159362678358,fest.lib.id285,2013,0.39801347663094955,0,0,0,0,1,1,1,1
9489fnosuv,0.06388987310002836,fest.lib.id285,2017,0.39801347663094955,0,0,0,0,1,1,1,2
9126fnosuv,0.02853268978418664,fest.lib.id285,2012,0.39801347663094955,0,0,0,0,1,1,1,1
1258,0.01199601079616015,fest.lib.id1736,2013,1.0,0,0,0,0,1,1,1,1
1079,0.0176514287819144,fest.lib.id1249,2013,0.00871323056192924,0,0,0,0,1,1,1,1
frnew209,0.02226585756168862,fest.lib.id1736,2010,1.0,0,0,0,0,1,1,1,2
f9024,0.03481575621848069,fest.lib.id285,2011,0.39801347663094955,0,0,0,0,1,1,1,2
idfnew102,0.025577773344951937,fest.lib.id731,2012,0.3424863555939673,0,0,0,0,0,1,0,1
tffnew488,0.023784302130734514,fest.lib.id1736,2012,1.0,0,0,0,0,1,1,1,1
f8032,0.02667915680852417,imdbady01716,2016,0.0012944939853640413,0,0,0,0,1,1,1,2
410,0.01281853657680793,fest.lib.id1748,2012,0.014952276399207232,0,0,0,0,1,1,1,1
f17119,0.05324792896565238,fest.lib.id1888,2014,0.9014664491525963,0,0,0,0,1,1,2,4
idfnew881,0.022630151730644678,fest.lib.id874,2014,0.5062687909078113,0,0,0,0,1,1,1,1
tffnew1526,0.02164980638944312,fest.lib.id1736,2015,1.0,0,0,0,0,1,1,1,1
idfnew608,0.00995575178972834,fest.lib.id874,2012,0.5062687909078113,0,0,0,0,1,1,1,1
idfnew1517,0.026171659367465773,fest.lib.id1623,2016,0.02361397754077404,0,0,0,0,1,1,1,2
idfnew1690,0.02108982961978348,fest.lib.id1697,2017,0.05210166239461778,0,0,0,0,1,1,1,2
f7883,0.024912491627678862,fest.lib.id1888,2016,0.9014664491525963,0,0,0,0,1,1,1,1
1565,0.014388253891029004,fest.lib.id364,2013,0.6039825158473134,0,0,0,0,1,1,1,1
idfnew1461,0.054094599366748534,fest.lib.id874,2016,0.5062687909078113,0,0,0,0,1,1,1,3
tffnew2077,0.048280702250254125,fest.lib.id1808,2016,0.1145501607898263,0,0,0,0,1,1,1,2
f16912,0.012530060773014924,fest.lib.id1115,2011,0.08905067793670396,0,0,0,0,1,1,1,1
f7765,0.01632240747430054,fest.lib.id1888,2016,0.9014664491525963,0,0,0,0,1,1,1,1
idfnew303,0.017342699647295727,fest.lib.id.survey.na41,2011,0.07660484868927712,0,0,0,0,0,0,0,0
203,0.05274500189635251,fest.lib.id1888,2002,0.9014664491525963,0,0,0,0,1,1,1,1
tffnew2619,0.02431712926729113,fest.lib.id1736,2017,1.0,0,0,0,0,1,1,1,1
f17315,0.02229626176538159,fest.lib.id752,2013,0.07935485557086505,0,0,0,0,1,1,1,1
N1401110,0.014834511245032083,fest.lib.id364,2014,0.6039825158473134,0,0,0,0,1,1,1,1
tffnew1495,0.009336977626214061,fest.lib.id1736,2014,1.0,0,0,0,0,1,1,1,1
513,0.013720576634586215,fest.lib.id.survey.na101,2013,0.021677342244600706,0,0,0,0,1,1,1,1
tffnew1290,0.01623009173766813,fest.lib.id1503,2014,0.02528824098579947,0,0,0,0,0,1,0,1
f8315,0.012637718100521627,fest.lib.id1888,2017,0.9014664491525963,0,0,0,0,1,1,1,1
f16747,0.03517765636483216,fest.lib.id1888,2011,0.9014664491525963,0,0,0,0,1,1,1,1
f9200,0.09828794095555875,fest.lib.id285,2015,0.39801347663094955,0,0,0,0,1,1,2,4
tffnew1819,0.044926794897893425,fest.lib.id1808,2015,0.1145501607898263,0,0,0,0,1,1,1,2
f16530,0.06335207183136711,fest.lib.id1658,2011,0.15002034797660702,0,0,0,0,1,1,1,2
tffnew1237,0.07679885037306008,fest.lib.id1808,2014,0.1145501607898263,0,0,0,0,1,1,1,3
idfnew1055,0.00995575178972834,fest.lib.id874,2015,0.5062687909078113,0,0,0,0,1,1,1,1
frnew538,0.07785435373601267,fest.lib.id206,2014,0.01882695794132455,0,0,0,0,0,1,0,1
tffnew1758,0.009336977626214061,fest.lib.id1736,2015,1.0,0,0,0,0,1,1,1,1
idfnew300,0.019984395725601005,fest.lib.id436,2010,0.022565297608912495,0,0,0,0,0,0,0,0
frnew14,0.020174184938228243,fest.lib.id1888,2010,0.9014664491525963,0,0,0,0,1,1,1,3
f9331,0.06564319174573624,fest.lib.id285,2017,0.39801347663094955,0,0,0,0,1,1,2,4
idfnew1141,0.038174310123287536,fest.lib.id1050,2015,0.10887639162499597,0,0,0,0,1,1,1,2
tffnew401,0.01191129273677928,fest.lib.id1736,2012,1.0,0,0,0,0,1,1,1,1
tffnew1707,0.016769701770877915,fest.lib.id1808,2015,0.1145501607898263,0,0,0,0,1,1,1,1
1417,0.01605359644463866,fest.lib.id336,2012,0.02015536754326901,0,0,0,0,1,1,1,1
f16754,0.05349626401741224,fest.lib.id1888,2011,0.9014664491525963,0,0,0,0,1,1,1,1
tffnew2536,0.01469863475838781,fest.lib.id1736,2017,1.0,0,0,0,0,1,1,1,1
404,0.03143781530733806,fest.lib.id1736,2013,1.0,0,0,0,0,1,1,1,1
tffnew1922,0.038234560894446296,fest.lib.id958,2015,0.12075010945459504,0,0,0,0,1,1,1,3
f7950,0.016412281820252332,fest.lib.id441,2015,0.006488090295589559,0,0,0,0,1,1,1,1
idfnew1808,0.08856440188304526,fest.lib.id1582,2017,0.04430384424256456,0,0,0,0,1,1,1,2
f8011,0.055057453602774906,fest.lib.id.na282,2015,0.006192364029310684,0,0,0,0,1,1,1,1
f8318,0.033220558787307536,fest.lib.id1888,2017,0.9014664491525963,0,0,0,0,1,1,2,2
f9192,0.05999833153126773,fest.lib.id285,2015,0.39801347663094955,0,0,0,0,1,1,2,3
tffnew2341,0.024710548575538744,fest.lib.id1736,2016,1.0,0,0,0,0,1,1,1,1
f17338,0.012908555518300705,fest.lib.id1888,2014,0.9014664491525963,0,0,0,0,1,1,1,1
f7874,0.016413309529619818,fest.lib.id3831,2015,0.01247953924881878,0,0,0,0,1,1,1,1
tffnew2526,0.02922942941914809,fest.lib.id1808,2017,0.1145501607898263,0,0,0,0,1,1,1,1
f8118,0.02833599022332001,fest.lib.id1888,2017,0.9014664491525963,0,0,0,0,1,1,1,1
idfnew1518,0.01324937388232795,fest.lib.id243,2017,0.02271909456383388,0,0,0,0,0,0,0,0
401,0.020139892377297092,fest.lib.id8529,2012,0.01602651758021529,0,0,0,0,1,1,1,1
1223,0.0625205915751648,fest.lib.id285,2013,0.39801347663094955,0,0,0,0,1,1,2,3
idfnew31,0.025861933933298928,fest.lib.id1697,2011,0.05210166239461778,0,0,0,0,0,0,0,0
f17143,0.03153793949828973,fest.lib.id1888,2014,0.9014664491525963,0,0,0,0,1,1,1,2
tffnew390,0.07698307024288348,fest.lib.id1808,2012,0.1145501607898263,0,0,0,0,1,1,1,3
f17682,0.013463323808321761,fest.lib.id942,2015,0.049190127422426844,0,0,0,0,0,1,0,1
tffnew1589,0.01191129273677928,fest.lib.id1736,2015,1.0,0,0,0,0,1,1,1,1
frnew366,0.015205762868806311,fest.lib.id.na457,2010,0.0034194839344962994,0,0,0,0,0,0,0,0
1439,0.06659457843964467,fest.lib.id285,2013,0.39801347663094955,0,0,0,0,1,1,1,2
1511,0.014255663857400503,fest.lib.id1234,2012,0.048618230462118085,0,0,0,0,1,1,1,1
tffnew2218,0.03165371197489664,fest.lib.id1736,2016,1.0,0,0,0,0,1,1,1,2
tffnew1951,0.07432293311323017,fest.lib.id1736,2016,1.0,0,0,0,0,1,1,2,2
743,0.03725135897811061,fest.lib.id285,2013,0.39801347663094955,0,0,0,0,1,1,1,1
frnew160,0.009789460235356512,imdbady01276,2010,0.009552320436316228,0,0,0,0,0,0,0,0
1504,0.017632180372882913,fest.lib.id364,2013,0.6039825158473134,0,0,0,0,1,1,1,1
N1100888,0.010182659053658118,fest.lib.id.na471,2010,0.05809860871885474,0,0,0,0,0,0,0,0
f8061,0.0175281020800341,fest.lib.id1888,2017,0.9014664491525963,0,0,0,0,1,1,1,1
f16707,0.013016867521180319,fest.lib.id1888,2011,0.9014664491525963,0,0,0,0,1,1,1,1
tffnew2037,0.009336977626214061,fest.lib.id1736,2016,1.0,0,0,0,0,1,1,1,1
idfnew1030,0.012467377900251816,fest.lib.id974,2002,0.16229812321214043,0,0,0,0,1,1,1,1
idfnew1367,0.013922399249431849,fest.lib.id874,2016,0.5062687909078113,0,0,0,0,1,1,1,1
1271,0.011219045524521635,fest.lib.id364,2009,0.6039825158473134,0,0,0,0,1,1,1,1
f9105,0.029116681664302212,fest.lib.id285,2012,0.39801347663094955,0,0,0,0,1,1,1,1
tffnew2680,0.06302009091434543,fest.lib.id1808,2017,0.1145501607898263,0,0,0,0,1,1,1,2
724,0.038893105079252574,fest.lib.id1736,2013,1.0,0,0,0,0,1,1,1,2
345,0.04939511766127325,fest.lib.id1658,2013,0.15002034797660702,0,0,0,0,1,1,1,2
tffnew137,0.009336977626214061,fest.lib.id1736,2011,1.0,0,0,0,0,1,1,1,1
frnew1079,0.009008167263388421,id401,2017,0.07211320128732311,0,0,0,0,0,0,0,0
tffnew1985,0.016923121194973897,fest.lib.id1736,2016,1.0,0,0,0,0,1,1,1,2
frnew744,0.01740653375744463,fest.lib.id1359,2015,0.03713247974486391,0,0,0,0,0,1,0,1
1357,0.016765492088368323,fest.lib.id1050,2012,0.10887639162499597,0,0,0,0,1,1,1,1
f16969,0.009940784625779017,fest.lib.id1888,2012,0.9014664491525963,0,0,0,0,1,1,1,1
f16415,0.022885792871885337,fest.lib.id217,2010,0.13475573540038221,0,0,0,0,0,1,0,1
idfnew1753,0.00995575178972834,fest.lib.id874,2017,0.5062687909078113,0,0,0,0,1,1,1,1
tffnew1511,0.012853925241390516,fest.lib.id1736,2014,1.0,0,0,0,0,1,1,1,1
tffnew1423,0.014589686418669534,fest.lib.id1736,2014,1.0,0,0,0,0,1,1,1,1
N1601510,0.01925561840794086,fest.lib.id364,2016,0.6039825158473134,0,0,0,0,1,1,1,1
idfnew1395,0.022524708116019997,fest.lib.id365,2016,0.0812771382038422,0,0,0,0,0,0,0,0
621,0.009940784625779017,fest.lib.id1888,2013,0.9014664491525963,0,0,0,0,1,1,1,1
f17290,0.02550135462734747,fest.lib.id1182,2013,0.029129658789427314,0,0,0,0,1,1,1,1
640,0.014122064012180595,fest.lib.id364,2013,0.6039825158473134,0,0,0,0,1,1,1,1
idfnew1396,0.013436113466713197,fest.lib.id874,2016,0.5062687909078113,0,0,0,0,1,1,1,1
idfnew1301,0.0264144165221334,imdbady01700,1975,0.0014252264848016172,0,0,0,0,1,1,1,1
f16668,0.024439834604545747,fest.lib.id1658,2011,0.15002034797660702,0,0,0,0,1,1,1,2
338,0.02921805419448476,fest.lib.id7160,2013,0.08755778354559723,0,0,0,0,1,1,1,2
I1404555,0.011219045524521635,fest.lib.id364,2014,0.6039825158473134,0,0,0,0,1,1,1,1
1567,0.025338264687551626,fest.lib.id1177,2011,0.0358547708140046,0,0,0,0,1,1,1,1
f9100,0.10736093997152979,fest.lib.id285,2012,0.39801347663094955,0,0,0,0,1,1,2,3
tffnew1794,0.01860907467977986,fest.lib.id1658,1994,0.15002034797660702,0,0,0,0,1,1,2,2
f7826,0.01381133228547212,fest.lib.id1888,2016,0.9014664491525963,0,0,0,0,1,1,1,1
idfnew276,0.013488153630034862,fest.lib.id1680,2011,0.013338138813084389,0,0,0,0,0,0,0,0
607,0.02662105479101144,fest.lib.id1887,2013,0.11341129673140814,0,0,0,0,1,1,1,1
f7817,0.057712357993107366,fest.lib.id1888,2016,0.9014664491525963,0,0,0,0,1,1,1,1
idfnew1791,0.012338236126711831,fest.lib.id1827,2017,0.013212879199878848,0,0,0,0,0,1,0,1
idfnew395,0.019539928986222557,fest.lib.id874,2000,0.5062687909078113,0,0,0,0,1,1,1,1
tffnew2586,0.012056340520051218,fest.lib.id1658,2017,0.15002034797660702,0,0,0,0,1,1,1,1
f8033,0.04610457744385647,fest.lib.id1888,2016,0.9014664491525963,0,0,0,0,1,1,2,2
frnew402,0.16093517727976228,fest.lib.id.na380,2011,0.012700304742965842,0,0,0,0,0,1,0,1
f9384,0.05842828850770552,fest.lib.id285,2017,0.39801347663094955,0,0,0,0,1,1,1,3
f16830,0.030070872623453055,fest.lib.id1888,2012,0.9014664491525963,0,0,0,0,1,1,1,1
tffnew2700,0.014959937476985768,fest.lib.id1736,2017,1.0,0,0,0,0,1,1,1,1
tffnew1563,0.1018996028764439,fest.lib.id1808,2015,0.1145501607898263,0,0,0,0,1,1,1,3
1072,0.02712466603857456,fest.lib.id285,2013,0.39801347663094955,0,0,0,0,1,1,1,2
idfnew622,0.07288821460244407,fest.lib.id1658,2012,0.15002034797660702,0,0,0,0,1,1,1,2
tffnew2119,0.01609869334641299,fest.lib.id1736,2016,1.0,0,0,0,0,1,1,1,1
1593,0.04647070862398049,fest.lib.id1892,2011,0.016038140602942452,0,0,0,0,1,1,1,1
tffnew1163,0.017816618914259792,fest.lib.id1736,2014,1.0,0,0,0,0,1,1,1,1
tffnew2638,0.017836841315305673,fest.lib.id1736,2017,1.0,0,0,0,0,1,1,1,2
tffnew2465,0.056777283198078426,fest.lib.id1736,2017,1.0,0,0,0,0,1,1,1,2
idfnew1760,0.027580867000156016,id401,2017,0.07211320128732311,0,0,0,0,1,1,1,1
tffnew2262,0.021989439630986898,fest.lib.id763,2016,0.16911813420957966,0,0,0,0,0,1,0,1
N1500647,0.018499405639515385,fest.lib.id117,2014,0.039048634073661166,0,0,0,0,1,1,1,1
f9212,0.05690308603102511,fest.lib.id285,2015,0.39801347663094955,0,0,0,0,1,1,2,4
f7895,0.04120900089534794,fest.lib.id1888,2016,0.9014664491525963,0,0,0,0,1,1,1,3
597,0.015435141048311797,fest.lib.id364,2013,0.6039825158473134,0,0,0,0,1,1,1,1
tffnew2667,0.019839059571298997,fest.lib.id1736,2017,1.0,0,0,0,0,1,1,1,1
idfnew1306,0.02755347810867035,fest.lib.id1827,2015,0.013212879199878848,0,0,0,0,0,0,0,0
f17388,0.02335521368200246,fest.lib.id1494,2014,0.14895479943977585,0,0,0,0,1,1,1,1
frnew465,0.015135106385078924,fest.lib.id1658,2013,0.15002034797660702,0,0,0,0,0,1,0,1
idfnew40,0.0092720581062447,fest.lib.id.na375,2012,0.19236865604671277,0,0,0,0,0,0,0,0
tffnew2416,0.01300442872409433,fest.lib.id.na365,2017,0.053889133022886754,0,0,0,0,0,0,0,0
52,0.02687223999769707,fest.lib.id1888,2013,0.9014664491525963,0,0,0,0,1,1,2,3
tffnew284,0.009336977626214061,fest.lib.id1736,2011,1.0,0,0,0,0,1,1,1,1
I1405605,0.013926054251931372,fest.lib.id731,2014,0.3424863555939673,0,0,0,0,1,1,1,2
1095,0.027761645151762496,fest.lib.id6558,2012,0.022927788110100236,0,0,0,0,1,1,1,1
1676,0.014699407201506491,fest.lib.id364,1984,0.6039825158473134,0,0,0,0,1,1,1,1
tffnew2122,0.0118694392347395,fest.lib.id1736,2016,1.0,0,0,0,0,1,1,1,1
I1705644,0.010182659053658118,fest.lib.id.na471,2017,0.05809860871885474,0,0,0,0,0,0,0,0
tffnew99,0.02192610180858879,fest.lib.id1736,2011,1.0,0,0,0,0,1,1,1,1
f16609,0.04622885119730933,fest.lib.id1888,2011,0.9014664491525963,0,0,0,0,1,1,1,1
tffnew2415,0.0435421266419637,fest.lib.id1736,2017,1.0,0,0,0,0,1,1,1,3
tffnew1216,0.06699190289971073,fest.lib.id.na.ch163,2014,0.02124090626912694,0,0,0,0,1,1,1,3
f9028,0.01949196049670878,fest.lib.id285,2011,0.39801347663094955,0,0,0,0,1,1,1,2
tffnew2639,0.023918731498848152,fest.lib.id1736,2017,1.0,0,0,0,0,1,1,2,2
tffnew225,0.06770274362611782,fest.lib.id285,2011,0.39801347663094955,0,0,0,0,1,1,2,4
tffnew2535,0.027398833631513693,fest.lib.id1658,2017,0.15002034797660702,0,0,0,0,1,1,1,1
f16686,0.024711229422135543,fest.lib.id1888,2011,0.9014664491525963,0,0,0,0,1,1,1,1
f16881,0.03856240290877978,fest.lib.id1888,2012,0.9014664491525963,0,0,0,0,1,1,1,1
I1505756,0.0205936532530991,fest.lib.id8248,2014,0.01109953977847143,0,0,0,0,1,1,1,1
f17166,0.009940784625779017,fest.lib.id1888,2014,0.9014664491525963,0,0,0,0,1,1,1,1
tffnew1671,0.044597189295218144,fest.lib.id1736,2015,1.0,0,0,0,0,1,1,1,1
idfnew1845,0.0279963448344659,fest.lib.id1827,2017,0.013212879199878848,0,0,0,0,0,1,0,1
N1600784,0.011219045524521635,fest.lib.id364,2016,0.6039825158473134,0,0,0,0,1,1,1,1
I1105371,0.009342835190498234,fest.lib.id.na292,2011,0.07612469051374422,0,0,0,0,0,0,0,0
tffnew1427,0.009336977626214061,fest.lib.id1736,2014,1.0,0,0,0,0,1,1,1,1
f17499,0.009940784625779017,fest.lib.id1888,2015,0.9014664491525963,0,0,0,0,1,1,1,1
tffnew1607,0.03570513158113227,fest.lib.id1658,2015,0.15002034797660702,0,0,0,0,1,1,1,1
f9039,0.03557377372092529,fest.lib.id285,2011,0.39801347663094955,0,0,0,0,1,1,1,2
f16412,0.0089143369629264,fest.lib.id381,2010,0.02475785535988938,0,0,0,0,0,0,0,0
f7855,0.04071475071405965,fest.lib.id1888,2016,0.9014664491525963,0,0,0,0,1,1,1,3
tffnew160,0.024204370112710087,fest.lib.id1736,2011,1.0,0,0,0,0,1,1,2,2
1146,0.011845606281635017,fest.lib.id1736,2013,1.0,0,0,0,0,1,1,1,1
1365,0.010470746031531416,fest.lib.id665,2013,0.318359506181511,0,0,0,0,0,1,0,1
idfnew1905,0.055768386513337834,fest.lib.id874,2017,0.5062687909078113,0,0,0,0,1,1,1,2
f16905,0.0162702215323617,fest.lib.id1888,2012,0.9014664491525963,0,0,0,0,1,1,1,1
f17606,0.03382955726206213,fest.lib.id1888,2015,0.9014664491525963,0,0,0,0,1,1,1,3
tffnew224,0.024838751623825487,fest.lib.id1736,2011,1.0,0,0,0,0,1,1,2,3
1026,0.04211220296296282,fest.lib.id1050,2013,0.10887639162499597,0,0,0,0,1,1,1,2
idfnew1228,0.020835310969623717,fest.lib.id4680,2015,0.1366072752245275,0,0,0,0,1,1,1,1
I1503095,0.011219045524521635,fest.lib.id364,2015,0.6039825158473134,0,0,0,0,1,1,1,1
idfnew1123,0.04753139967970894,fest.lib.id285,2015,0.39801347663094955,0,0,0,0,1,1,2,4
N1200550,0.020198777680339546,id627,2012,0.06218359890861916,0,0,0,0,1,1,1,1
tffnew1924,0.018811464097523618,fest.lib.id1736,2015,1.0,0,0,0,0,1,1,2,2
9454fnosuv,0.026356508989955056,fest.lib.id285,2016,0.39801347663094955,0,0,0,0,1,1,1,1
idfnew1507,0.027181233607818062,fest.lib.id1768,2016,0.07352724707497833,0,0,0,0,1,1,1,2
tffnew1332,0.009336977626214061,fest.lib.id1736,2014,1.0,0,0,0,0,1,1,1,1
31,0.04361118055051554,fest.lib.id2024,2012,0.03447105478829865,0,0,0,0,1,1,1,1
I1104042,0.012650578212098815,fest.lib.id1658,2011,0.15002034797660702,0,0,0,0,0,0,0,0
f9283,0.07709307922313476,fest.lib.id285,2016,0.39801347663094955,0,0,0,0,1,1,2,3
tffnew505,0.05380609600228604,fest.lib.id1658,2012,0.15002034797660702,0,0,0,0,1,1,1,1
228,0.09079053106423747,fest.lib.id285,2013,0.39801347663094955,0,0,0,0,1,1,2,2
idfnew654,0.025701687623283075,imdbady01041,2012,0.003772960209642956,0,0,0,0,1,1,1,1
f7834,0.03285743571981952,fest.lib.id1888,2016,0.9014664491525963,0,0,0,0,1,1,1,1
503,0.009940784625779017,fest.lib.id1888,2013,0.9014664491525963,0,0,0,0,1,1,1,1
I1105284,0.04070841591466433,fest.lib.id.survey.na667,2010,0.008189234756389644,0,0,0,0,0,0,0,0
I1404324,0.01957498050913404,id420,2012,0.002489258098929387,0,0,0,0,1,1,1,1
173,0.028965790096525133,fest.lib.id364,2013,0.6039825158473134,0,0,0,0,1,1,1,1
I1705711,0.017462636385622527,fest.lib.id8298,2016,0.0032517564663846962,0,0,0,0,0,0,0,0
tffnew134,0.023274984538854484,fest.lib.id285,1969,0.39801347663094955,0,0,0,0,1,1,2,2
idfnew443,0.008576150903567963,fest.lib.id4680,2012,0.1366072752245275,0,0,0,0,0,0,0,0
frnew984,0.01066698133663706,fest.lib.id1882,2016,0.007214962864556647,0,0,0,0,0,0,0,0
idfnew1266,0.07249647938521737,fest.lib.id1658,2015,0.15002034797660702,0,0,0,0,1,1,1,2
tffnew128,0.009336977626214061,fest.lib.id1736,2011,1.0,0,0,0,0,1,1,1,1
1050,0.016766964543136656,fest.lib.id665,2013,0.318359506181511,0,0,0,0,0,1,0,1
818,0.08403100750270877,fest.lib.id285,2013,0.39801347663094955,0,0,0,0,1,1,1,1
I1702831,0.012062035014515927,fest.lib.id.na227,2016,0.0068407960933985915,0,0,0,0,0,0,0,0
idfnew1430,0.045631424104824576,fest.lib.id874,2016,0.5062687909078113,0,0,0,0,1,1,1,2
tffnew1525,0.03868017078115045,fest.lib.id1736,2014,1.0,0,0,0,0,1,1,1,1
idfnew1499,0.015627611270209486,fest.lib.id874,2016,0.5062687909078113,0,0,0,0,1,1,1,1
f17035,0.009940784625779017,fest.lib.id1888,2012,0.9014664491525963,0,0,0,0,1,1,1,1
tffnew2522,0.025682096472690374,fest.lib.id1736,2017,1.0,0,0,0,0,1,1,1,1
9159fnosuv,0.014414399074026352,fest.lib.id285,2012,0.39801347663094955,0,0,0,0,1,1,2,2
f8017,0.049268671191876896,fest.lib.id1888,2016,0.9014664491525963,0,0,0,0,1,1,1,1
757,0.03233451519174038,fest.lib.id1180,2011,0.022425458764178004,0,0,0,0,1,1,1,1
I1200954,0.022528920025679796,fest.lib.id117,2011,0.039048634073661166,0,0,0,0,0,1,0,1
I1406519,0.015593085553233953,fest.lib.id364,2014,0.6039825158473134,0,0,0,0,1,1,1,1
tffnew1551,0.02030934565118759,fest.lib.id285,1962,0.39801347663094955,0,0,0,0,1,1,1,1
tffnew2177,0.05219457191997753,fest.lib.id1736,2016,1.0,0,0,0,0,1,1,1,2
frnew537,0.02007205037206106,fest.lib.id1658,1994,0.15002034797660702,0,0,0,0,1,1,1,1
f16462,0.011266440997538455,fest.lib.id1821,2011,0.15848479903885174,0,0,0,0,0,0,0,0
1136,0.056929560180300695,fest.lib.id1888,2013,0.9014664491525963,0,0,0,0,1,1,1,1
tffnew1785,0.008721578657805106,fest.lib.id909,2015,0.13015898047987368,0,0,0,0,0,0,0,0
tffnew2025,0.009336977626214061,fest.lib.id1736,2016,1.0,0,0,0,0,1,1,1,1
tffnew27,0.017125184693769346,fest.lib.id1736,2011,1.0,0,0,0,0,1,1,1,1
70,0.014200102191316535,fest.lib.id364,2013,0.6039825158473134,0,0,0,0,1,1,1,1
1056,0.024527614767617147,fest.lib.id1888,1974,0.9014664491525963,0,0,0,0,1,1,2,2
848,0.05847883642276949,fest.lib.id1972,2013,0.013834076062327318,0,0,0,0,1,1,1,1
244,0.01308314541979376,fest.lib.id1888,2013,0.9014664491525963,0,0,0,0,1,1,1,1
N1500651,0.05433166407455362,fest.lib.id285,2014,0.39801347663094955,0,0,0,0,1,1,2,3
f8018,0.01382542474179727,fest.lib.id1888,2016,0.9014664491525963,0,0,0,0,1,1,1,1
tffnew2246,0.03197396783237297,fest.lib.id1736,2016,1.0,0,0,0,0,1,1,1,2
frnew1098,0.03545129087418435,fest.lib.id7477,2017,0.010973276575960327,0,0,0,0,0,1,0,2
1409,0.013118496639525357,fest.lib.id469,2012,0.019241998458219826,0,0,0,0,1,1,1,1
f17482,0.009940784625779017,fest.lib.id1888,2015,0.9014664491525963,0,0,0,0,1,1,1,1
9330fnosuv,0.02133145117152206,fest.lib.id285,2015,0.39801347663094955,0,0,0,0,1,1,1,1
5,0.057665499173864015,fest.lib.id1888,2013,0.9014664491525963,0,0,0,0,1,1,1,2
137,0.009336977626214061,fest.lib.id1736,2013,1.0,0,0,0,0,1,1,1,1
idfnew1131,0.02323198569418489,fest.lib.id874,2015,0.5062687909078113,0,0,0,0,1,1,1,1
idfnew922,0.024152476809011978,fest.lib.id874,2014,0.5062687909078113,0,0,0,0,1,1,1,1
idfnew298,0.011968353760392467,fest.lib.id1722,2011,0.10246538636036051,0,0,0,0,0,1,0,1
idfnew1188,0.02212601668801971,fest.lib.id1664,2015,0.15064075420920695,0,0,0,0,1,1,1,1
idfnew1617,0.015142139240253009,fest.lib.id1768,2005,0.07352724707497833,0,0,0,0,0,0,0,0
f17583,0.01790723042795946,fest.lib.id1888,2015,0.9014664491525963,0,0,0,0,1,1,1,1
f17395,0.013002807916121059,fest.lib.id1888,2015,0.9014664491525963,0,0,0,0,1,1,1,1
f7767,0.009940784625779017,fest.lib.id1888,2016,0.9014664491525963,0,0,0,0,1,1,1,1
1231,0.020000953322853683,fest.lib.id1888,2013,0.9014664491525963,0,0,0,0,1,1,1,1
tffnew2497,0.0348474022722147,fest.lib.id1736,2017,1.0,0,0,0,0,1,1,2,2
f7998,0.07214507906907211,fest.lib.id1736,2015,1.0,0,0,0,0,1,1,2,3
f16762,0.01634736867716396,fest.lib.id1888,2012,0.9014664491525963,0,0,0,0,1,1,1,1
frnew428,0.0228561365152384,fest.lib.id.na403,2011,0.0035192121212708383,0,0,0,0,0,0,0,0
f17490,0.013046664698883666,fest.lib.id1888,2015,0.9014664491525963,0,0,0,0,1,1,1,1
tffnew246,0.02949681692345101,fest.lib.id1736,2011,1.0,0,0,0,0,1,1,1,1
frnew773,0.009555890940355024,fest.lib.id6779,2013,0.006964090201910417,0,0,0,0,0,0,0,0
f9092,0.09189464641750483,fest.lib.id1658,2012,0.15002034797660702,0,0,0,0,1,1,1,3
tffnew1353,0.021499568065537832,fest.lib.id1736,2014,1.0,0,0,0,0,1,1,1,1
tffnew2474,0.017208339510282444,fest.lib.id1808,2017,0.1145501607898263,0,0,0,0,1,1,1,1
N1400969,0.01726669534967974,fest.lib.id.na115,2013,0.013396580549470185,0,0,0,0,1,1,1,1
idfnew1114,0.01459806327383155,imdbady00971,2015,0.0036511882734832817,0,0,0,0,0,0,0,0
tffnew1608,0.03629756036117014,fest.lib.id285,2015,0.39801347663094955,0,0,0,0,1,1,2,3
tffnew2018,0.031771542724119195,fest.lib.id1736,2016,1.0,0,0,0,0,1,1,1,2
f17591,0.012414085789609649,fest.lib.id1888,2015,0.9014664491525963,0,0,0,0,1,1,1,1
frnew343,0.0256810342991372,fest.lib.id7535,2012,0.01972946207965473,0,0,0,0,0,0,0,0
f16811,0.04139071213706964,fest.lib.id1888,2012,0.9014664491525963,0,0,0,0,1,1,1,3
frnew618,0.10644548216690271,fest.lib.id665,2014,0.318359506181511,0,0,0,0,0,1,0,1
1371,0.01853321301474088,fest.lib.id1618,2013,0.023481760681616358,0,0,0,0,0,1,0,1
tffnew1591,0.068742729002796,fest.lib.id1658,2015,0.15002034797660702,0,0,0,0,1,1,1,3
1248,0.014322833541434725,fest.lib.id874,2013,0.5062687909078113,0,0,0,0,1,1,1,1
767,0.013099279919024417,fest.lib.id1888,2013,0.9014664491525963,0,0,0,0,1,1,1,1
f7983,0.03690929350918222,fest.lib.id1888,2016,0.9014664491525963,0,0,0,0,1,1,2,2
N1601580,0.015577336211046884,fest.lib.id364,2016,0.6039825158473134,0,0,0,0,1,1,1,1
tffnew438,0.014663162473125867,fest.lib.id1736,2012,1.0,0,0,0,0,1,1,1,2
tffnew1253,0.029163180518827145,fest.lib.id1658,2014,0.15002034797660702,0,0,0,0,1,1,1,1
221,0.01892589007309818,fest.lib.id285,2013,0.39801347663094955,0,0,0,0,1,1,1,2
f16931,0.017326256751636727,fest.lib.id1888,2012,0.9014664491525963,0,0,0,0,1,1,1,1
f17303,0.024051852067066098,fest.lib.id1013,2013,0.03395517165584926,0,0,0,0,1,1,1,1
frnew772,0.012884433924141531,fest.lib.id665,2015,0.318359506181511,0,0,0,0,0,1,0,1
frnew787,0.02083118130112594,fest.lib.id162,2014,0.0402412207674064,0,0,0,0,0,0,0,0
f17052,0.009940784625779017,fest.lib.id1888,2012,0.9014664491525963,0,0,0,0,1,1,1,1
I1600994,0.011219045524521635,fest.lib.id364,2016,0.6039825158473134,0,0,0,0,1,1,1,1
idfnew611,0.012308811063296786,fest.lib.id83,2012,0.017234630619636697,0,0,0,0,0,0,0,0
9138fnosuv,0.04596375333131183,fest.lib.id285,2012,0.39801347663094955,0,0,0,0,1,1,1,2
I1601915,0.011219045524521635,fest.lib.id364,2016,0.6039825158473134,0,0,0,0,1,1,1,1
1286,0.017514707951052623,fest.lib.id1658,2013,0.15002034797660702,0,0,0,0,1,1,1,1
520,0.017225281010696165,fest.lib.id665,2013,0.318359506181511,0,0,0,0,0,1,0,1
790,0.012515099736344234,fest.lib.id1888,2013,0.9014664491525963,0,0,0,0,1,1,1,1
904,0.018203963148235275,fest.lib.id1662,2013,0.015146563673507158,0,0,0,0,1,1,1,1
N1500904,0.013837774442589407,fest.lib.id909,2015,0.13015898047987368,0,0,0,0,1,1,1,1
f17162,0.020281412548739705,fest.lib.id1888,2014,0.9014664491525963,0,0,0,0,1,1,1,3
1437,0.016658955814454722,fest.lib.id1736,1994,1.0,0,0,0,0,1,1,2,2
frnew913,0.040585709749071684,fest.lib.id1776,2016,0.029239436365596817,0,0,0,0,0,1,0,2
f8268,0.024106734393284156,fest.lib.id1888,2017,0.9014664491525963,0,0,0,0,1,1,1,1
tffnew1381,0.0602431701889933,fest.lib.id1736,2014,1.0,0,0,0,0,1,1,1,2
f9174,0.01419927568668979,fest.lib.id285,2014,0.39801347663094955,0,0,0,0,1,1,1,1
N1200485,0.02466392433652792,fest.lib.id285,2011,0.39801347663094955,0,0,0,0,1,1,2,2
tffnew69,0.03697472567589316,fest.lib.id1894,2011,0.07073302680059652,0,0,0,0,1,1,2,2
I1604491,0.017036313885971165,fest.lib.id1251,2015,0.030168672945357255,0,0,0,0,1,1,1,1
tffnew2087,0.009336977626214061,fest.lib.id1736,2016,1.0,0,0,0,0,1,1,1,1
f17069,0.06435575466499137,fest.lib.id1888,2014,0.9014664491525963,0,0,0,0,1,1,1,2
f9064,0.015695500005232163,fest.lib.id285,2011,0.39801347663094955,0,0,0,0,1,1,1,1
185,0.026971586808273742,fest.lib.id285,2013,0.39801347663094955,0,0,0,0,1,1,1,1
idfnew1185,0.030117041082460237,fest.lib.id1050,2015,0.10887639162499597,0,0,0,0,1,1,1,2
f9187,0.10469580746839194,fest.lib.id285,2015,0.39801347663094955,0,0,0,0,1,1,1,3
f9343,0.03769246704971505,fest.lib.id285,2017,0.39801347663094955,0,0,0,0,1,1,1,1
f8306,0.009940784625779017,fest.lib.id1888,2017,0.9014664491525963,0,0,0,0,1,1,1,1
tffnew2019,0.009336977626214061,fest.lib.id1736,2016,1.0,0,0,0,0,1,1,1,1
frnew956,0.03726174970399479,fest.lib.id1888,2016,0.9014664491525963,0,0,0,0,1,1,1,1
972,0.021711258394509735,fest.lib.id1808,1985,0.1145501607898263,0,0,0,0,1,1,1,1
I1102524,0.009543310586949181,id289,2010,0.032710941086123504,0,0,0,0,0,0,0,0
idfnew629,0.015294748565246642,fest.lib.id1768,2012,0.07352724707497833,0,0,0,0,0,0,0,0
idfnew1639,0.03467759985001254,fest.lib.id.na240,2017,0.06203455950095228,0,0,0,0,1,1,1,1
f17031,0.03662889269921115,fest.lib.id1888,2012,0.9014664491525963,0,0,0,0,1,1,1,2
tffnew211,0.01944384859902953,fest.lib.id1050,2011,0.10887639162499597,0,0,0,0,1,1,1,1
f16794,0.06301104163229676,fest.lib.id1888,2012,0.9014664491525963,0,0,0,0,1,1,1,1
362,0.00995575178972834,fest.lib.id874,2013,0.5062687909078113,0,0,0,0,1,1,1,1
403,0.025631333879523453,fest.lib.id1736,2013,1.0,0,0,0,0,1,1,1,1
f7825,0.040385492573595,fest.lib.id1888,2016,0.9014664491525963,0,0,0,0,1,1,1,2
tffnew2521,0.029357125999264724,fest.lib.id1736,2017,1.0,0,0,0,0,1,1,1,1
frnew391,0.04317900204677896,imdbady00280,2012,0.0013802783553282982,0,0,0,0,0,1,0,1
tffnew1560,0.08254285490337814,fest.lib.id285,2015,0.39801347663094955,0,0,0,0,1,1,2,4
tffnew2413,0.13460913642164024,fest.lib.id1808,2017,0.1145501607898263,0,0,0,0,1,1,1,2
9213fnosuv,0.053016050724648614,fest.lib.id285,2014,0.39801347663094955,0,0,0,0,1,1,1,1
idfnew220,0.00910978148549232,fest.lib.id1050,2011,0.10887639162499597,0,0,0,0,0,0,0,0
f17533,0.033576148852687906,fest.lib.id1888,2015,0.9014664491525963,0,0,0,0,1,1,1,2
idfnew240,0.09322438765401346,fest.lib.id874,2011,0.5062687909078113,0,0,0,0,1,1,1,1
tffnew409,0.009336977626214061,fest.lib.id1736,2012,1.0,0,0,0,0,1,1,1,1
f17637,0.009940784625779017,fest.lib.id1888,2015,0.9014664491525963,0,0,0,0,1,1,1,1
1478,0.011219045524521635,fest.lib.id364,2013,0.6039825158473134,0,0,0,0,1,1,1,1
f7886,0.023929135812244165,fest.lib.id217,2015,0.13475573540038221,0,0,0,0,1,1,1,1
frnew670,0.014634546543682557,fest.lib.id8618,2015,0.004270938365921388,0,0,0,0,0,0,0,0
idfnew1595,0.009261345032982732,fest.lib.id1722,2017,0.10246538636036051,0,0,0,0,0,0,0,0
tffnew449,0.08553663880971424,fest.lib.id285,2012,0.39801347663094955,0,0,0,0,1,1,2,2
N1200946,0.01436344031323187,fest.lib.id364,2012,0.6039825158473134,0,0,0,0,1,1,1,1
f9025,0.045812079231417134,fest.lib.id285,2011,0.39801347663094955,0,0,0,0,1,1,2,2
f17200,0.01218453178467121,fest.lib.id1888,2014,0.9014664491525963,0,0,0,0,1,1,1,1
idfnew1159,0.044897672105310114,id401,2015,0.07211320128732311,0,0,0,0,1,1,1,1
128,0.013932303654189293,fest.lib.id364,2013,0.6039825158473134,0,0,0,0,1,1,1,1
frnew72,0.04272741104105534,fest.lib.id1658,2011,0.15002034797660702,0,0,0,0,0,1,0,1
1474,0.011219045524521635,fest.lib.id364,2013,0.6039825158473134,0,0,0,0,1,1,1,1
1604,0.028710251588299027,fest.lib.id1613,2008,0.06430215101394857,0,0,0,0,1,1,1,1
tffnew2626,0.02641090750553218,fest.lib.id1736,2017,1.0,0,0,0,0,1,1,1,1
idfnew892,0.032468863345066004,fest.lib.id874,2014,0.5062687909078113,0,0,0,0,1,1,1,1
135,0.03298506406134519,fest.lib.id388,2013,0.10657216405781064,0,0,0,0,1,1,1,2
f9033,0.046034786743841885,fest.lib.id285,2011,0.39801347663094955,0,0,0,0,1,1,2,3
9461fnosuv,0.019428068166009244,fest.lib.id1115,1963,0.08905067793670396,0,0,0,0,0,0,0,0
idfnew61,0.030016128084919703,fest.lib.id944,2009,0.0059843794442359126,0,0,0,0,0,0,0,0
frnew1004,0.02037837244680463,fest.lib.id1074,2017,0.045751935521372585,0,0,0,0,0,1,0,1
f16845,0.023367360369031028,fest.lib.id1736,2011,1.0,0,0,0,0,1,1,2,2
frnew296,0.02080137153207388,fest.lib.id.ch859,2012,0.020422489926764233,0,0,0,0,0,1,0,1
idfnew101,0.01567181691116691,fest.lib.id1177,2011,0.0358547708140046,0,0,0,0,1,1,1,1
649,0.026404967794953323,fest.lib.id1888,2013,0.9014664491525963,0,0,0,0,1,1,1,1
f16578,0.008576150903567963,fest.lib.id4680,2010,0.1366072752245275,0,0,0,0,0,0,0,0
idfnew1270,0.02344007283560632,fest.lib.id1648,2015,0.20248827622358084,0,0,0,0,1,1,1,2
f9142,0.04791089911049583,fest.lib.id285,2014,0.39801347663094955,0,0,0,0,1,1,2,2
idfnew1098,0.011086581829703788,fest.lib.id.na283,2014,0.007158945929946918,0,0,0,0,0,0,0,0
811,0.029909853141751205,fest.lib.id1736,2013,1.0,0,0,0,0,1,1,1,2
idfnew1263,0.00995575178972834,fest.lib.id874,2015,0.5062687909078113,0,0,0,0,1,1,1,1
N1600829,0.028382642998908227,fest.lib.id1688,2015,0.006440938723492507,0,0,0,0,1,1,1,1
I1103059,0.015286753725236723,fest.lib.id1732,2010,0.16442851051533133,0,0,0,0,0,0,0,0
9504fnosuv,0.009298203289242048,fest.lib.id285,2017,0.39801347663094955,0,0,0,0,1,1,1,1
frnew909,0.014252760426345329,fest.lib.id342,2016,0.030199973620409305,0,0,0,0,0,0,0,0
891,0.00995575178972834,fest.lib.id874,2013,0.5062687909078113,0,0,0,0,1,1,1,1
1317,0.03814609270997121,fest.lib.id.na320,2012,0.0013061789120368073,0,0,0,0,1,1,1,1
tffnew293,0.009336977626214061,fest.lib.id1736,2011,1.0,0,0,0,0,1,1,1,1
frnew488,0.06551048380470345,fest.lib.id1658,2014,0.15002034797660702,0,0,0,0,0,1,0,1
idfnew285,0.03003604445204167,fest.lib.id874,2011,0.5062687909078113,0,0,0,0,1,1,1,2
idfnew489,0.015154359282636202,fest.lib.id1722,2013,0.10246538636036051,0,0,0,0,0,0,0,0
tffnew1982,0.028562498924238632,fest.lib.id.na26,2016,0.015995170390635884,0,0,0,0,1,1,1,4
f16838,0.014923976491835729,fest.lib.id1888,2012,0.9014664491525963,0,0,0,0,1,1,1,1
150,0.040585607875849666,id335,2013,0.014938791948526466,0,0,0,0,1,1,1,1
idfnew510,0.039261968963879595,fest.lib.id1888,1992,0.9014664491525963,0,0,0,0,1,1,2,2
frnew531,0.010234032831391644,fest.lib.id.na42,2014,0.06417041546238612,0,0,0,0,0,0,0,0
idfnew1820,0.04992897881206113,fest.lib.id1808,2017,0.1145501607898263,0,0,0,0,1,1,1,2
tffnew1700,0.021759116262080817,fest.lib.id1664,2015,0.15064075420920695,0,0,0,0,1,1,1,2
tffnew2439,0.02260909238016958,imdbady00882,2017,0.0016877464292151174,0,0,0,0,1,1,1,1
idfnew48,0.01599891478241044,fest.lib.id1858,2011,0.02539036026064619,0,0,0,0,1,1,1,1
I1203784,0.024237067105892848,fest.lib.id.na120,2011,0.04508871310438658,0,0,0,0,1,1,1,1
idfnew1822,0.022028614290615183,fest.lib.id1722,2007,0.10246538636036051,0,0,0,0,0,0,0,0
tffnew1255,0.009336977626214061,fest.lib.id1736,2014,1.0,0,0,0,0,1,1,1,1
f17634,0.009940784625779017,fest.lib.id1888,2015,0.9014664491525963,0,0,0,0,1,1,1,1
813,0.03260393786425453,fest.lib.id1736,2013,1.0,0,0,0,0,1,1,1,1
708,0.010470746031531416,fest.lib.id665,2013,0.318359506181511,0,0,0,0,0,1,0,1
N1600242,0.01818274083977506,fest.lib.id1050,2015,0.10887639162499597,0,0,0,0,1,1,1,1
f8282,0.0209227881305716,fest.lib.id1888,2017,0.9014664491525963,0,0,0,0,1,1,1,1
f8319,0.03067271960887584,fest.lib.id1888,2017,0.9014664491525963,0,0,0,0,1,1,1,1
N1500177,0.015123470666948637,fest.lib.id.na308,2014,0.006180417695820174,0,0,0,0,1,1,1,1
frnew559,0.01337606355518251,fest.lib.id665,2014,0.318359506181511,0,0,0,0,0,1,0,1
f8029,0.013612013393415012,fest.lib.id1888,2016,0.9014664491525963,0,0,0,0,1,1,1,1
tffnew2266,0.02189897480462746,fest.lib.id1808,2016,0.1145501607898263,0,0,0,0,1,1,1,2
idfnew1173,0.00882047701470535,fest.lib.id.na50,2015,0.08438403960319157,0,0,0,0,0,0,0,0
idfnew447,0.02387392112809797,fest.lib.id731,2012,0.3424863555939673,0,0,0,0,0,1,0,1
tffnew59,0.02255653010795974,fest.lib.id.na90,2011,0.015772236282366865,0,0,0,0,1,1,1,2
f16746,0.009940784625779017,fest.lib.id1888,2011,0.9014664491525963,0,0,0,0,1,1,1,1
N1501509,0.011219045524521635,fest.lib.id364,2015,0.6039825158473134,0,0,0,0,1,1,1,1
651,0.013306174687989943,fest.lib.id.na232,2012,0.007273826290746834,0,0,0,0,1,1,1,1
idfnew1498,0.030940047028448235,fest.lib.id.ch1786,2016,0.19707774754205087,0,0,0,0,1,1,1,3
idfnew1107,0.055093024737303466,fest.lib.id1658,2015,0.15002034797660702,0,0,0,0,1,1,1,1
tffnew2588,0.01190803369750215,fest.lib.id1736,2017,1.0,0,0,0,0,1,1,1,1
f9374,0.017834858298812067,fest.lib.id285,2017,0.39801347663094955,0,0,0,0,1,1,2,2
tffnew2616,0.031214101275046438,fest.lib.id1736,2017,1.0,0,0,0,0,1,1,1,1
f17467,0.03597856208518437,fest.lib.id1888,2015,0.9014664491525963,0,0,0,0,1,1,1,3
1506,0.017268169329135746,fest.lib.id364,2013,0.6039825158473134,0,0,0,0,1,1,1,1
1367,0.05002859519653525,fest.lib.id1050,2013,0.10887639162499597,0,0,0,0,1,1,1,2
tffnew1669,0.009336977626214061,fest.lib.id1736,2015,1.0,0,0,0,0,1,1,1,1
f16682,0.050038850532997746,fest.lib.id285,2003,0.39801347663094955,0,0,0,0,1,1,3,3
tffnew1426,0.05196421913783234,fest.lib.id1736,2014,1.0,0,0,0,0,1,1,1,2
738,0.06394550336441755,fest.lib.id1736,2013,1.0,0,0,0,0,1,1,1,2
1303,0.009940784625779017,fest.lib.id1888,2013,0.9014664491525963,0,0,0,0,1,1,1,1
tffnew2115,0.027353955388235814,fest.lib.id1736,2016,1.0,0,0,0,0,1,1,1,2
tffnew238,0.02250139018207366,fest.lib.id285,2010,0.39801347663094955,0,0,0,0,1,1,1,2
frnew736,0.012776514423861591,fest.lib.id859,2015,0.013401782077490586,0,0,0,0,0,0,0,0
tffnew1945,0.043342196653713604,fest.lib.id961,2016,0.043124735389292075,0,0,0,0,1,1,1,2
N1501678,0.015577336211046884,fest.lib.id364,2015,0.6039825158473134,0,0,0,0,1,1,1,1
f17123,0.0782896644682602,fest.lib.id1888,2014,0.9014664491525963,0,0,0,0,1,1,1,1
I1200499,0.016442726729474465,fest.lib.id.na292,2011,0.07612469051374422,0,0,0,0,0,0,0,0
f17327,0.0390207003818943,fest.lib.id1658,2014,0.15002034797660702,0,0,0,0,0,1,0,1
frnew291,0.009427210235655714,fest.lib.id1858,2011,0.02539036026064619,0,0,0,0,0,0,0,0
idfnew553,0.0350641274597367,fest.lib.id874,2012,0.5062687909078113,0,0,0,0,1,1,1,2
tffnew222,0.012079209633487877,fest.lib.id1736,2011,1.0,0,0,0,0,1,1,1,1
frnew73,0.042769315330529585,fest.lib.id768,2011,0.007324761773419437,0,0,0,0,0,0,0,0
f17053,0.03601412311291634,fest.lib.id.na291,2012,0.005066174580229889,0,0,0,0,1,1,1,1
tffnew198,0.026601616310166214,fest.lib.id213,2011,0.00976860318220209,0,0,0,0,1,1,1,2
f9007,0.05254920348978692,fest.lib.id285,2011,0.39801347663094955,0,0,0,0,1,1,2,3
f16991,0.012455578480664229,fest.lib.id1888,2012,0.9014664491525963,0,0,0,0,1,1,1,2
tffnew183,0.028431794672785258,fest.lib.id1050,2011,0.10887639162499597,0,0,0,0,1,1,1,2
frnew1118,0.03711602488665375,fest.lib.id365,2017,0.0812771382038422,0,0,0,0,0,0,0,0
f9287,0.12528277359314724,fest.lib.id285,2016,0.39801347663094955,0,0,0,0,1,1,2,4
tffnew2595,0.009336977626214061,fest.lib.id1736,2017,1.0,0,0,0,0,1,1,1,1
tffnew1252,0.009619797354913784,fest.lib.id1843,2014,0.01165070094018319,0,0,0,0,0,0,0,0
tffnew304,0.057762623469680696,fest.lib.id1736,2011,1.0,0,0,0,0,1,1,1,2
f8310,0.009940784625779017,fest.lib.id1888,2017,0.9014664491525963,0,0,0,0,1,1,1,1
idfnew112,0.032519573153927527,fest.lib.id1768,2011,0.07352724707497833,0,0,0,0,0,0,0,0
f9240,0.021221246063396124,fest.lib.id174,2015,0.12232867487620556,0,0,0,0,1,1,2,2
f7791,0.009940784625779017,fest.lib.id1888,2016,0.9014664491525963,0,0,0,0,1,1,1,1
1116,0.010470746031531416,fest.lib.id665,2013,0.318359506181511,0,0,0,0,0,1,0,1
1277,0.02245444346537633,fest.lib.id1736,2013,1.0,0,0,0,0,1,1,1,1
f8224,0.05089296486047473,fest.lib.id1658,2017,0.15002034797660702,0,0,0,0,0,0,0,0
1362,0.01713079406780418,fest.lib.id1888,2013,0.9014664491525963,0,0,0,0,1,1,1,1
tffnew2573,0.011757633636468432,fest.lib.id1736,2017,1.0,0,0,0,0,1,1,1,1
tffnew1445,0.021694141362918466,fest.lib.id1736,2014,1.0,0,0,0,0,1,1,1,1
tffnew1132,0.014301731663278132,fest.lib.id1736,2014,1.0,0,0,0,0,1,1,1,2
tffnew2490,0.009336977626214061,fest.lib.id1736,2017,1.0,0,0,0,0,1,1,1,1
idfnew829,0.00995575178972834,fest.lib.id874,2014,0.5062687909078113,0,0,0,0,1,1,1,1
1343,0.01952575041726285,fest.lib.id1147,2013,0.04743769596462434,0,0,0,0,1,1,1,1
idfnew459,0.014793694048544036,fest.lib.id174,2012,0.12232867487620556,0,0,0,0,0,0,0,0
idfnew1230,0.02231284762412815,fest.lib.id1768,2015,0.07352724707497833,0,0,0,0,0,1,0,1
N1100796,0.021875807801762688,fest.lib.id.survey.na315,2010,0.004102507375160991,0,0,0,0,0,0,0,0
idfnew1647,0.00995575178972834,fest.lib.id874,2017,0.5062687909078113,0,0,0,0,1,1,1,1
tffnew2445,0.009336977626214061,fest.lib.id1736,2017,1.0,0,0,0,0,1,1,1,1
N1600827,0.011219045524521635,fest.lib.id364,2016,0.6039825158473134,0,0,0,0,1,1,1,1
frnew1025,0.018843353783795314,fest.lib.id1292,2016,0.004710768670663078,0,0,0,0,0,0,0,0
f17159,0.06061967248002334,fest.lib.id1658,2014,0.15002034797660702,0,0,0,0,1,1,1,2
tffnew87,0.009336977626214061,fest.lib.id1736,2011,1.0,0,0,0,0,1,1,1,1
tffnew2418,0.04507804939608809,fest.lib.id1736,2017,1.0,0,0,0,0,1,1,1,2
idfnew1676,0.015298854838442422,fest.lib.id364,2018,0.6039825158473134,0,0,0,0,1,1,1,1
N1201034,0.011763331147246371,fest.lib.id1401,2012,0.00812481297591991,0,0,0,0,0,0,0,0
f8171,0.08750669888108781,fest.lib.id1736,2016,1.0,0,0,0,0,1,1,2,2
96,0.0471313622149345,fest.lib.id974,2013,0.16229812321214043,0,0,0,0,1,1,1,1
tffnew2681,0.012239996113873022,fest.lib.id1736,2017,1.0,0,0,0,0,1,1,1,1
I1502506,0.014650256022472965,fest.lib.id117,2014,0.039048634073661166,0,0,0,0,1,1,1,1
1119,0.045527977094884015,fest.lib.id.na333,2012,0.02560174765333237,0,0,0,0,0,1,0,1
frnew52,0.09507355316131447,fest.lib.id1557,2011,0.19355067805909,0,0,0,0,0,1,0,2
1308,0.054024425085721466,fest.lib.id1658,2004,0.15002034797660702,0,0,0,0,1,1,1,2
f8245,0.03799806822126677,imdbady00184,2016,0.0013973127158122293,0,0,0,0,1,1,1,2
f9009,0.05528245689600681,fest.lib.id285,2011,0.39801347663094955,0,0,0,0,1,1,2,5
1179,0.018084219387153343,fest.lib.id1836,2012,0.03307221669352303,0,0,0,0,1,1,1,2
I1101552,0.014077926919863351,fest.lib.id1899,2011,0.020175366079478816,0,0,0,0,0,0,0,0
frnew497,0.02933805908493422,fest.lib.id.survey.na526,2014,0.15796024924762553,0,0,0,0,0,1,0,1
N1601313,0.011219045524521635,fest.lib.id364,2016,0.6039825158473134,0,0,0,0,1,1,1,1
f17446,0.022198984755368828,fest.lib.id1888,2015,0.9014664491525963,0,0,0,0,1,1,1,1
1581,0.014122064012180595,fest.lib.id7160,2012,0.08755778354559723,0,0,0,0,1,1,1,1
184,0.013174912512255747,fest.lib.id1736,2012,1.0,0,0,0,0,1,1,2,2
idfnew917,0.018040219805301873,fest.lib.id874,2014,0.5062687909078113,0,0,0,0,1,1,1,1
f8012,0.030283608847704414,fest.lib.id1888,2016,0.9014664491525963,0,0,0,0,1,1,1,2
170,0.02209420247500772,fest.lib.id874,2013,0.5062687909078113,0,0,0,0,1,1,1,2
frnew225,0.03179939201507734,fest.lib.id665,2011,0.318359506181511,0,0,0,0,0,1,0,1
f7884,0.03776578928010741,fest.lib.id1888,2016,0.9014664491525963,0,0,0,0,1,1,2,2
tffnew447,0.022024981027102673,fest.lib.id1736,2012,1.0,0,0,0,0,1,1,1,1
frnew344,0.015872695710019348,fest.lib.id1167,2012,0.14309594420744598,0,0,0,0,0,0,0,0
idfnew1009,0.012921029691694933,fest.lib.id874,2015,0.5062687909078113,0,0,0,0,1,1,1,1
890,0.05148689917827385,fest.lib.id1736,2013,1.0,0,0,0,0,1,1,1,1
tffnew1542,0.011911229506044847,fest.lib.id1736,2015,1.0,0,0,0,0,1,1,1,1
f7846,0.015245242326755832,fest.lib.id1888,2016,0.9014664491525963,0,0,0,0,1,1,1,1
N1701703,0.011219045524521635,fest.lib.id364,2017,0.6039825158473134,0,0,0,0,1,1,1,1
1469,0.016879526932030677,fest.lib.id1401,2012,0.00812481297591991,0,0,0,0,1,1,1,1
1130,0.024507644837237795,fest.lib.id365,2013,0.0812771382038422,0,0,0,0,1,1,1,1
tffnew1989,0.023002169175702105,fest.lib.id1736,2016,1.0,0,0,0,0,1,1,1,2
f9209,0.0790663325451995,fest.lib.id285,2015,0.39801347663094955,0,0,0,0,1,1,2,3
1463,0.01308467270865446,fest.lib.id1736,2013,1.0,0,0,0,0,1,1,1,1
tffnew398,0.03697006297477198,fest.lib.id1736,2012,1.0,0,0,0,0,1,1,1,1
tffnew1228,0.035644837356721325,fest.lib.id1736,2014,1.0,0,0,0,0,1,1,1,3
tffnew2282,0.052800048677611816,fest.lib.id1808,2016,0.1145501607898263,0,0,0,0,1,1,1,2
I1203152,0.019089700139377934,fest.lib.id1329,2011,0.007273065087468569,0,0,0,0,0,0,0,0
tffnew2466,0.017346985518842742,fest.lib.id1736,2017,1.0,0,0,0,0,1,1,1,2
idfnew1857,0.046641709041587924,fest.lib.id874,2017,0.5062687909078113,0,0,0,0,1,1,1,2
673,0.0187995605080656,fest.lib.id1662,2013,0.015146563673507158,0,0,0,0,1,1,1,1
tffnew15,0.0121359000619224,fest.lib.id1577,2011,0.033539337390164,0,0,0,0,1,1,1,1
f8075,0.04761313053535186,fest.lib.id1888,2017,0.9014664491525963,0,0,0,0,1,1,1,1
tffnew1692,0.013189879676205071,fest.lib.id1736,2015,1.0,0,0,0,0,1,1,2,2
idfnew438,0.00995575178972834,fest.lib.id874,2012,0.5062687909078113,0,0,0,0,1,1,1,1
tffnew2165,0.02808502805837857,fest.lib.id1697,2016,0.05210166239461778,0,0,0,0,1,1,1,1
9432fnosuv,0.015077131127448417,fest.lib.id285,2016,0.39801347663094955,0,0,0,0,1,1,1,1
I1203389,0.03507309568625284,fest.lib.id.ch1786,2011,0.19707774754205087,0,0,0,0,1,1,1,2
idfnew1810,0.01763909128911186,fest.lib.id874,2017,0.5062687909078113,0,0,0,0,1,1,1,1
9125fnosuv,0.028811724598163918,fest.lib.id285,2012,0.39801347663094955,0,0,0,0,1,1,1,2
frnew191,0.00915709909838239,fest.lib.id7533,2013,0.021585276270757407,0,0,0,0,0,0,0,0
frnew786,0.07942240529943531,fest.lib.id365,2015,0.0812771382038422,0,0,0,0,0,1,0,1
N1500646,0.03611966875730503,fest.lib.id285,2014,0.39801347663094955,0,0,0,0,1,1,2,2
tffnew2,0.016496909742629472,fest.lib.id1736,2011,1.0,0,0,0,0,1,1,1,2
tffnew2647,0.07106696459529246,fest.lib.id285,2017,0.39801347663094955,0,0,0,0,1,1,2,4
67,0.04481497616782644,fest.lib.id1888,2013,0.9014664491525963,0,0,0,0,1,1,1,3
tffnew2129,0.03973426642283026,fest.lib.id1736,2016,1.0,0,0,0,0,1,1,1,2
idfnew712,0.0821865611361823,fest.lib.id1768,2014,0.07352724707497833,0,0,0,0,1,1,1,1
1215,0.0425274277951299,fest.lib.id1888,2013,0.9014664491525963,0,0,0,0,1,1,2,2
f7860,0.07780197540981958,fest.lib.id1658,2016,0.15002034797660702,0,0,0,0,1,1,1,3
1161,0.03788213687025946,fest.lib.id1697,2006,0.05210166239461778,0,0,0,0,1,1,2,3
326,0.027164163702233166,fest.lib.id1736,2013,1.0,0,0,0,0,1,1,1,2
1067,0.012874659352079827,fest.lib.id285,1988,0.39801347663094955,0,0,0,0,1,1,1,1
f17339,0.013174912512255747,fest.lib.id1736,2013,1.0,0,0,0,0,1,1,2,2
idfnew221,0.00995575178972834,fest.lib.id874,2011,0.5062687909078113,0,0,0,0,1,1,1,1
f9144,0.13820208359683506,fest.lib.id285,2014,0.39801347663094955,0,0,0,0,1,1,2,4
736,0.06367064098686884,fest.lib.id1808,2013,0.1145501607898263,0,0,0,0,1,1,1,2
tffnew1437,0.0296868087771886,fest.lib.id1736,2014,1.0,0,0,0,0,1,1,1,2
I1703430,0.011219045524521635,fest.lib.id364,2016,0.6039825158473134,0,0,0,0,1,1,1,1
f17411,0.02621065400394456,fest.lib.id.na57,2014,0.00688470427560502,0,0,0,0,1,1,1,1
f8153,0.009940784625779017,fest.lib.id1888,2017,0.9014664491525963,0,0,0,0,1,1,1,1
f8217,0.016971259405347515,fest.lib.id1888,2017,0.9014664491525963,0,0,0,0,1,1,1,1
tffnew1801,0.06032001266160343,fest.lib.id1050,2015,0.10887639162499597,0,0,0,0,1,1,1,3
idfnew832,0.022235305116301642,fest.lib.id1658,2014,0.15002034797660702,0,0,0,0,0,1,0,1
954,0.02315327450437362,fest.lib.id285,2013,0.39801347663094955,0,0,0,0,1,1,1,1
1640,0.015349137165219972,fest.lib.id364,2013,0.6039825158473134,0,0,0,0,1,1,1,1
idfnew1041,0.01374846022575368,fest.lib.id6558,2015,0.022927788110100236,0,0,0,0,1,1,1,1
f8021,0.026943265991635785,fest.lib.id1888,2016,0.9014664491525963,0,0,0,0,1,1,1,1
f16400,0.017018739548739028,fest.lib.id1735,2010,0.06336170154920864,0,0,0,0,0,1,0,1
idfnew668,0.023699826284565316,imdbady00707,2012,0.001966217551443708,0,0,0,0,1,1,1,1
tffnew458,0.029418051127796302,fest.lib.id1736,2012,1.0,0,0,0,0,1,1,1,1
tffnew2253,0.018169147651109625,fest.lib.id1736,2016,1.0,0,0,0,0,1,1,1,1
N1601142,0.036187349908812755,id627,2016,0.06218359890861916,0,0,0,0,1,1,1,1
tffnew6,0.009336977626214061,fest.lib.id1736,2011,1.0,0,0,0,0,1,1,1,1
frnew64,0.009427210235655714,fest.lib.id1858,2011,0.02539036026064619,0,0,0,0,0,0,0,0
idfnew5,0.05682489176403831,fest.lib.id874,2011,0.5062687909078113,0,0,0,0,1,1,1,2
f8198,0.01232425714384176,fest.lib.id1888,2017,0.9014664491525963,0,0,0,0,1,1,1,1
f16840,0.03321558667392435,fest.lib.id1888,2012,0.9014664491525963,0,0,0,0,1,1,1,2
frnew20,0.0147915435175254,imdbady01439,2011,0.005689985201644216,0,0,0,0,0,0,0,0
9446fnosuv,0.014613487679525172,fest.lib.id285,2016,0.39801347663094955,0,0,0,0,1,1,1,1
9348fnosuv,0.04876896269897086,fest.lib.id1808,1953,0.1145501607898263,0,0,0,0,1,1,1,1
f9274,0.06966573765257408,fest.lib.id285,2016,0.39801347663094955,0,0,0,0,1,1,2,2
frnew672,0.016077949715015943,fest.lib.id1768,2015,0.07352724707497833,0,0,0,0,0,1,0,1
1376,0.039119004279651766,fest.lib.id665,2013,0.318359506181511,0,0,0,0,0,1,0,1
f17191,0.02340650494865217,fest.lib.id1888,2014,0.9014664491525963,0,0,0,0,1,1,1,1
f17045,0.016180684355427476,fest.lib.id1888,2012,0.9014664491525963,0,0,0,0,1,1,1,1
tffnew2351,0.023593703741202482,fest.lib.id1736,2017,1.0,0,0,0,0,1,1,1,1
574,0.00995575178972834,fest.lib.id874,2013,0.5062687909078113,0,0,0,0,1,1,1,1
9209fnosuv,0.02240681660654761,fest.lib.id285,2014,0.39801347663094955,0,0,0,0,1,1,1,2
N1600595,0.021338799014466673,id627,2016,0.06218359890861916,0,0,0,0,1,1,1,1
N1201282,0.017820450262881954,fest.lib.id364,2012,0.6039825158473134,0,0,0,0,1,1,1,1
tffnew1749,0.015006784663693247,fest.lib.id1808,2015,0.1145501607898263,0,0,0,0,1,1,1,1
1228,0.009940784625779017,fest.lib.id1888,2013,0.9014664491525963,0,0,0,0,1,1,1,1
idfnew653,0.0546310475402122,imdbady01034,2012,0.0016831412130016482,0,0,0,0,0,0,0,0
N1100808,0.02910387600822835,fest.lib.id1899,2010,0.020175366079478816,0,0,0,0,1,1,1,1
f16457,0.031916266148132096,fest.lib.id1888,2011,0.9014664491525963,0,0,0,0,1,1,2,2
idfnew1038,0.020226749200865642,id401,2015,0.07211320128732311,0,0,0,0,0,0,0,0
tffnew1666,0.024353387069793595,fest.lib.id1736,2015,1.0,0,0,0,0,1,1,1,3
1131,0.01746596272103753,fest.lib.id1050,2012,0.10887639162499597,0,0,0,0,1,1,1,1
316,0.011983252242536801,fest.lib.id1736,2013,1.0,0,0,0,0,1,1,1,1
idfnew1015,0.019202112349271726,fest.lib.id1876,2016,0.009342954086059146,0,0,0,0,0,0,0,0
N1200979,0.019640985171976478,fest.lib.id.na160,2012,0.02073420537207051,0,0,0,0,1,1,1,1
I1500494,0.011219045524521635,fest.lib.id364,2015,0.6039825158473134,0,0,0,0,1,1,1,1
f8200,0.03314676777401629,fest.lib.id1888,2017,0.9014664491525963,0,0,0,0,1,1,1,2
tffnew1953,0.10011934016260028,fest.lib.id285,2016,0.39801347663094955,0,0,0,0,1,1,2,4
I1603970,0.011219045524521635,fest.lib.id364,2016,0.6039825158473134,0,0,0,0,1,1,1,1
N1200310,0.011219045524521635,fest.lib.id364,2012,0.6039825158473134,0,0,0,0,1,1,1,1
frnew543,0.027578319060907762,fest.lib.id1557,2014,0.19355067805909,0,0,0,0,0,1,0,2
tffnew425,0.03152857663799089,fest.lib.id1736,2012,1.0,0,0,0,0,1,1,1,1
N1501542,0.023254684763090474,imdbady01392,2015,0.017329938685995066,0,0,0,0,1,1,1,1
I1500284,0.008607245571714234,fest.lib.id1540,2014,0.05973852230628165,0,0,0,0,0,0,0,0
frnew1021,0.010470746031531416,fest.lib.id665,2017,0.318359506181511,0,0,0,0,0,1,0,1
idfnew1241,0.03768922648159143,fest.lib.id1697,2010,0.05210166239461778,0,0,0,0,1,1,2,2
tffnew1436,0.05337273223140349,fest.lib.id1808,2014,0.1145501607898263,0,0,0,0,1,1,1,3
idfnew535,0.020978389229695027,fest.lib.id1736,2012,1.0,0,0,0,0,1,1,1,1
tffnew613,0.01985905425782731,fest.lib.id1736,2012,1.0,0,0,0,0,1,1,1,1
f17322,0.04756703458092667,fest.lib.id1888,2014,0.9014664491525963,0,0,0,0,1,1,1,2
f16957,0.02467532879752041,fest.lib.id1888,2012,0.9014664491525963,0,0,0,0,1,1,1,2
N1601680,0.026227687711168346,fest.lib.id364,2016,0.6039825158473134,0,0,0,0,1,1,1,2
f8083,0.009940784625779017,fest.lib.id1888,2017,0.9014664491525963,0,0,0,0,1,1,1,1
304,0.05235474270626098,fest.lib.id1736,2013,1.0,0,0,0,0,1,1,1,2
764,0.014670943335122442,fest.lib.id665,2013,0.318359506181511,0,0,0,0,0,1,0,1
tffnew107,0.13269484337899065,fest.lib.id1808,2011,0.1145501607898263,0,0,0,0,1,1,1,2
tffnew2555,0.009336977626214061,fest.lib.id1736,2017,1.0,0,0,0,0,1,1,1,1
frnew757,0.015567089373870637,fest.lib.id.survey.na526,2015,0.15796024924762553,0,0,0,0,0,1,0,1
tffnew2100,0.03899619282019957,fest.lib.id1050,2016,0.10887639162499597,0,0,0,0,1,1,1,2
1272,0.00995575178972834,fest.lib.id874,2013,0.5062687909078113,0,0,0,0,1,1,1,1
frnew1032,0.010470746031531416,fest.lib.id665,2017,0.318359506181511,0,0,0,0,0,1,0,1
idfnew936,0.03372695570189885,fest.lib.id1808,2014,0.1145501607898263,0,0,0,0,1,1,1,2
109,0.01687720777796498,fest.lib.id6064,2013,0.05436316162960417,0,0,0,0,0,1,0,1
f17276,0.03334612429507495,fest.lib.id1888,2014,0.9014664491525963,0,0,0,0,1,1,1,1
tffnew118,0.038870121264067435,fest.lib.id1808,2011,0.1145501607898263,0,0,0,0,1,1,1,1
1429,0.009940784625779017,fest.lib.id1888,2013,0.9014664491525963,0,0,0,0,1,1,1,1
tffnew1846,0.034080316656793785,fest.lib.id1808,2015,0.1145501607898263,0,0,0,0,1,1,1,2
idfnew1765,0.00995575178972834,fest.lib.id874,2017,0.5062687909078113,0,0,0,0,1,1,1,1
f8263,0.022279085244934674,fest.lib.id997,2017,0.06166273990342565,0,0,0,0,0,0,0,0
frnew978,0.014252760426345329,fest.lib.id342,2016,0.030199973620409305,0,0,0,0,0,0,0,0
tffnew2622,0.02125375380044865,fest.lib.id.na292,2017,0.07612469051374422,0,0,0,0,1,1,1,1
217,0.053485361521651356,fest.lib.id1662,2013,0.015146563673507158,0,0,0,0,0,1,0,3
idfnew29,0.08529723525729022,fest.lib.id874,2011,0.5062687909078113,0,0,0,0,1,1,1,2
107,0.03206526257120355,fest.lib.id1808,2013,0.1145501607898263,0,0,0,0,1,1,1,1
idfnew1046,0.01267455428649206,fest.lib.id874,2015,0.5062687909078113,0,0,0,0,1,1,1,1
f9049,0.030052796490203107,fest.lib.id285,2011,0.39801347663094955,0,0,0,0,1,1,1,1
1587,0.03341235311572104,fest.lib.id1808,2010,0.1145501607898263,0,0,0,0,1,1,1,1
tffnew720,0.01986637796619449,fest.lib.id1894,2012,0.07073302680059652,0,0,0,0,1,1,1,2
frnew656,0.010303047043328357,fest.lib.id342,2015,0.030199973620409305,0,0,0,0,0,0,0,0
f16683,0.040630045853673295,fest.lib.id1736,2010,1.0,0,0,0,0,1,1,1,2
f9226,0.03240377767223972,fest.lib.id285,2015,0.39801347663094955,0,0,0,0,1,1,1,2
idfnew869,0.026180791023962046,fest.lib.id874,2014,0.5062687909078113,0,0,0,0,1,1,1,2
frnew325,0.23471563983218774,fest.lib.id1557,2012,0.19355067805909,0,0,0,0,0,1,0,2
tffnew1651,0.09288396728123371,fest.lib.id285,2015,0.39801347663094955,0,0,0,0,1,1,2,4
tffnew1830,0.025442728650207445,fest.lib.id1736,2015,1.0,0,0,0,0,1,1,1,2
tffnew1603,0.014918301542533603,fest.lib.id1736,2015,1.0,0,0,0,0,1,1,1,1
tffnew360,0.009336977626214061,fest.lib.id1736,2012,1.0,0,0,0,0,1,1,1,1
f17447,0.009940784625779017,fest.lib.id1888,2015,0.9014664491525963,0,0,0,0,1,1,1,1
753,0.012026602366091281,fest.lib.id285,2013,0.39801347663094955,0,0,0,0,1,1,1,1
N1501024,0.01411487403338219,fest.lib.id364,2015,0.6039825158473134,0,0,0,0,1,1,1,1
f17424,0.013953706387701435,fest.lib.id217,2014,0.13475573540038221,0,0,0,0,0,0,0,0
tffnew188,0.025710524777213962,fest.lib.id1736,2011,1.0,0,0,0,0,1,1,1,1
863,0.009336977626214061,fest.lib.id1736,2013,1.0,0,0,0,0,1,1,1,1
frnew784,0.008525106378601661,fest.lib.id1664,2014,0.15064075420920695,0,0,0,0,0,0,0,0
N1201322,0.011219045524521635,fest.lib.id364,2012,0.6039825158473134,0,0,0,0,1,1,1,1
idfnew719,0.0728922840753916,fest.lib.id1808,2008,0.1145501607898263,0,0,0,0,1,1,1,2
frnew468,0.030794616860725616,fest.lib.id1356,2014,0.004362676706003335,0,0,0,0,0,1,0,1
1151,0.025159065109439258,fest.lib.id.na7,2013,0.01143655315393875,0,0,0,0,1,1,1,1
f7878,0.01549947982407614,fest.lib.id1848,2015,0.004787357399912215,0,0,0,0,1,1,1,1
frnew118,0.01777561958511484,fest.lib.id1736,2010,1.0,0,0,0,0,1,1,1,1
N1701376,0.011219045524521635,fest.lib.id364,2017,0.6039825158473134,0,0,0,0,1,1,1,1
f9339,0.06107760768927467,fest.lib.id285,2017,0.39801347663094955,0,0,0,0,1,1,1,3
tffnew2383,0.029674382655028052,fest.lib.id1736,2017,1.0,0,0,0,0,1,1,2,3
idfnew1736,0.00995575178972834,fest.lib.id874,2017,0.5062687909078113,0,0,0,0,1,1,1,1
N1600683,0.02131453225429356,fest.lib.id.na292,2015,0.07612469051374422,0,0,0,0,1,1,1,1
frnew1070,0.012858581115329254,imdbady01438,2017,0.021585913397982007,0,0,0,0,0,0,0,0
f7786,0.043345829630291335,fest.lib.id1736,2015,1.0,0,0,0,0,1,1,2,3
tffnew1397,0.01890195479615396,fest.lib.id1736,2014,1.0,0,0,0,0,1,1,1,1
N1700234,0.011219045524521635,fest.lib.id364,2017,0.6039825158473134,0,0,0,0,1,1,1,1
idfnew974,0.018092764776199304,fest.lib.id1722,2015,0.10246538636036051,0,0,0,0,0,0,0,0
tffnew269,0.02001223611280653,fest.lib.id1808,2011,0.1145501607898263,0,0,0,0,1,1,1,2
tffnew2553,0.01704918259917236,fest.lib.id1050,2017,0.10887639162499597,0,0,0,0,0,0,0,0
tffnew1188,0.021474188392944123,fest.lib.id1736,2014,1.0,0,0,0,0,1,1,1,1
idfnew1021,0.025522760143427265,fest.lib.id388,2015,0.10657216405781064,0,0,0,0,1,1,1,2
tffnew2292,0.009336977626214061,fest.lib.id1736,2016,1.0,0,0,0,0,1,1,1,1
N1601029,0.01764874265334695,fest.lib.id264,2015,0.00732888400495578,0,0,0,0,1,1,1,1
frnew149,0.013105998295571453,fest.lib.id365,2012,0.0812771382038422,0,0,0,0,0,0,0,0
f9233,0.0185784956586682,fest.lib.id285,2015,0.39801347663094955,0,0,0,0,1,1,1,1
f7847,0.02323491010599559,fest.lib.id1736,2015,1.0,0,0,0,0,1,1,2,3
tffnew2045,0.0804813561038239,fest.lib.id1697,2016,0.05210166239461778,0,0,0,0,1,1,1,3
9538fnosuv,0.014655207046071195,fest.lib.id285,2017,0.39801347663094955,0,0,0,0,1,1,1,1
tffnew1867,0.019291534071292464,fest.lib.id1736,2015,1.0,0,0,0,0,1,1,1,1
frnew97,0.12328450642660244,fest.lib.id665,2011,0.318359506181511,0,0,0,0,0,1,0,1
idfnew508,0.0682628988232331,fest.lib.id874,2009,0.5062687909078113,0,0,0,0,1,1,1,2
223,0.014458759690165227,fest.lib.id.na298,2005,0.0022234549012593832,0,0,0,0,1,1,1,1
tffnew1649,0.032294720344350644,fest.lib.id1736,2015,1.0,0,0,0,0,1,1,1,2
704,0.03427708082188302,fest.lib.id1736,2013,1.0,0,0,0,0,1,1,1,1
f8062,0.057084996249312174,fest.lib.id1888,2009,0.9014664491525963,0,0,0,0,1,1,1,1
idfnew1127,0.02037161335218222,fest.lib.id874,2015,0.5062687909078113,0,0,0,0,1,1,2,2
472,0.01581966925192318,fest.lib.id.na326,2012,0.002644903069981442,0,0,0,0,1,1,1,1
1339,0.03318981873574742,fest.lib.id1736,2012,1.0,0,0,0,0,1,1,2,2
582,0.06387080716229872,fest.lib.id285,2013,0.39801347663094955,0,0,0,0,1,1,1,2
1190,0.013738518128251965,fest.lib.id217,2012,0.13475573540038221,0,0,0,0,1,1,1,1
idfnew680,0.05015766606840816,fest.lib.id1658,2009,0.15002034797660702,0,0,0,0,1,1,1,3
f16835,0.028947845116036108,fest.lib.id1888,2012,0.9014664491525963,0,0,0,0,1,1,1,1
idfnew1546,0.04335857905977218,fest.lib.id.survey.na131,2016,0.002025556810300237,0,0,0,0,1,1,1,1
f16376,0.0238651802872177,fest.lib.id1648,2010,0.20248827622358084,0,0,0,0,1,1,1,3
tffnew2066,0.04151618054954604,fest.lib.id1736,2016,1.0,0,0,0,0,1,1,1,2
tffnew16,0.009336977626214061,fest.lib.id1736,2011,1.0,0,0,0,0,1,1,1,1
idfnew256,0.031399204636199815,fest.lib.id1658,2011,0.15002034797660702,0,0,0,0,0,0,0,0
tffnew1865,0.030309133881559393,fest.lib.id1736,2015,1.0,0,0,0,0,1,1,1,1
tffnew2388,0.019398523020032185,fest.lib.id1736,2017,1.0,0,0,0,0,1,1,1,1
914,0.04079465156269261,fest.lib.id1736,2006,1.0,0,0,0,0,1,1,2,3
N1100301,0.02983276654543233,imdbady01392,2010,0.017329938685995066,0,0,0,0,0,0,0,0
1145,0.021227392945297165,fest.lib.id174,1999,0.12232867487620556,0,0,0,0,1,1,2,2
f16995,0.016535572062144975,fest.lib.id1888,2012,0.9014664491525963,0,0,0,0,1,1,1,1
tffnew1661,0.015761942216425472,fest.lib.id1736,2015,1.0,0,0,0,0,1,1,1,1
tffnew1687,0.05684945124902267,fest.lib.id1808,2015,0.1145501607898263,0,0,0,0,1,1,2,3
1350,0.04282623803432628,fest.lib.id909,2011,0.13015898047987368,0,0,0,0,1,1,1,1
I1204436,0.008822212633574487,fest.lib.id1658,2013,0.15002034797660702,0,0,0,0,0,0,0,0
frnew756,0.027770066050070395,id401,2015,0.07211320128732311,0,0,0,0,0,1,0,1
1098,0.010470746031531416,fest.lib.id665,2013,0.318359506181511,0,0,0,0,0,1,0,1
f8254,0.01598174918086813,fest.lib.id1736,2016,1.0,0,0,0,0,1,1,2,2
N1100407,0.009435137273063712,fest.lib.id86,2010,0.0182476630995813,0,0,0,0,0,0,0,0
tffnew2382,0.011880265924045811,fest.lib.id1736,2017,1.0,0,0,0,0,1,1,1,1
f9044,0.022044043926265907,id401,2011,0.07211320128732311,0,0,0,0,1,1,1,1
frnew1002,0.10724513364657201,fest.lib.id1658,2017,0.15002034797660702,0,0,0,0,0,1,0,4
frnew695,0.009678464527863551,fest.lib.id305,2016,0.033467502671182564,0,0,0,0,0,0,0,0
631,0.024664531534365954,fest.lib.id1359,2013,0.03713247974486391,0,0,0,0,0,1,0,1
idfnew336,0.012662760517138077,fest.lib.id874,2011,0.5062687909078113,0,0,0,0,1,1,1,2
N1400898,0.014678695413549409,fest.lib.id364,2014,0.6039825158473134,0,0,0,0,1,1,1,1
f17087,0.014988040089189669,fest.lib.id1888,2014,0.9014664491525963,0,0,0,0,1,1,1,2
f8343,0.02213088675342117,fest.lib.id1888,2017,0.9014664491525963,0,0,0,0,1,1,1,1
f17084,0.019289020132395352,fest.lib.id1888,2014,0.9014664491525963,0,0,0,0,1,1,1,1
idfnew1088,0.027718827563109352,fest.lib.id974,1997,0.16229812321214043,0,0,0,0,1,1,2,2
I1403475,0.02428052447108633,fest.lib.id.na408,2013,0.00710810543705935,0,0,0,0,1,1,1,1
tffnew1724,0.0856807048214106,fest.lib.id1894,2015,0.07073302680059652,0,0,0,0,1,1,1,3
54,0.0746663507862882,fest.lib.id1658,2013,0.15002034797660702,0,0,0,0,1,1,2,4
f8100,0.09841100264671275,fest.lib.id1888,2017,0.9014664491525963,0,0,0,0,1,1,2,5
frnew921,0.033438093765067727,fest.lib.id665,2016,0.318359506181511,0,0,0,0,0,1,0,1
tffnew2525,0.018219830667273926,fest.lib.id.na315,2017,0.015145544115484253,0,0,0,0,1,1,1,1
f8366,0.009940784625779017,fest.lib.id1888,2017,0.9014664491525963,0,0,0,0,1,1,1,1
idfnew1661,0.015906116950906497,fest.lib.id1890,2017,0.017783632446809833,0,0,0,0,0,0,0,0
1332,0.05622998775921194,fest.lib.id285,2013,0.39801347663094955,0,0,0,0,1,1,1,2
frnew863,0.10337967706706803,fest.lib.id1658,2016,0.15002034797660702,0,0,0,0,0,1,0,2
9164fnosuv,0.011812997144127261,fest.lib.id285,2012,0.39801347663094955,0,0,0,0,1,1,1,2
464,0.039986112241155294,fest.lib.id1768,2013,0.07352724707497833,0,0,0,0,0,1,0,2
f16377,0.06877685205508752,fest.lib.id1888,2011,0.9014664491525963,0,0,0,0,1,1,2,2
f9143,0.14892964242242068,fest.lib.id285,2014,0.39801347663094955,0,0,0,0,1,1,2,4
f16993,0.051033664228897706,fest.lib.id1888,2012,0.9014664491525963,0,0,0,0,1,1,1,1
9437fnosuv,0.015474175416803264,fest.lib.id285,2016,0.39801347663094955,0,0,0,0,1,1,2,2
874,0.03651058665527991,fest.lib.id.na282,2013,0.006192364029310684,0,0,0,0,1,1,1,2
tffnew2054,0.06222719137094184,fest.lib.id1050,2016,0.10887639162499597,0,0,0,0,1,1,1,2
tffnew1836,0.46332254673323603,fest.lib.id1736,2015,1.0,0,0,0,0,1,1,1,2
tffnew1973,0.04734411477437428,fest.lib.id1808,2016,0.1145501607898263,0,0,0,0,1,1,1,3
tffnew2324,0.024726378091369256,fest.lib.id1697,2016,0.05210166239461778,0,0,0,0,1,1,1,1
N1400496,0.015258090026212002,fest.lib.id364,2014,0.6039825158473134,0,0,0,0,1,1,1,1
f17267,0.013979829127469383,fest.lib.id1888,2014,0.9014664491525963,0,0,0,0,1,1,1,1
I1102356,0.026388020927193962,fest.lib.id1658,2011,0.15002034797660702,0,0,0,0,1,1,1,1
idfnew157,0.011978827081362166,fest.lib.id588,2011,0.013206233699414295,0,0,0,0,0,0,0,0
idfnew376,0.015629517964478066,fest.lib.id997,2013,0.06166273990342565,0,0,0,0,0,0,0,0
1344,0.38243472809836415,fest.lib.id716,2011,0.013623324064307753,0,0,0,0,1,1,1,2
N1600083,0.027045119592417437,fest.lib.id117,2015,0.039048634073661166,0,0,0,0,1,1,1,1
tffnew2208,0.014493171450538633,fest.lib.id.na213,2016,0.0192305499949209,0,0,0,0,0,0,0,0
idfnew616,0.10533653729182468,fest.lib.id1658,2012,0.15002034797660702,0,0,0,0,1,1,2,3
1156,0.016511095485299682,fest.lib.id665,2013,0.318359506181511,0,0,0,0,0,1,0,1
idfnew610,0.013005558554853988,fest.lib.id381,2011,0.02475785535988938,0,0,0,0,0,0,0,0
f17148,0.019050654142060683,fest.lib.id1494,2014,0.14895479943977585,0,0,0,0,0,1,0,1
N1400293,0.015577336211046884,fest.lib.id364,2014,0.6039825158473134,0,0,0,0,1,1,1,1
770,0.014122064012180595,fest.lib.id364,2013,0.6039825158473134,0,0,0,0,1,1,1,1
1484,0.022581781218439862,fest.lib.id364,2013,0.6039825158473134,0,0,0,0,1,1,1,1
tffnew1403,0.054831073428613444,fest.lib.id1736,2014,1.0,0,0,0,0,1,1,1,2
tffnew510,0.07989044095852331,fest.lib.id1808,2012,0.1145501607898263,0,0,0,0,1,1,1,3
tffnew1382,0.009336977626214061,fest.lib.id1736,2014,1.0,0,0,0,0,1,1,1,1
tffnew2500,0.025134965637985878,fest.lib.id.na365,2017,0.053889133022886754,0,0,0,0,1,1,2,2
frnew105,0.010234032831391644,fest.lib.id.na42,2011,0.06417041546238612,0,0,0,0,0,0,0,0
tffnew1313,0.05169338355868672,fest.lib.id1697,2014,0.05210166239461778,0,0,0,0,1,1,1,2
f9056,0.015949741570877297,fest.lib.id285,2011,0.39801347663094955,0,0,0,0,1,1,1,1
idfnew1214,0.012894722630563984,fest.lib.id874,2015,0.5062687909078113,0,0,0,0,1,1,1,1
1192,0.03454553507038525,fest.lib.id1888,2013,0.9014664491525963,0,0,0,0,1,1,1,2
frnew637,0.04263551719674991,fest.lib.id1736,2013,1.0,0,0,0,0,1,1,1,3
1512,0.011219045524521635,fest.lib.id364,2013,0.6039825158473134,0,0,0,0,1,1,1,1
frnew816,0.023899089388275573,id401,2015,0.07211320128732311,0,0,0,0,0,1,0,1
idfnew1302,0.01267337906469636,fest.lib.id874,2015,0.5062687909078113,0,0,0,0,1,1,1,1
f7951,0.1284814252566418,fest.lib.id1888,2016,0.9014664491525963,0,0,0,0,1,1,2,3
frnew299,0.009310878121063598,fest.lib.id.survey.na113,2011,0.0064746981638282766,0,0,0,0,0,0,0,0
f17555,0.012647793353188753,fest.lib.id731,2015,0.3424863555939673,0,0,0,0,1,1,1,2
f9338,0.065018939163057,fest.lib.id285,2017,0.39801347663094955,0,0,0,0,1,1,1,2
9506fnosuv,0.06184823293107895,fest.lib.id285,2017,0.39801347663094955,0,0,0,0,1,1,1,2
frnew119,0.019014045756556415,fest.lib.id665,2011,0.318359506181511,0,0,0,0,0,1,0,1
tffnew2642,0.04637777787197457,fest.lib.id1808,2017,0.1145501607898263,0,0,0,0,1,1,1,2
idfnew507,0.011705117206036115,fest.lib.id1776,2013,0.029239436365596817,0,0,0,0,0,0,0,0
250,0.010470746031531416,fest.lib.id665,2013,0.318359506181511,0,0,0,0,0,1,0,1
N1700342,0.015577336211046884,fest.lib.id364,2017,0.6039825158473134,0,0,0,0,1,1,1,1
tffnew2468,0.01785849787135991,fest.lib.id1736,2017,1.0,0,0,0,0,1,1,1,1
f8311,0.015790695132678396,fest.lib.id1888,2017,0.9014664491525963,0,0,0,0,1,1,1,1
frnew834,0.020957466697951524,id401,2016,0.07211320128732311,0,0,0,0,0,1,0,1
frnew116,0.013083956465933893,fest.lib.id.na421,2011,0.004003808658229306,0,0,0,0,0,0,0,0
1479,0.01760671571871749,fest.lib.id1411,2013,0.026525914688567735,0,0,0,0,1,1,1,1
f17649,0.12612461209899664,fest.lib.id1888,2015,0.9014664491525963,0,0,0,0,1,1,2,4
idfnew889,0.018025366521285655,fest.lib.id1582,2014,0.04430384424256456,0,0,0,0,1,1,1,1
f17063,0.11072245153762843,fest.lib.id1888,2014,0.9014664491525963,0,0,0,0,1,1,2,3
1120,0.016585670121362566,fest.lib.id1888,2013,0.9014664491525963,0,0,0,0,1,1,1,2
f9393,0.0381512634735067,fest.lib.id285,2017,0.39801347663094955,0,0,0,0,1,1,1,2
f16614,0.01707388743186358,fest.lib.id958,2011,0.12075010945459504,0,0,0,0,0,1,0,1
f17103,0.03116089538068507,fest.lib.id7526,2013,0.025533820159097897,0,0,0,0,1,1,1,3
I1604504,0.011219045524521635,fest.lib.id364,2016,0.6039825158473134,0,0,0,0,1,1,1,1
tffnew2189,0.05569375988054368,fest.lib.id1808,2016,0.1145501607898263,0,0,0,0,1,1,1,3
f16734,0.04183440935227242,fest.lib.id1658,2011,0.15002034797660702,0,0,0,0,1,1,1,3
frnew131,0.010470746031531416,fest.lib.id665,2011,0.318359506181511,0,0,0,0,0,1,0,1
f7775,0.018369966088182935,fest.lib.id1888,2016,0.9014664491525963,0,0,0,0,1,1,1,1
849,0.02107506164027606,fest.lib.id1658,2013,0.15002034797660702,0,0,0,0,1,1,1,1
tffnew1938,0.012786932302570142,fest.lib.id1736,2016,1.0,0,0,0,0,1,1,1,1
frnew476,0.013557926153242401,fest.lib.id.na191,2015,0.04577591160462887,0,0,0,0,0,0,0,0
tffnew249,0.00878893879926943,fest.lib.id351,2011,0.018235202012596274,0,0,0,0,0,0,0,0
f7832,0.029941141745454904,fest.lib.id731,2016,0.3424863555939673,0,0,0,0,0,1,0,1
1312,0.03969769898654168,fest.lib.id1808,2013,0.1145501607898263,0,0,0,0,1,1,1,2
f17278,0.018902090453799092,fest.lib.id1888,2014,0.9014664491525963,0,0,0,0,1,1,1,1
idfnew448,0.023900695921245038,fest.lib.id1722,2013,0.10246538636036051,0,0,0,0,0,0,0,0
tffnew18,0.020397553610846168,imdbady00468,2010,0.0021026149276645867,0,0,0,0,1,1,1,1
1174,0.08146664702859636,fest.lib.id284,2013,0.0022078298251507586,0,0,0,0,1,1,1,2
frnew5,0.013190108925368574,fest.lib.id1658,2010,0.15002034797660702,0,0,0,0,0,1,0,1
tffnew2561,0.021495911972359408,fest.lib.id1736,2017,1.0,0,0,0,0,1,1,1,2
46,0.0497347352436989,fest.lib.id285,2013,0.39801347663094955,0,0,0,0,1,1,2,2
9295fnosuv,0.03014077380066588,fest.lib.id285,2015,0.39801347663094955,0,0,0,0,1,1,1,1
f16813,0.06317529064184986,fest.lib.id1888,2012,0.9014664491525963,0,0,0,0,1,1,1,2
tffnew1891,0.009336977626214061,fest.lib.id1736,2015,1.0,0,0,0,0,1,1,1,1
frnew1031,0.04498257919454137,fest.lib.id974,2016,0.16229812321214043,0,0,0,0,0,1,0,3
tffnew1879,0.024119425935639226,fest.lib.id1736,2015,1.0,0,0,0,0,1,1,1,3
1086,0.017611993324005582,fest.lib.id1888,2013,0.9014664491525963,0,0,0,0,1,1,1,1
355,0.027765620773129624,fest.lib.id1722,2000,0.10246538636036051,0,0,0,0,1,1,2,2
frnew1039,0.019399418040013362,imdbady01490,2017,0.005312901354874299,0,0,0,0,0,0,0,0
tffnew371,0.038580884582626596,fest.lib.id1697,2012,0.05210166239461778,0,0,0,0,1,1,1,3
f9167,0.07841310895115289,fest.lib.id285,2014,0.39801347663094955,0,0,0,0,1,1,1,2
frnew1048,0.023805388626754166,fest.lib.id1557,2017,0.19355067805909,0,0,0,0,0,1,0,1
tffnew1795,0.057182392050930876,fest.lib.id1808,1960,0.1145501607898263,0,0,0,0,1,1,1,2
frnew464,0.00984009835541201,fest.lib.id1167,2014,0.14309594420744598,0,0,0,0,0,0,0,0
f7865,0.06439710461599461,fest.lib.id1888,2016,0.9014664491525963,0,0,0,0,1,1,2,2
tffnew1143,0.030485359053804895,fest.lib.id1736,2014,1.0,0,0,0,0,1,1,1,3
frnew902,0.010240986636434062,fest.lib.id1474,2017,0.016663416321392677,0,0,0,0,0,0,0,0
I1401375,0.023706947011442214,fest.lib.id1050,2013,0.10887639162499597,0,0,0,0,1,1,1,2
idfnew1687,0.021346357574558723,fest.lib.id874,2017,0.5062687909078113,0,0,0,0,1,1,1,1
f7841,0.05454900579453901,fest.lib.id1658,2016,0.15002034797660702,0,0,0,0,1,1,1,3
34,0.05768207800750756,fest.lib.id1893,1979,0.016624421352887907,0,0,0,0,1,1,2,2
215,0.022855992899477356,fest.lib.id.na471,2010,0.05809860871885474,0,0,0,0,1,1,1,1
N1600580,0.011219045524521635,fest.lib.id364,2016,0.6039825158473134,0,0,0,0,1,1,1,1
831,0.037200487634877995,fest.lib.id285,2013,0.39801347663094955,0,0,0,0,1,1,1,1
tffnew1164,0.02564001488846766,imdbady00006,2014,0.0014052581718028,0,0,0,0,1,1,1,1
761,0.02265637825491404,fest.lib.id364,2013,0.6039825158473134,0,0,0,0,1,1,2,2
390,0.03859311775708354,fest.lib.id285,2008,0.39801347663094955,0,0,0,0,1,1,2,2
949,0.014372685998604084,fest.lib.id834,2011,0.006371382360185065,0,0,0,0,1,1,1,1
I1505464,0.016294718714492798,fest.lib.id1535,2014,0.08500246471603438,0,0,0,0,1,1,1,1
f8191,0.009940784625779017,fest.lib.id1888,2017,0.9014664491525963,0,0,0,0,1,1,1,1
395,0.015492442737472507,fest.lib.id285,2013,0.39801347663094955,0,0,0,0,1,1,1,1
frnew112,0.04520625469502453,imdbady01684,2011,0.009157710031486842,0,0,0,0,0,1,0,1
662,0.04578890778128006,fest.lib.id874,2013,0.5062687909078113,0,0,0,0,1,1,1,2
idfnew1656,0.027669126828401662,fest.lib.id1118,2017,0.012882490252282741,0,0,0,0,0,1,0,1
9569fnosuv,0.03832588777366154,fest.lib.id1888,1976,0.9014664491525963,0,0,0,0,1,1,2,2
826,0.04584107541446962,fest.lib.id1736,2013,1.0,0,0,0,0,1,1,1,1
f9207,0.024599196292855948,fest.lib.id285,2015,0.39801347663094955,0,0,0,0,1,1,1,1
I1102561,0.013017852162134623,fest.lib.id1411,2011,0.026525914688567735,0,0,0,0,0,0,0,0
I1402533,0.024529850740975877,fest.lib.id.na57,2012,0.00688470427560502,0,0,0,0,1,1,1,1
idfnew33,0.023699826284565316,imdbady01252,2011,0.001966217551443708,0,0,0,0,1,1,1,1
f9385,0.03931231447861759,fest.lib.id1658,2017,0.15002034797660702,0,0,0,0,1,1,2,3
tffnew1721,0.008677164850302548,fest.lib.id1821,2015,0.15848479903885174,0,0,0,0,0,0,0,0
frnew200,0.019550467978667448,fest.lib.id.na421,2010,0.004003808658229306,0,0,0,0,0,0,0,0
f17220,0.07256065433884701,fest.lib.id1888,2014,0.9014664491525963,0,0,0,0,1,1,1,3
f7808,0.013911526763759395,fest.lib.id1888,2016,0.9014664491525963,0,0,0,0,1,1,1,1
tffnew299,0.01189594752214462,fest.lib.id1736,2011,1.0,0,0,0,0,1,1,1,1
226,0.021533255962397524,fest.lib.id874,2013,0.5062687909078113,0,0,0,0,1,1,1,1
I1703766,0.014989872885617076,fest.lib.id832,2016,0.039329702969599804,0,0,0,0,0,0,0,0
474,0.011797907303463154,fest.lib.id1736,2013,1.0,0,0,0,0,1,1,1,1
f8202,0.012722740533854828,fest.lib.id1888,2017,0.9014664491525963,0,0,0,0,1,1,1,1
tffnew1906,0.0646125998390531,fest.lib.id1736,2015,1.0,0,0,0,0,1,1,1,3
tffnew2480,0.011791209552673617,fest.lib.id1736,2017,1.0,0,0,0,0,1,1,1,1
f8129,0.009940784625779017,fest.lib.id1888,2017,0.9014664491525963,0,0,0,0,1,1,1,1
I1604307,0.01968451930141981,fest.lib.id1664,2015,0.15064075420920695,0,0,0,0,1,1,1,1
tffnew1556,0.008635311348262767,fest.lib.id763,2016,0.16911813420957966,0,0,0,0,0,0,0,0
1560,0.014603940908017745,fest.lib.id364,2013,0.6039825158473134,0,0,0,0,1,1,1,1
1366,0.00995575178972834,fest.lib.id874,2013,0.5062687909078113,0,0,0,0,1,1,1,1
idfnew678,0.010252578480415562,fest.lib.id.na244,2014,0.005371724536937493,0,0,0,0,0,0,0,0
tffnew1995,0.05440897981287447,fest.lib.id1732,2015,0.16442851051533133,0,0,0,0,1,1,1,1
tffnew382,0.009139468072616197,fest.lib.id1234,2012,0.048618230462118085,0,0,0,0,0,0,0,0
f9213,0.026686231507942616,fest.lib.id285,2015,0.39801347663094955,0,0,0,0,1,1,1,2
I1503985,0.013651784192988943,fest.lib.id.na266,2014,0.026386693860835003,0,0,0,0,1,1,1,1
tffnew1702,0.01463901820077479,fest.lib.id1736,2015,1.0,0,0,0,0,1,1,1,2
tffnew2333,0.0633293370056918,fest.lib.id1808,2016,0.1145501607898263,0,0,0,0,1,1,1,3
tffnew1408,0.014473393985368331,fest.lib.id1736,2014,1.0,0,0,0,0,1,1,1,1
I1402557,0.014342040480096265,fest.lib.id.na473,2013,0.01305929993913909,0,0,0,0,1,1,1,1
f17271,0.009940784625779017,fest.lib.id1888,2014,0.9014664491525963,0,0,0,0,1,1,1,1
f9320,0.020703816386503898,fest.lib.id285,2016,0.39801347663094955,0,0,0,0,1,1,1,1
f7981,0.014264811899461409,fest.lib.id1888,2016,0.9014664491525963,0,0,0,0,1,1,1,1
tffnew267,0.01187649244430576,fest.lib.id1736,2011,1.0,0,0,0,0,1,1,1,1
f17258,0.05107504091605396,fest.lib.id206,2013,0.01882695794132455,0,0,0,0,1,1,1,1
frnew475,0.047020814578937434,fest.lib.id1808,1999,0.1145501607898263,0,0,0,0,1,1,1,2
f17061,0.07987250002587987,fest.lib.id33,2013,0.048734666620580576,0,0,0,0,1,1,1,3
1418,0.042844670771284524,fest.lib.id1888,2013,0.9014664491525963,0,0,0,0,1,1,1,1
N1401472,0.011219045524521635,fest.lib.id364,2014,0.6039825158473134,0,0,0,0,1,1,1,1
tffnew1348,0.012250106245224475,fest.lib.id1736,2014,1.0,0,0,0,0,1,1,1,1
9352fnosuv,0.0255028393882783,fest.lib.id1888,1966,0.9014664491525963,0,0,0,0,1,1,2,2
1267,0.01801868968625003,fest.lib.id966,2010,0.0058504691803312,0,0,0,0,1,1,1,1
251,0.014530021654847056,fest.lib.id909,2013,0.13015898047987368,0,0,0,0,1,1,1,1
idfnew1638,0.012662760517138077,fest.lib.id874,2017,0.5062687909078113,0,0,0,0,1,1,1,2
idfnew1076,0.01988414230093082,fest.lib.id211,2015,0.002426644994596964,0,0,0,0,1,1,1,1
774,0.06700454240959834,fest.lib.id285,2013,0.39801347663094955,0,0,0,0,1,1,1,2
f17599,0.012414085789609649,fest.lib.id1888,2015,0.9014664491525963,0,0,0,0,1,1,1,1
f7799,0.03776419078288941,fest.lib.id1888,2016,0.9014664491525963,0,0,0,0,1,1,1,2
N1600589,0.011219045524521635,fest.lib.id364,2016,0.6039825158473134,0,0,0,0,1,1,1,1
frnew1093,0.013044910818465393,fest.lib.id6352,2016,0.00850150382254969,0,0,0,0,0,0,0,0
I1202420,0.02784451091550352,fest.lib.id.na47,2011,0.014149528567519845,0,0,0,0,0,0,0,0
N1100719,0.03133443086601622,fest.lib.id285,2010,0.39801347663094955,0,0,0,0,1,1,1,1
frnew60,0.010470746031531416,fest.lib.id665,2011,0.318359506181511,0,0,0,0,0,1,0,1
idfnew632,0.029976686289589376,fest.lib.id.na47,2009,0.014149528567519845,0,0,0,0,1,1,1,1
idfnew142,0.012731707995272476,fest.lib.id1180,2011,0.022425458764178004,0,0,0,0,0,0,0,0
tffnew1693,0.01938819780058269,fest.lib.id7558,2015,0.0157275711732934,0,0,0,0,1,1,1,1
1183,0.024967453326689624,fest.lib.id1736,2013,1.0,0,0,0,0,1,1,1,3
f17004,0.04260464502386228,fest.lib.id1888,2012,0.9014664491525963,0,0,0,0,1,1,1,2
tffnew408,0.034188780543283746,fest.lib.id1050,2012,0.10887639162499597,0,0,0,0,0,1,0,1
1082,0.04389894580834569,fest.lib.id1736,2013,1.0,0,0,0,0,1,1,1,1
idfnew470,0.04469931541251006,fest.lib.id874,2012,0.5062687909078113,0,0,0,0,1,1,1,1
frnew868,0.0542748931649952,fest.lib.id1557,2015,0.19355067805909,0,0,0,0,0,1,0,2
f9122,0.01986080602692158,fest.lib.id285,2012,0.39801347663094955,0,0,0,0,1,1,1,1
frnew1068,0.02243050995585352,fest.lib.id1520,2017,0.025009002178851433,0,0,0,0,0,0,0,0
9081fnosuv,0.013136138175283734,fest.lib.id1888,2011,0.9014664491525963,0,0,0,0,1,1,2,2
I1101110,0.011738833852256152,fest.lib.id1732,2011,0.16442851051533133,0,0,0,0,0,0,0,0
tffnew1362,0.009336977626214061,fest.lib.id1736,2014,1.0,0,0,0,0,1,1,1,1
idfnew830,0.02246704217007574,fest.lib.id1858,2014,0.02539036026064619,0,0,0,0,1,1,1,2
tffnew1998,0.04054152978921312,fest.lib.id1736,2016,1.0,0,0,0,0,1,1,1,4
tffnew2004,0.009336977626214061,fest.lib.id1736,2016,1.0,0,0,0,0,1,1,1,1
1488,0.011219045524521635,fest.lib.id364,2013,0.6039825158473134,0,0,0,0,1,1,1,1
I1602030,0.015214015543297517,fest.lib.id364,2016,0.6039825158473134,0,0,0,0,1,1,1,1
idfnew844,0.024325852113504763,fest.lib.id1867,1995,0.01669590221864366,0,0,0,0,0,0,0,0
1318,0.015534499524644991,fest.lib.id1736,2013,1.0,0,0,0,0,1,1,1,1
f17660,0.09381826513751824,fest.lib.id1658,2015,0.15002034797660702,0,0,0,0,1,1,2,4
f17109,0.02283260385736002,fest.lib.id1888,2014,0.9014664491525963,0,0,0,0,1,1,1,2
1603,0.014834511245032083,fest.lib.id930,1992,0.028112612225342132,0,0,0,0,1,1,1,1
frnew19,0.019645292892996487,fest.lib.id665,2011,0.318359506181511,0,0,0,0,0,1,0,1
f7720,0.039157329919656966,fest.lib.id1888,2016,0.9014664491525963,0,0,0,0,1,1,1,1
tffnew494,0.1307217111536793,fest.lib.id1535,2011,0.08500246471603438,0,0,0,0,1,1,2,2
tffnew2268,0.01486408458914101,fest.lib.id1697,2016,0.05210166239461778,0,0,0,0,1,1,1,1
tffnew1384,0.02187450864353562,fest.lib.id1736,2014,1.0,0,0,0,0,1,1,1,3
frnew55,0.014145288208992222,fest.lib.id665,2011,0.318359506181511,0,0,0,0,0,1,0,1
268,0.05743550775740722,fest.lib.id.na416,2012,0.0041785141258399855,0,0,0,0,1,1,1,1
frnew609,0.014207994647206098,fest.lib.id665,2014,0.318359506181511,0,0,0,0,0,1,0,1
1352,0.03367767602636918,fest.lib.id1736,2013,1.0,0,0,0,0,1,1,1,1
tffnew1265,0.02758070932356344,fest.lib.id1736,2014,1.0,0,0,0,0,1,1,1,1
N1400053,0.011219045524521635,fest.lib.id364,2014,0.6039825158473134,0,0,0,0,1,1,1,1
f16491,0.009342835190498234,fest.lib.id.na292,2011,0.07612469051374422,0,0,0,0,0,0,0,0
idfnew1335,0.029853911291612585,fest.lib.id1582,2016,0.04430384424256456,0,0,0,0,1,1,1,1
1644,0.014869737418549593,fest.lib.id364,2013,0.6039825158473134,0,0,0,0,1,1,1,1
tffnew1579,0.04561496118867801,fest.lib.id1736,2015,1.0,0,0,0,0,1,1,1,2
I1502607,0.01393384479820859,fest.lib.id174,2014,0.12232867487620556,0,0,0,0,1,1,1,1
tffnew2612,0.011830954448365124,fest.lib.id1736,2017,1.0,0,0,0,0,1,1,1,1
tffnew129,0.043492018057391876,fest.lib.id1697,2011,0.05210166239461778,0,0,0,0,1,1,1,2
f9067,0.03214424473707889,fest.lib.id285,2012,0.39801347663094955,0,0,0,0,1,1,2,3
frnew750,0.09389575503006377,fest.lib.id1072,2014,0.009191995293624466,0,0,0,0,0,1,0,1
tffnew2063,0.017938493824670616,fest.lib.id336,2016,0.02015536754326901,0,0,0,0,1,1,1,1
idfnew1873,0.015899288290492176,fest.lib.id874,2017,0.5062687909078113,0,0,0,0,1,1,1,1
tffnew1558,0.033485437783407415,fest.lib.id1736,2015,1.0,0,0,0,0,1,1,1,3
1547,0.011219045524521635,fest.lib.id364,2013,0.6039825158473134,0,0,0,0,1,1,1,1
306,0.009940784625779017,fest.lib.id1888,2013,0.9014664491525963,0,0,0,0,1,1,1,1
9046fnosuv,0.009298203289242048,fest.lib.id285,2011,0.39801347663094955,0,0,0,0,1,1,1,1
f7975,0.010069497199440837,fest.lib.id.na120,2015,0.04508871310438658,0,0,0,0,0,0,0,0
idfnew631,0.008822212633574487,fest.lib.id1658,1993,0.15002034797660702,0,0,0,0,0,0,0,0
tffnew1269,0.011072232296505538,fest.lib.id1494,2014,0.14895479943977585,0,0,0,0,0,0,0,0
tffnew2198,0.020970922594127812,fest.lib.id.na287,2016,0.00965467937605731,0,0,0,0,1,1,1,1
frnew232,0.00984009835541201,fest.lib.id1167,2011,0.14309594420744598,0,0,0,0,0,0,0,0
idfnew139,0.027613876547271484,fest.lib.id.na57,2004,0.00688470427560502,0,0,0,0,0,0,0,0
f8367,0.030948826565176495,fest.lib.id1888,2017,0.9014664491525963,0,0,0,0,1,1,1,1
f16566,0.038409118043473064,fest.lib.id1658,2011,0.15002034797660702,0,0,0,0,0,0,0,0
f8082,0.057605018450465166,fest.lib.id1888,2017,0.9014664491525963,0,0,0,0,1,1,2,2
tffnew548,0.022359188344335534,fest.lib.id1736,2012,1.0,0,0,0,0,1,1,2,2
f17581,0.04232973115879785,fest.lib.id1736,2014,1.0,0,0,0,0,1,1,1,2
69,0.03319180970262768,fest.lib.id117,2012,0.039048634073661166,0,0,0,0,1,1,1,1
f9068,0.024520778761667018,fest.lib.id285,2012,0.39801347663094955,0,0,0,0,1,1,1,1
947,0.03560525318266193,fest.lib.id874,2013,0.5062687909078113,0,0,0,0,1,1,1,2
122,0.03659057825514937,fest.lib.id1736,2013,1.0,0,0,0,0,1,1,1,2
frnew26,0.023344784131650108,id289,2011,0.032710941086123504,0,0,0,0,0,1,0,1
I1501897,0.03456692041245742,fest.lib.id1658,2014,0.15002034797660702,0,0,0,0,1,1,1,1
9447fnosuv,0.012617454037550916,fest.lib.id285,2016,0.39801347663094955,0,0,0,0,1,1,1,1
f17596,0.031098396494740412,fest.lib.id1888,2015,0.9014664491525963,0,0,0,0,1,1,1,3
tffnew415,0.02833111942861701,fest.lib.id1736,2012,1.0,0,0,0,0,1,1,2,2
tffnew62,0.009336977626214061,fest.lib.id1736,2011,1.0,0,0,0,0,1,1,1,1
f9054,0.03914989922817113,fest.lib.id.na136,2010,0.002655545972106019,0,0,0,0,1,1,1,1
1109,0.01920229637575304,fest.lib.id1888,2013,0.9014664491525963,0,0,0,0,1,1,1,1
1217,0.04724266582527068,fest.lib.id1808,2013,0.1145501607898263,0,0,0,0,1,1,1,1
f17237,0.02510257770797366,fest.lib.id217,2013,0.13475573540038221,0,0,0,0,0,1,0,1
441,0.01368707482262629,fest.lib.id1141,2012,0.006471116848396129,0,0,0,0,1,1,1,1
f17024,0.018680066273253415,fest.lib.id1888,2012,0.9014664491525963,0,0,0,0,1,1,1,1
tffnew1363,0.05656512788075794,fest.lib.id1808,2014,0.1145501607898263,0,0,0,0,1,1,1,2
f17702,0.015163172542973908,fest.lib.id1888,2015,0.9014664491525963,0,0,0,0,1,1,1,1
f8070,0.026461305400430166,fest.lib.id1888,2017,0.9014664491525963,0,0,0,0,1,1,1,1
I1704948,0.025212274226178045,fest.lib.id1292,2016,0.004710768670663078,0,0,0,0,0,0,0,0
frnew444,0.03182500484711612,fest.lib.id864,2011,0.005140545675196599,0,0,0,0,0,1,0,1
frnew584,0.026627425724495425,fest.lib.id1167,2013,0.14309594420744598,0,0,0,0,0,1,0,1
idfnew1426,0.00995575178972834,fest.lib.id874,2016,0.5062687909078113,0,0,0,0,1,1,1,1
889,0.01713353666545781,fest.lib.id1888,2013,0.9014664491525963,0,0,0,0,1,1,1,1
tffnew2186,0.019255160468032006,fest.lib.id1808,2016,0.1145501607898263,0,0,0,0,1,1,1,3
f9351,0.0857463949244198,fest.lib.id285,2017,0.39801347663094955,0,0,0,0,1,1,1,1
f17417,0.009940784625779017,fest.lib.id1888,2015,0.9014664491525963,0,0,0,0,1,1,1,1
f16846,0.012599817795725103,fest.lib.id1888,2012,0.9014664491525963,0,0,0,0,1,1,1,1
tffnew1175,0.009336977626214061,fest.lib.id1736,2014,1.0,0,0,0,0,1,1,1,1
idfnew1776,0.03110776023044202,fest.lib.id1529,2017,0.11108067190434959,0,0,0,0,1,1,1,1
f9189,0.09304747397742168,fest.lib.id285,2015,0.39801347663094955,0,0,0,0,1,1,2,3
tffnew2156,0.07557404728367952,fest.lib.id285,2016,0.39801347663094955,0,0,0,0,1,1,2,4
frnew860,0.010052563122754302,fest.lib.id1510,2017,0.03750500301014553,0,0,0,0,0,0,0,0
frnew133,0.025613473281320465,fest.lib.id665,2011,0.318359506181511,0,0,0,0,0,1,0,1
f17455,0.02705144078551452,fest.lib.id1888,2015,0.9014664491525963,0,0,0,0,1,1,1,1
f9375,0.017898265672745876,fest.lib.id997,2017,0.06166273990342565,0,0,0,0,0,0,0,0
773,0.010470746031531416,fest.lib.id665,2013,0.318359506181511,0,0,0,0,0,1,0,1
I1701999,0.011267338385875474,fest.lib.id1664,2016,0.15064075420920695,0,0,0,0,0,0,0,0
178,0.028220462487210097,fest.lib.id1736,2012,1.0,0,0,0,0,1,1,2,2
idfnew767,0.024789848195513532,fest.lib.id1535,1973,0.08500246471603438,0,0,0,0,1,1,1,1
tffnew2024,0.04605480788128999,fest.lib.id1736,2016,1.0,0,0,0,0,1,1,1,2
tffnew483,0.03233551351070064,fest.lib.id1697,2012,0.05210166239461778,0,0,0,0,1,1,1,1
N1100433,0.014891577842936116,fest.lib.id490,2010,0.01162454417668349,0,0,0,0,0,0,0,0
f7971,0.07231906566097926,fest.lib.id1888,2016,0.9014664491525963,0,0,0,0,1,1,2,4
f8127,0.012367914837359356,fest.lib.id1888,2017,0.9014664491525963,0,0,0,0,1,1,1,1
f8184,0.034006152729861294,imdbady01415,2004,0.0018718351275947272,0,0,0,0,0,0,0,0
f17610,0.014031413987474468,fest.lib.id1888,2015,0.9014664491525963,0,0,0,0,1,1,1,1
tffnew1274,0.009336977626214061,fest.lib.id1736,2014,1.0,0,0,0,0,1,1,1,1
tffnew1792,0.06334086457837017,fest.lib.id1050,2015,0.10887639162499597,0,0,0,0,1,1,1,2
1431,0.012541580387033175,fest.lib.id1888,1983,0.9014664491525963,0,0,0,0,1,1,1,1
1111,0.02371823453185069,fest.lib.id1888,2008,0.9014664491525963,0,0,0,0,1,1,1,1
tffnew2370,0.06267812127710642,fest.lib.id1697,2017,0.05210166239461778,0,0,0,0,1,1,1,3
f16558,0.019950213563700858,id289,2011,0.032710941086123504,0,0,0,0,0,1,0,1
tffnew1245,0.014388204338040786,fest.lib.id1736,2014,1.0,0,0,0,0,1,1,1,2
N1600752,0.011219045524521635,fest.lib.id364,2016,0.6039825158473134,0,0,0,0,1,1,1,1
9347fnosuv,0.05167651737685701,fest.lib.id285,1972,0.39801347663094955,0,0,0,0,1,1,1,2
tffnew35,0.009336977626214061,fest.lib.id1736,2011,1.0,0,0,0,0,1,1,1,1
248,0.024040338244708727,fest.lib.id1736,2012,1.0,0,0,0,0,1,1,2,3
f16791,0.014946979442892985,fest.lib.id1888,2012,0.9014664491525963,0,0,0,0,1,1,1,1
frnew1126,0.09799413148034652,id401,2017,0.07211320128732311,0,0,0,0,0,1,0,1
I1202711,0.00915709909838239,fest.lib.id7533,2011,0.021585276270757407,0,0,0,0,0,0,0,0
963,0.01683003944076563,fest.lib.id874,2013,0.5062687909078113,0,0,0,0,1,1,1,1
idfnew120,0.023259302906690458,fest.lib.id1494,2010,0.14895479943977585,0,0,0,0,1,1,1,1
N1601289,0.015577336211046884,fest.lib.id364,2016,0.6039825158473134,0,0,0,0,1,1,1,1
f16788,0.026330473820726744,fest.lib.id1736,2011,1.0,0,0,0,0,1,1,2,3
933,0.01251642976160877,fest.lib.id1888,2013,0.9014664491525963,0,0,0,0,1,1,1,2
tffnew2524,0.014478907111481356,fest.lib.id1736,2017,1.0,0,0,0,0,1,1,1,1
tffnew2287,0.009336977626214061,fest.lib.id1736,2016,1.0,0,0,0,0,1,1,1,1
f8264,0.046069899074326695,fest.lib.id1669,2016,0.10444058310552894,0,0,0,0,0,0,0,0
I1503319,0.013609636397128677,fest.lib.id389,2014,0.10581747073825994,0,0,0,0,1,1,1,1
f17040,0.012359630926997362,fest.lib.id1888,2012,0.9014664491525963,0,0,0,0,1,1,1,1
I1702208,0.010400545466310763,fest.lib.id95,2016,0.004325763289806156,0,0,0,0,0,0,0,0
idfnew225,0.011505535464087743,fest.lib.id316,2013,0.006204803889196334,0,0,0,0,0,0,0,0
830,0.030062740417561174,fest.lib.id1084,2013,0.004775053770958409,0,0,0,0,0,1,0,1
idfnew700,0.008677164850302548,fest.lib.id1821,2013,0.15848479903885174,0,0,0,0,0,0,0,0
479,0.02023761616976023,fest.lib.id1736,2013,1.0,0,0,0,0,1,1,1,1
I1203760,0.023677830855657486,fest.lib.id.na220,2012,0.0356960683429116,0,0,0,0,0,0,0,0
I1600060,0.06774055696509608,imdbady00013,2015,0.0015203925047308406,0,0,0,0,1,1,1,2
frnew1045,0.021763988576927094,fest.lib.id1424,2016,0.0023559209017528383,0,0,0,0,0,0,0,0
f8205,0.03935709270505617,id401,2016,0.07211320128732311,0,0,0,0,1,1,1,1
tffnew1748,0.014326644705862528,fest.lib.id1736,2015,1.0,0,0,0,0,1,1,1,1
716,0.009336977626214061,fest.lib.id1736,2013,1.0,0,0,0,0,1,1,1,1
f17588,0.02295570548379691,fest.lib.id1888,2015,0.9014664491525963,0,0,0,0,1,1,1,2
63,0.13533651532711993,fest.lib.id1888,2013,0.9014664491525963,0,0,0,0,1,1,3,4
f17619,0.015393097727034042,fest.lib.id1258,2015,0.1587868864408964,0,0,0,0,0,0,0,0
idfnew1572,0.027079215880383485,fest.lib.id1808,2011,0.1145501607898263,0,0,0,0,0,0,0,0
tffnew1519,0.04031879564767915,fest.lib.id1736,2014,1.0,0,0,0,0,1,1,1,1
tffnew1833,0.04268533890639389,fest.lib.id1736,2015,1.0,0,0,0,0,1,1,1,2
784,0.08378768448414756,fest.lib.id1808,2013,0.1145501607898263,0,0,0,0,1,1,1,2
tffnew2149,0.07076154014463938,fest.lib.id1697,2016,0.05210166239461778,0,0,0,0,1,1,1,3
1053,0.05127895774720428,fest.lib.id1050,2013,0.10887639162499597,0,0,0,0,1,1,1,3
tffnew2048,0.03995942115010602,fest.lib.id909,2016,0.13015898047987368,0,0,0,0,1,1,1,1
tffnew2459,0.045619940793474076,fest.lib.id1697,2017,0.05210166239461778,0,0,0,0,1,1,1,1
tffnew1108,0.010476889768449649,fest.lib.id1972,2014,0.013834076062327318,0,0,0,0,0,0,0,0
N1600497,0.022636030470529433,fest.lib.id909,2016,0.13015898047987368,0,0,0,0,1,1,1,1
tffnew127,0.021112583017844494,fest.lib.id1808,2011,0.1145501607898263,0,0,0,0,1,1,1,2
tffnew2579,0.03550112113207545,fest.lib.id1808,2017,0.1145501607898263,0,0,0,0,1,1,1,1
932,0.013911584504238437,fest.lib.id1565,2011,0.03422279893718779,0,0,0,0,1,1,1,1
f8208,0.019795588318568345,fest.lib.id.na240,2017,0.06203455950095228,0,0,0,0,0,1,0,1
f17641,0.13994688211833162,fest.lib.id1736,2014,1.0,0,0,0,0,1,1,2,3
idfnew243,0.03369286894121846,fest.lib.id1658,2011,0.15002034797660702,0,0,0,0,0,0,0,0
tffnew1484,0.03247862415749751,fest.lib.id1736,2014,1.0,0,0,0,0,1,1,1,1
763,0.041813830791394106,fest.lib.id874,2013,0.5062687909078113,0,0,0,0,1,1,1,1
tffnew2280,0.03188829253647059,fest.lib.id.na336,2016,0.09896749631298603,0,0,0,0,1,1,1,2
261,0.059025323462167704,fest.lib.id1888,2013,0.9014664491525963,0,0,0,0,1,1,1,2
tffnew1821,0.018290906441123838,fest.lib.id1736,2015,1.0,0,0,0,0,1,1,1,1
f16689,0.06548437046196413,fest.lib.id1888,2011,0.9014664491525963,0,0,0,0,1,1,1,2
N1701294,0.017006006433054856,fest.lib.id490,2016,0.01162454417668349,0,0,0,0,0,0,0,0
690,0.009940784625779017,fest.lib.id1888,2001,0.9014664491525963,0,0,0,0,1,1,1,1
tffnew1788,0.015872984963686075,fest.lib.id285,2015,0.39801347663094955,0,0,0,0,1,1,1,1
665,0.014035658662589448,fest.lib.id1736,2013,1.0,0,0,0,0,1,1,1,1
123,0.3847044740245604,fest.lib.id1342,2012,0.06876843098609271,0,0,0,0,0,1,0,1
9520fnosuv,0.011995136763984659,fest.lib.id285,2017,0.39801347663094955,0,0,0,0,1,1,1,1
N1601145,0.011219045524521635,fest.lib.id364,2016,0.6039825158473134,0,0,0,0,1,1,1,1
idfnew1651,0.011188267532736478,fest.lib.id1808,2017,0.1145501607898263,0,0,0,0,0,0,0,0
tffnew1197,0.06684763623887065,fest.lib.id1736,2014,1.0,0,0,0,0,1,1,1,3
idfnew180,0.008567571410253645,fest.lib.id.na215,2011,0.07270284889751268,0,0,0,0,0,0,0,0
tffnew2386,0.014315038645318199,fest.lib.id1736,2017,1.0,0,0,0,0,1,1,1,1
N1601652,0.011219045524521635,fest.lib.id364,2016,0.6039825158473134,0,0,0,0,1,1,1,1
tffnew1817,0.011911229506044847,fest.lib.id1736,2015,1.0,0,0,0,0,1,1,1,1
f9096,0.02736805505649006,fest.lib.id285,2012,0.39801347663094955,0,0,0,0,1,1,1,1
852,0.017195144291328172,fest.lib.id1736,2013,1.0,0,0,0,0,1,1,1,1
N1500202,0.02421182254622858,fest.lib.id1118,2014,0.012882490252282741,0,0,0,0,1,1,1,1
f16930,0.009940784625779017,fest.lib.id1888,2012,0.9014664491525963,0,0,0,0,1,1,1,1
I1401411,0.02589764410838967,fest.lib.id1888,2013,0.9014664491525963,0,0,0,0,1,1,1,1
N1700533,0.02134572619674768,fest.lib.id.na160,2016,0.02073420537207051,0,0,0,0,1,1,1,1
795,0.01724433872367208,fest.lib.id874,2013,0.5062687909078113,0,0,0,0,1,1,1,1
f9053,0.009298203289242048,fest.lib.id285,2011,0.39801347663094955,0,0,0,0,1,1,1,1
idfnew640,0.011628947917361892,fest.lib.id381,2014,0.02475785535988938,0,0,0,0,0,0,0,0
idfnew283,0.02694696021107598,fest.lib.id1050,2011,0.10887639162499597,0,0,0,0,0,1,0,1
9440fnosuv,0.011882542215276808,fest.lib.id1182,2015,0.029129658789427314,0,0,0,0,1,1,1,1
idfnew1630,0.023293278193106212,fest.lib.id874,2017,0.5062687909078113,0,0,0,0,1,1,1,1
f7732,0.05334046504674798,id627,2016,0.06218359890861916,0,0,0,0,1,1,1,2
idfnew1681,0.00995575178972834,fest.lib.id874,2017,0.5062687909078113,0,0,0,0,1,1,1,1
f16704,0.009940784625779017,fest.lib.id1888,2011,0.9014664491525963,0,0,0,0,1,1,1,1
f16703,0.052111129960843855,fest.lib.id1736,2010,1.0,0,0,0,0,1,1,1,1
tffnew235,0.017183068440229873,fest.lib.id1808,2011,0.1145501607898263,0,0,0,0,1,1,1,2
tffnew1786,0.02546548636726312,fest.lib.id1808,2015,0.1145501607898263,0,0,0,0,1,1,1,1
1194,0.010470746031531416,fest.lib.id665,2013,0.318359506181511,0,0,0,0,0,1,0,1
N1500400,0.02245350773924262,fest.lib.id61,2014,0.0169622751681525,0,0,0,0,1,1,1,1
idfnew279,0.008981145410029033,fest.lib.id1768,2018,0.07352724707497833,0,0,0,0,0,0,0,0
568,0.07065146884507244,fest.lib.id1888,2013,0.9014664491525963,0,0,0,0,1,1,1,2
1430,0.012446806696584373,fest.lib.id1888,2013,0.9014664491525963,0,0,0,0,1,1,1,1
idfnew425,0.009718315460247779,fest.lib.id930,2013,0.028112612225342132,0,0,0,0,0,0,0,0
f16472,0.013213175031478919,fest.lib.id1888,2011,0.9014664491525963,0,0,0,0,1,1,1,1
821,0.05371015704164049,fest.lib.id1658,2011,0.15002034797660702,0,0,0,0,1,1,1,3
f16434,0.036199041031238985,fest.lib.id.survey.na312,2010,0.03609695369611469,0,0,0,0,1,1,1,1
f7777,0.03347233514089672,fest.lib.id1888,2016,0.9014664491525963,0,0,0,0,1,1,1,2
tffnew363,0.038910383275916505,fest.lib.id1736,2012,1.0,0,0,0,0,1,1,1,2
tffnew2686,0.029278146927258514,fest.lib.id1736,2017,1.0,0,0,0,0,1,1,1,2
I1406367,0.013790101595809724,fest.lib.id364,2014,0.6039825158473134,0,0,0,0,1,1,1,1
tffnew145,0.05421580928564622,id401,2011,0.07211320128732311,0,0,0,0,1,1,1,2
598,0.009336977626214061,fest.lib.id1736,2013,1.0,0,0,0,0,1,1,1,1
747,0.0157182008100875,fest.lib.id1736,2013,1.0,0,0,0,0,1,1,2,2
idfnew308,0.09410612492267643,fest.lib.id217,2011,0.13475573540038221,0,0,0,0,1,1,1,1
f17397,0.03448955159970035,imdbady01545,2014,0.0011888387290064665,0,0,0,0,1,1,1,1
tffnew2690,0.024909165558064817,fest.lib.id1736,2017,1.0,0,0,0,0,1,1,1,1
idfnew1738,0.0523214862309509,fest.lib.id874,2017,0.5062687909078113,0,0,0,0,1,1,1,1
824,0.012484072923610768,fest.lib.id1296,2012,0.12314726966479073,0,0,0,0,1,1,1,1
idfnew1162,0.03886170258824258,fest.lib.id1050,1998,0.10887639162499597,0,0,0,0,1,1,1,1
tffnew2519,0.09053310711224939,fest.lib.id1736,2017,1.0,0,0,0,0,1,1,1,1
tffnew1123,0.05737249257376236,fest.lib.id1736,2014,1.0,0,0,0,0,1,1,1,4
f17464,0.0855158048935644,fest.lib.id1888,2015,0.9014664491525963,0,0,0,0,1,1,2,4
f9136,0.1326592815174746,fest.lib.id285,2014,0.39801347663094955,0,0,0,0,1,1,2,4
tffnew2475,0.02997470353095776,fest.lib.id284,2017,0.0022078298251507586,0,0,0,0,1,1,1,1
646,0.0633493458340381,fest.lib.id33,2013,0.048734666620580576,0,0,0,0,1,1,1,2
100,0.01281853657680793,fest.lib.id1748,2012,0.014952276399207232,0,0,0,0,1,1,1,1
frnew958,0.02223313848870593,fest.lib.id665,2016,0.318359506181511,0,0,0,0,0,1,0,1
f9228,0.05721170553018193,fest.lib.id285,2015,0.39801347663094955,0,0,0,0,1,1,2,2
I1602797,0.018419623911194234,fest.lib.id725,2015,0.011064722323923625,0,0,0,0,0,0,0,0
f8009,0.015316648764461328,fest.lib.id1888,2016,0.9014664491525963,0,0,0,0,1,1,1,1
idfnew1883,0.0241864355758596,fest.lib.id2892,2017,0.02026457221513718,0,0,0,0,1,1,1,1
943,0.05719418200351141,fest.lib.id1808,2013,0.1145501607898263,0,0,0,0,1,1,1,3
tffnew291,0.04737493118130073,fest.lib.id1697,2011,0.05210166239461778,0,0,0,0,1,1,1,1
I1202445,0.012120524739411097,fest.lib.id.na220,2012,0.0356960683429116,0,0,0,0,0,0,0,0
idfnew193,0.009166812064029492,fest.lib.id83,2012,0.017234630619636697,0,0,0,0,0,0,0,0
tffnew1886,0.034296854827637925,fest.lib.id285,1966,0.39801347663094955,0,0,0,0,1,1,2,2
I1705188,0.03668462977972824,fest.lib.id1915,2017,0.006266045667585446,0,0,0,0,1,1,1,1
f8049,0.009940784625779017,fest.lib.id1888,2017,0.9014664491525963,0,0,0,0,1,1,1,1
1191,0.009298203289242048,fest.lib.id285,2013,0.39801347663094955,0,0,0,0,1,1,1,1
f16996,0.009940784625779017,fest.lib.id1888,2012,0.9014664491525963,0,0,0,0,1,1,1,1
frnew267,0.027109859166330283,imdbady01365,2012,0.0016760054385460623,0,0,0,0,0,1,0,1
222,0.009940784625779017,fest.lib.id1888,2013,0.9014664491525963,0,0,0,0,1,1,1,1
idfnew1684,0.01191292607657185,fest.lib.id.na50,2007,0.08438403960319157,0,0,0,0,0,0,0,0
f16822,0.03764010168468617,fest.lib.id1888,2012,0.9014664491525963,0,0,0,0,1,1,1,2
f17304,0.04827780170502324,fest.lib.id1888,2014,0.9014664491525963,0,0,0,0,1,1,2,2
I1503307,0.013881728675087376,fest.lib.id1611,2014,0.03077133127229219,0,0,0,0,1,1,1,1
tffnew287,0.02434758565329874,fest.lib.id1736,2011,1.0,0,0,0,0,1,1,1,1
tffnew309,0.008677101619568117,fest.lib.id33,2011,0.048734666620580576,0,0,0,0,0,0,0,0
N1200834,0.011219045524521635,fest.lib.id364,2012,0.6039825158473134,0,0,0,0,1,1,1,1
f16952,0.0222226090804895,fest.lib.id1888,2012,0.9014664491525963,0,0,0,0,1,1,1,1
idfnew1501,0.025606925024775986,fest.lib.id874,2016,0.5062687909078113,0,0,0,0,1,1,1,1
522,0.03288482322039029,fest.lib.id649,2005,0.013319990907987458,0,0,0,0,1,1,1,1
I1203148,0.011219045524521635,fest.lib.id364,2012,0.6039825158473134,0,0,0,0,1,1,1,1
tffnew151,0.014378382854463408,fest.lib.id.na.ch163,2011,0.02124090626912694,0,0,0,0,0,0,0,0
I1105368,0.041365466227872204,fest.lib.id364,2011,0.6039825158473134,0,0,0,0,1,1,2,3
tffnew2404,0.015229264650461389,fest.lib.id285,2017,0.39801347663094955,0,0,0,0,1,1,2,2
1384,0.015350998185333368,fest.lib.id763,2005,0.16911813420957966,0,0,0,0,1,1,1,1
f16979,0.015206259938906185,fest.lib.id1888,2012,0.9014664491525963,0,0,0,0,1,1,1,1
I1604923,0.011219045524521635,fest.lib.id364,2016,0.6039825158473134,0,0,0,0,1,1,1,1
9215fnosuv,0.0374606700904078,fest.lib.id285,2014,0.39801347663094955,0,0,0,0,1,1,1,3
f8115,0.025991622501593425,fest.lib.id1888,2017,0.9014664491525963,0,0,0,0,1,1,1,1
f8165,0.02109602535756036,fest.lib.id1888,2017,0.9014664491525963,0,0,0,0,1,1,1,2
frnew762,0.12576965131958456,fest.lib.id1582,2014,0.04430384424256456,0,0,0,0,0,1,0,1
f9173,0.02358057735153784,fest.lib.id285,2014,0.39801347663094955,0,0,0,0,1,1,1,1
idfnew1328,0.01922490058517836,fest.lib.id1888,2002,0.9014664491525963,0,0,0,0,1,1,2,2
tffnew1342,0.009068749212259723,fest.lib.id510,2015,0.032092881033137406,0,0,0,0,0,0,0,0
f7792,0.02635106878782994,fest.lib.id1888,2016,0.9014664491525963,0,0,0,0,1,1,1,1
idfnew1104,0.011946874726961883,fest.lib.id1258,2016,0.1587868864408964,0,0,0,0,0,0,0,0
idfnew1029,0.03660584467228767,fest.lib.id285,2015,0.39801347663094955,0,0,0,0,1,1,2,4
tffnew2069,0.04241997855495119,fest.lib.id1808,2016,0.1145501607898263,0,0,0,0,1,1,1,3
f16661,0.032342427752319276,fest.lib.id1888,2011,0.9014664491525963,0,0,0,0,1,1,1,2
580,0.027082596671257102,fest.lib.id1736,2013,1.0,0,0,0,0,1,1,2,2
f16738,0.009940784625779017,fest.lib.id1888,2011,0.9014664491525963,0,0,0,0,1,1,1,1
tffnew2016,0.03599181834588877,fest.lib.id1736,2016,1.0,0,0,0,0,1,1,1,1
310,0.016917503084853344,fest.lib.id1296,1975,0.12314726966479073,0,0,0,0,1,1,1,1
959,0.00995575178972834,fest.lib.id874,2013,0.5062687909078113,0,0,0,0,1,1,1,1
f16792,0.012647793353188753,fest.lib.id731,2011,0.3424863555939673,0,0,0,0,1,1,1,2
f16834,0.013868494863905697,fest.lib.id1888,2012,0.9014664491525963,0,0,0,0,1,1,1,1
frnew770,0.010149656145788041,fest.lib.id1559,2015,0.01396952645427298,0,0,0,0,0,0,0,0
idfnew75,0.00995575178972834,fest.lib.id874,2011,0.5062687909078113,0,0,0,0,1,1,1,1
idfnew1362,0.09723845188808775,fest.lib.id1768,2016,0.07352724707497833,0,0,0,0,1,1,1,2
I1603059,0.056166578421314776,fest.lib.id364,2016,0.6039825158473134,0,0,0,0,1,1,1,2
f8230,0.024804510153425774,fest.lib.id1658,2017,0.15002034797660702,0,0,0,0,1,1,1,2
idfnew94,0.013808653839719354,fest.lib.id874,1995,0.5062687909078113,0,0,0,0,1,1,1,1
tffnew2128,0.060322562087682004,fest.lib.id1736,2016,1.0,0,0,0,0,1,1,1,3
tffnew1928,0.024308430535655123,fest.lib.id1664,2015,0.15064075420920695,0,0,0,0,1,1,1,2
tffnew1684,0.017534801547498716,fest.lib.id1050,2015,0.10887639162499597,0,0,0,0,1,1,1,1
frnew188,0.018988235870399446,imdbady00485,2010,0.00206969781624263,0,0,0,0,0,0,0,0
N1400249,0.024607288042171556,fest.lib.id1013,2013,0.03395517165584926,0,0,0,0,1,1,1,1
1170,0.025778681879190624,fest.lib.id1888,1965,0.9014664491525963,0,0,0,0,1,1,2,2
f8307,0.009940784625779017,fest.lib.id1888,2017,0.9014664491525963,0,0,0,0,1,1,1,1
f9402,0.041036358784955644,fest.lib.id1296,1992,0.12314726966479073,0,0,0,0,1,1,2,2
tffnew2427,0.04908040170354797,fest.lib.id1808,2017,0.1145501607898263,0,0,0,0,1,1,2,4
1639,0.015011753960546973,fest.lib.id6558,2012,0.022927788110100236,0,0,0,0,1,1,1,1
tffnew508,0.033720031972891015,fest.lib.id1736,2012,1.0,0,0,0,0,1,1,1,2
tffnew2120,0.06236708857597262,fest.lib.id1808,2016,0.1145501607898263,0,0,0,0,1,1,1,2
f17468,0.014703942936636348,fest.lib.id1888,2015,0.9014664491525963,0,0,0,0,1,1,1,1
318,0.012460257229509346,fest.lib.id217,2008,0.13475573540038221,0,0,0,0,1,1,1,1
idfnew444,0.01267337906469636,fest.lib.id874,2012,0.5062687909078113,0,0,0,0,1,1,1,1
982,0.014771189146279888,fest.lib.id665,2013,0.318359506181511,0,0,0,0,0,1,0,1
1544,0.025315617622414657,fest.lib.id489,2012,0.007752950533746969,0,0,0,0,1,1,1,2
I1203161,0.00984460022084339,fest.lib.id1853,2012,0.012387996649593459,0,0,0,0,0,0,0,0
frnew242,0.011054294901850722,imdbady01439,2012,0.005689985201644216,0,0,0,0,0,0,0,0
tffnew2482,0.06264113271147037,fest.lib.id1697,2017,0.05210166239461778,0,0,0,0,1,1,1,3
387,0.02197595745597442,fest.lib.id1888,2013,0.9014664491525963,0,0,0,0,1,1,1,2
idfnew319,0.009261345032982732,fest.lib.id1722,2012,0.10246538636036051,0,0,0,0,0,0,0,0
382,0.009940784625779017,fest.lib.id1888,2013,0.9014664491525963,0,0,0,0,1,1,1,1
tffnew1401,0.03509347721117338,fest.lib.id1736,2014,1.0,0,0,0,0,1,1,1,1
frnew1072,0.00998231136511618,fest.lib.id.na191,2016,0.04577591160462887,0,0,0,0,0,0,0,0
I1403696,0.021592063353011545,fest.lib.id364,2014,0.6039825158473134,0,0,0,0,1,1,1,1
f16640,0.00910978148549232,fest.lib.id1050,2010,0.10887639162499597,0,0,0,0,0,0,0,0
frnew569,0.00984009835541201,fest.lib.id1167,2014,0.14309594420744598,0,0,0,0,0,0,0,0
idfnew804,0.02998516841032265,fest.lib.id1697,2014,0.05210166239461778,0,0,0,0,0,0,0,0
frnew511,0.030044210280549273,fest.lib.id1267,2013,0.008255238725366265,0,0,0,0,0,1,0,1
f16743,0.028905890610235924,fest.lib.id1888,2011,0.9014664491525963,0,0,0,0,1,1,1,2
tffnew1799,0.016031833463712872,fest.lib.id1115,2015,0.08905067793670396,0,0,0,0,0,0,0,0
idfnew429,0.014402964565684219,fest.lib.id1658,2013,0.15002034797660702,0,0,0,0,0,0,0,0
700,0.009336977626214061,fest.lib.id1736,2013,1.0,0,0,0,0,1,1,1,1
idfnew421,0.03667103645800706,fest.lib.id1050,2012,0.10887639162499597,0,0,0,0,1,1,1,1
I1202419,0.011219045524521635,fest.lib.id364,2012,0.6039825158473134,0,0,0,0,1,1,1,1
f17214,0.019914051836913808,fest.lib.id1888,2014,0.9014664491525963,0,0,0,0,1,1,1,1
f16712,0.02217023593464474,fest.lib.id1888,2011,0.9014664491525963,0,0,0,0,1,1,1,2
f9215,0.07279055373426774,fest.lib.id285,2015,0.39801347663094955,0,0,0,0,1,1,2,4
f17657,0.06672911016018998,fest.lib.id1658,2015,0.15002034797660702,0,0,0,0,1,1,1,2
1090,0.009940784625779017,fest.lib.id1888,2013,0.9014664491525963,0,0,0,0,1,1,1,1
N1700585,0.023741224975657504,fest.lib.id.na365,2016,0.053889133022886754,0,0,0,0,1,1,1,1
f16983,0.0431677818955025,fest.lib.id1888,2012,0.9014664491525963,0,0,0,0,1,1,1,1
idfnew1051,0.011375505384034198,fest.lib.id1577,2015,0.033539337390164,0,0,0,0,0,0,0,0
frnew1111,0.009777391917198137,fest.lib.id1342,2017,0.06876843098609271,0,0,0,0,0,0,0,0
tffnew2545,0.012513715480348478,fest.lib.id1736,2017,1.0,0,0,0,0,1,1,1,1
I1102595,0.00995199935677975,fest.lib.id8828,2012,0.023265864921095433,0,0,0,0,0,0,0,0
tffnew1664,0.014483528005322932,fest.lib.id1658,2015,0.15002034797660702,0,0,0,0,0,1,0,1
f9069,0.05090823598534127,fest.lib.id285,2012,0.39801347663094955,0,0,0,0,1,1,1,2
tffnew1440,0.03619427999075006,fest.lib.id1658,2014,0.15002034797660702,0,0,0,0,1,1,1,1
f7730,0.01754448079161908,fest.lib.id1888,2016,0.9014664491525963,0,0,0,0,1,1,1,2
idfnew1262,0.03902835854681235,fest.lib.id1658,2015,0.15002034797660702,0,0,0,0,1,1,1,2
f8141,0.11156460452751973,fest.lib.id1888,2017,0.9014664491525963,0,0,0,0,1,1,1,3
idfnew1102,0.028938403945747055,fest.lib.id874,2015,0.5062687909078113,0,0,0,0,1,1,1,1
frnew551,0.02208273412825793,fest.lib.id665,2014,0.318359506181511,0,0,0,0,0,1,0,1
710,0.027855641507333738,fest.lib.id1050,2013,0.10887639162499597,0,0,0,0,1,1,1,1
tffnew1450,0.0902074524716458,fest.lib.id1736,2014,1.0,0,0,0,0,1,1,1,3
idfnew10,0.008796436147394369,fest.lib.id1503,2011,0.02528824098579947,0,0,0,0,0,0,0,0
674,0.013678033241453698,fest.lib.id1888,2013,0.9014664491525963,0,0,0,0,1,1,1,1
I1602075,0.01905669185656226,fest.lib.id.na315,2015,0.015145544115484253,0,0,0,0,1,1,1,1
f17127,0.06913051154774152,fest.lib.id1888,2014,0.9014664491525963,0,0,0,0,1,1,1,1
tffnew2473,0.05094000990481686,fest.lib.id285,2017,0.39801347663094955,0,0,0,0,1,1,2,3
idfnew183,0.013703446872168741,fest.lib.id874,2011,0.5062687909078113,0,0,0,0,1,1,1,1
I1605460,0.017459194133837043,fest.lib.id8623,2018,0.0032509145370216838,0,0,0,0,0,0,0,0
tffnew406,0.05107930751933696,fest.lib.id1736,2012,1.0,0,0,0,0,1,1,1,2
idfnew1215,0.0276381334448143,fest.lib.id1118,2015,0.012882490252282741,0,0,0,0,0,1,0,1
f17379,0.0316990210038684,fest.lib.id1888,2015,0.9014664491525963,0,0,0,0,1,1,1,1
frnew340,0.023693903802636317,fest.lib.id1658,2012,0.15002034797660702,0,0,0,0,0,0,0,0
f17542,0.056111689861665925,fest.lib.id1888,2015,0.9014664491525963,0,0,0,0,1,1,2,3
1200,0.012378008428592671,fest.lib.id874,2013,0.5062687909078113,0,0,0,0,1,1,1,1
tffnew429,0.032434040490620486,fest.lib.id1808,2012,0.1145501607898263,0,0,0,0,1,1,1,1
frnew570,0.016582353247125314,fest.lib.id665,2014,0.318359506181511,0,0,0,0,0,1,0,1
f9176,0.009298203289242048,fest.lib.id285,2014,0.39801347663094955,0,0,0,0,1,1,1,1
frnew520,0.0367615411484361,fest.lib.id744,2012,0.03530890126958436,0,0,0,0,0,1,0,1
356,0.010470746031531416,fest.lib.id665,2013,0.318359506181511,0,0,0,0,0,1,0,1
tffnew2419,0.04924944272157373,fest.lib.id1808,2017,0.1145501607898263,0,0,0,0,1,1,1,3
idfnew1358,0.039116142346130825,fest.lib.id874,2016,0.5062687909078113,0,0,0,0,1,1,1,1
I1702971,0.020699269930216233,imdbady00971,2016,0.0036511882734832817,0,0,0,0,0,0,0,0
tffnew1356,0.019657777008453756,fest.lib.id117,2014,0.039048634073661166,0,0,0,0,1,1,1,1
604,0.07216257032404078,fest.lib.id285,2013,0.39801347663094955,0,0,0,0,1,1,2,3
frnew273,0.019553788274729794,fest.lib.id.na333,2011,0.02560174765333237,0,0,0,0,0,0,0,0
tffnew1390,0.06718675017958854,fest.lib.id1736,2014,1.0,0,0,0,0,1,1,1,3
idfnew1261,0.013436113466713197,fest.lib.id874,2015,0.5062687909078113,0,0,0,0,1,1,1,1
1199,0.03779178681436992,fest.lib.id1808,2013,0.1145501607898263,0,0,0,0,1,1,1,1
I1503132,0.011219045524521635,fest.lib.id364,2015,0.6039825158473134,0,0,0,0,1,1,1,1
f17243,0.008561488384252117,fest.lib.id1887,2013,0.11341129673140814,0,0,0,0,0,0,0,0
397,0.028034680653948412,fest.lib.id1888,2013,0.9014664491525963,0,0,0,0,1,1,1,1
tffnew2124,0.0405538636818938,fest.lib.id1736,2016,1.0,0,0,0,0,1,1,1,3
frnew1132,0.009678464527863551,fest.lib.id305,2016,0.033467502671182564,0,0,0,0,0,0,0,0
97,0.011219045524521635,fest.lib.id364,2013,0.6039825158473134,0,0,0,0,1,1,1,1
idfnew1794,0.008809858467147066,fest.lib.id731,2017,0.3424863555939673,0,0,0,0,0,1,0,1
f7987,0.016507579799372826,fest.lib.id1736,2015,1.0,0,0,0,0,1,1,1,1
idfnew1153,0.030174077269772413,fest.lib.id1074,2015,0.045751935521372585,0,0,0,0,1,1,1,1
1002,0.22077443749029557,fest.lib.id874,2013,0.5062687909078113,0,0,0,0,1,1,1,1
N1601531,0.022781227075374007,id627,2016,0.06218359890861916,0,0,0,0,1,1,1,1
48,0.07697762182325675,fest.lib.id285,2013,0.39801347663094955,0,0,0,0,1,1,2,3
tffnew1270,0.06841844136257504,fest.lib.id1050,2014,0.10887639162499597,0,0,0,0,1,1,1,3
f17317,0.009940784625779017,fest.lib.id1888,2014,0.9014664491525963,0,0,0,0,1,1,1,1
frnew1096,0.033963659536048,fest.lib.id7524,2017,0.008085491619333144,0,0,0,0,0,1,0,1
853,0.012079209633487877,fest.lib.id1736,2013,1.0,0,0,0,0,1,1,1,1
1575,0.011219045524521635,fest.lib.id364,2013,0.6039825158473134,0,0,0,0,1,1,1,1
f7952,0.009940784625779017,fest.lib.id1888,2016,0.9014664491525963,0,0,0,0,1,1,1,1
f17675,0.06956462520322922,fest.lib.id1888,2015,0.9014664491525963,0,0,0,0,1,1,2,2
354,0.02090380884644056,fest.lib.id335,2012,0.001713307248511467,0,0,0,0,1,1,1,1
tffnew2693,0.01439267395064972,fest.lib.id1736,2017,1.0,0,0,0,0,1,1,1,1
967,0.020659949223096052,fest.lib.id1858,2012,0.02539036026064619,0,0,0,0,1,1,1,1
f7932,0.021572624481294173,fest.lib.id903,2015,0.00554436351274064,0,0,0,0,1,1,1,1
f17656,0.009940784625779017,fest.lib.id1888,2015,0.9014664491525963,0,0,0,0,1,1,1,1
tffnew219,0.009336977626214061,fest.lib.id1736,2011,1.0,0,0,0,0,1,1,1,1
f17335,0.023824637652384066,fest.lib.id1888,2014,0.9014664491525963,0,0,0,0,1,1,1,1
977,0.014882414860292363,fest.lib.id1888,2013,0.9014664491525963,0,0,0,0,1,1,1,1
idfnew1355,0.018615161857822384,fest.lib.id997,2016,0.06166273990342565,0,0,0,0,0,0,0,0
f16939,0.01871671168382294,fest.lib.id1888,2012,0.9014664491525963,0,0,0,0,1,1,1,1
f7885,0.009940784625779017,fest.lib.id1888,2016,0.9014664491525963,0,0,0,0,1,1,1,1
f17418,0.013179074373424842,fest.lib.id1888,2015,0.9014664491525963,0,0,0,0,1,1,1,1
tffnew2258,0.04894206663803396,fest.lib.id1050,2016,0.10887639162499597,0,0,0,0,1,1,1,1
N1201009,0.03230541327865076,fest.lib.id.survey.na309,2011,0.001784092022175077,0,0,0,0,1,1,1,1
idfnew1247,0.008809858467147066,fest.lib.id731,2016,0.3424863555939673,0,0,0,0,0,1,0,1
971,0.014747495479834973,fest.lib.id1613,1975,0.06430215101394857,0,0,0,0,1,1,1,1
f17044,0.02887731486715963,fest.lib.id1888,2012,0.9014664491525963,0,0,0,0,1,1,1,1
frnew1105,0.014145288208992222,fest.lib.id665,2017,0.318359506181511,0,0,0,0,0,1,0,1
frnew678,0.014084287797397513,fest.lib.id1473,2014,0.012978752400486635,0,0,0,0,0,0,0,0
467,0.01675539595145674,fest.lib.id874,2013,0.5062687909078113,0,0,0,0,1,1,1,1
9141fnosuv,0.017450125331967048,fest.lib.id285,2012,0.39801347663094955,0,0,0,0,1,1,2,4
idfnew1807,0.05717407447555385,fest.lib.id1582,2017,0.04430384424256456,0,0,0,0,1,1,1,2
tffnew1272,0.02483021784045985,fest.lib.id1736,2014,1.0,0,0,0,0,1,1,1,1
713,0.03060966305433134,fest.lib.id874,2013,0.5062687909078113,0,0,0,0,1,1,1,1
tffnew2412,0.060610261944840496,fest.lib.id365,2017,0.0812771382038422,0,0,0,0,1,1,1,1
1394,0.04597092215156387,fest.lib.id1658,2012,0.15002034797660702,0,0,0,0,1,1,1,3
f9334,0.04801497967260002,fest.lib.id285,2017,0.39801347663094955,0,0,0,0,1,1,1,1
999,0.018126614029374665,fest.lib.id1342,2012,0.06876843098609271,0,0,0,0,0,1,0,1
idfnew1407,0.00995575178972834,fest.lib.id874,2016,0.5062687909078113,0,0,0,0,1,1,1,1
tffnew2452,0.04216594670368795,fest.lib.id1808,2017,0.1145501607898263,0,0,0,0,1,1,1,2
tffnew1492,0.06940637326894399,fest.lib.id1736,2014,1.0,0,0,0,0,1,1,1,3
tffnew2533,0.014630559644813348,fest.lib.id974,2017,0.16229812321214043,0,0,0,0,1,1,1,1
741,0.04354836159484806,fest.lib.id285,2013,0.39801347663094955,0,0,0,0,1,1,1,3
idfnew1343,0.009422100488046198,id627,2015,0.06218359890861916,0,0,0,0,0,0,0,0
N1101319,0.009342835190498234,fest.lib.id.na292,2010,0.07612469051374422,0,0,0,0,0,0,0,0
1068,0.009298203289242048,fest.lib.id285,1973,0.39801347663094955,0,0,0,0,1,1,1,1
f9082,0.06557243190727156,fest.lib.id285,2012,0.39801347663094955,0,0,0,0,1,1,1,3
36,0.009336977626214061,fest.lib.id1736,2013,1.0,0,0,0,0,1,1,1,1
f16678,0.011984778466413146,fest.lib.id958,2011,0.12075010945459504,0,0,0,0,0,0,0,0
tffnew1173,0.02206766336681036,fest.lib.id1736,2014,1.0,0,0,0,0,1,1,1,1
720,0.024608880724321658,fest.lib.id39,2012,0.09626611562864955,0,0,0,0,1,1,1,1
166,0.02183942253988236,fest.lib.id285,2013,0.39801347663094955,0,0,0,0,1,1,1,2
tffnew2113,0.009336977626214061,fest.lib.id1736,2016,1.0,0,0,0,0,1,1,1,1
tffnew1506,0.019566255101354717,fest.lib.id1736,2014,1.0,0,0,0,0,1,1,1,2
I1405722,0.02668857600262186,fest.lib.id364,2014,0.6039825158473134,0,0,0,0,1,1,1,2
212,0.014177519921222272,fest.lib.id1736,2013,1.0,0,0,0,0,1,1,1,1
I1405442,0.014559663032731361,fest.lib.id364,2014,0.6039825158473134,0,0,0,0,1,1,1,1
f9290,0.061924586954832515,fest.lib.id1658,2016,0.15002034797660702,0,0,0,0,1,1,1,2
idfnew1493,0.016726507545733196,fest.lib.id874,2016,0.5062687909078113,0,0,0,0,1,1,1,1
tffnew1743,0.009336977626214061,fest.lib.id1736,2015,1.0,0,0,0,0,1,1,1,1
366,0.02473873776231889,fest.lib.id285,2011,0.39801347663094955,0,0,0,0,1,1,3,3
N1200601,0.011219045524521635,fest.lib.id364,2012,0.6039825158473134,0,0,0,0,1,1,1,1
N1200416,0.011219045524521635,fest.lib.id364,2012,0.6039825158473134,0,0,0,0,1,1,1,1
frnew1087,0.01992959010566386,fest.lib.id1768,2017,0.07352724707497833,0,0,0,0,0,0,0,0
frnew22,0.01797053558007734,id201,2011,0.014079317259357451,0,0,0,0,0,1,0,1
frnew1010,0.01558694181631572,fest.lib.id364,2017,0.6039825158473134,0,0,0,0,1,1,1,2
tffnew89,0.03046830672783455,fest.lib.id1736,2011,1.0,0,0,0,0,1,1,1,1
tffnew1626,0.008721578657805106,fest.lib.id909,2016,0.13015898047987368,0,0,0,0,0,0,0,0
tffnew66,0.04996413903285379,fest.lib.id1736,2011,1.0,0,0,0,0,1,1,1,3
f17545,0.012782521535569418,fest.lib.id1888,2015,0.9014664491525963,0,0,0,0,1,1,1,1
f9140,0.21423836746817934,fest.lib.id285,2014,0.39801347663094955,0,0,0,0,1,1,2,3
tffnew2636,0.011739977927577118,fest.lib.id1736,2017,1.0,0,0,0,0,1,1,1,2
tffnew2423,0.016081476265093333,fest.lib.id1736,2017,1.0,0,0,0,0,1,1,2,2
f17126,0.0781220626539456,fest.lib.id1658,2014,0.15002034797660702,0,0,0,0,1,1,1,4
936,0.009940784625779017,fest.lib.id1888,2013,0.9014664491525963,0,0,0,0,1,1,1,1
837,0.012079209633487877,fest.lib.id1736,2013,1.0,0,0,0,0,1,1,1,1
f17678,0.07575845334999531,fest.lib.id1888,2015,0.9014664491525963,0,0,0,0,1,1,1,5
tffnew1111,0.021350229418556767,fest.lib.id1658,2014,0.15002034797660702,0,0,0,0,0,1,0,1
tffnew228,0.03945222409493089,fest.lib.id285,2011,0.39801347663094955,0,0,0,0,1,1,2,3
f9324,0.10548333866120227,fest.lib.id285,2017,0.39801347663094955,0,0,0,0,1,1,2,3
frnew922,0.010052563122754302,fest.lib.id1510,2017,0.03750500301014553,0,0,0,0,0,0,0,0
N1100132,0.014838796543538129,fest.lib.id1411,2011,0.026525914688567735,0,0,0,0,0,0,0,0
1000,0.009940784625779017,fest.lib.id1888,2013,0.9014664491525963,0,0,0,0,1,1,1,1
N1100223,0.028922448764613605,fest.lib.id1118,2010,0.012882490252282741,0,0,0,0,1,1,1,1
490,0.0374288217439807,fest.lib.id1808,2013,0.1145501607898263,0,0,0,0,1,1,1,1
tffnew1723,0.03092518836414563,fest.lib.id1074,2015,0.045751935521372585,0,0,0,0,1,1,1,2
N1201405,0.02281050549428407,fest.lib.id364,2012,0.6039825158473134,0,0,0,0,1,1,1,1
tffnew1574,0.014361471391998,fest.lib.id1736,2015,1.0,0,0,0,0,1,1,1,1
871,0.011219045524521635,fest.lib.id364,2013,0.6039825158473134,0,0,0,0,1,1,1,1
1314,0.010470746031531416,fest.lib.id665,2013,0.318359506181511,0,0,0,0,0,1,0,1
tffnew132,0.034049217850542546,fest.lib.id1736,2011,1.0,0,0,0,0,1,1,2,2
tffnew113,0.02536332955493416,fest.lib.id1736,2011,1.0,0,0,0,0,1,1,1,1
frnew1043,0.027851517868849842,fest.lib.id1050,2016,0.10887639162499597,0,0,0,0,0,0,0,0
f9304,0.029535245418468272,fest.lib.id285,2016,0.39801347663094955,0,0,0,0,1,1,1,3
tffnew1631,0.07960202230115664,fest.lib.id1736,2015,1.0,0,0,0,0,1,1,1,4
N1400838,0.03658806670888527,id238,2013,0.0408858975952493,0,0,0,0,1,1,1,1
tffnew2509,0.02587481787128394,fest.lib.id.na365,2017,0.053889133022886754,0,0,0,0,1,1,2,2
591,0.023067842539717283,fest.lib.id1735,2011,0.06336170154920864,0,0,0,0,1,1,1,1
1222,0.012851928603083911,fest.lib.id1582,2013,0.04430384424256456,0,0,0,0,1,1,1,1
239,0.010470746031531416,fest.lib.id665,2013,0.318359506181511,0,0,0,0,0,1,0,1
f16899,0.05063325716890532,fest.lib.id1888,2012,0.9014664491525963,0,0,0,0,1,1,1,1
tffnew1628,0.025755000531458974,fest.lib.id1736,2015,1.0,0,0,0,0,1,1,1,2
1517,0.014693587099707079,fest.lib.id1411,2013,0.026525914688567735,0,0,0,0,1,1,1,1
tffnew2079,0.04267508588026795,fest.lib.id1736,2016,1.0,0,0,0,0,1,1,1,1
f7844,0.018924103733437916,fest.lib.id.na375,2016,0.19236865604671277,0,0,0,0,0,0,0,0
f17577,0.15460210339402256,fest.lib.id1888,2015,0.9014664491525963,0,0,0,0,1,1,1,1
f16544,0.034620193994763994,fest.lib.id1888,2011,0.9014664491525963,0,0,0,0,1,1,1,1
frnew423,0.010470746031531416,fest.lib.id665,2011,0.318359506181511,0,0,0,0,0,1,0,1
idfnew1599,0.027130781933710154,fest.lib.id874,2016,0.5062687909078113,0,0,0,0,1,1,1,1
tffnew2514,0.020713525630894344,fest.lib.id1736,2017,1.0,0,0,0,0,1,1,1,1
tffnew2529,0.05466399092911767,fest.lib.id1050,2017,0.10887639162499597,0,0,0,0,1,1,1,2
1486,0.38542261016901735,fest.lib.id285,2012,0.39801347663094955,0,0,0,0,1,1,2,2
frnew598,0.009777391917198137,fest.lib.id1342,2013,0.06876843098609271,0,0,0,0,0,0,0,0
idfnew1338,0.00995575178972834,fest.lib.id874,2016,0.5062687909078113,0,0,0,0,1,1,1,1
idfnew1864,0.03601305025422424,fest.lib.id285,1973,0.39801347663094955,0,0,0,0,1,1,2,2
tffnew2338,0.09182902229365114,fest.lib.id1535,2016,0.08500246471603438,0,0,0,0,1,1,1,2
1477,0.04325829799984266,fest.lib.id285,2012,0.39801347663094955,0,0,0,0,1,1,2,2
idfnew280,0.0446667746092816,fest.lib.id1736,2002,1.0,0,0,0,0,1,1,2,2
f17025,0.040079787403623,fest.lib.id1888,2012,0.9014664491525963,0,0,0,0,1,1,1,2
f16656,0.029402565846533106,fest.lib.id1658,2011,0.15002034797660702,0,0,0,0,0,1,0,1
627,0.02161637403473231,fest.lib.id874,2013,0.5062687909078113,0,0,0,0,1,1,1,1
idfnew1908,0.03834841858566762,fest.lib.id285,1985,0.39801347663094955,0,0,0,0,1,1,2,3
f8150,0.014789649555516603,fest.lib.id1888,2017,0.9014664491525963,0,0,0,0,1,1,1,1
f17665,0.03454709035758109,fest.lib.id1888,2015,0.9014664491525963,0,0,0,0,1,1,1,2
1588,0.021010566477632896,fest.lib.id.na181,2010,0.002704190052789331,0,0,0,0,1,1,1,1
1075,0.08394130161914823,fest.lib.id1888,2013,0.9014664491525963,0,0,0,0,1,1,1,3
9134fnosuv,0.011887479436477956,fest.lib.id285,2012,0.39801347663094955,0,0,0,0,1,1,1,1
f16690,0.02600406897879359,fest.lib.id1658,2011,0.15002034797660702,0,0,0,0,1,1,1,2
f17286,0.01583073320063116,fest.lib.id1888,2014,0.9014664491525963,0,0,0,0,1,1,1,1
1671,0.015258090026212002,fest.lib.id251,2012,0.030214209572879583,0,0,0,0,1,1,1,1
1327,0.013877190476239464,fest.lib.id665,2013,0.318359506181511,0,0,0,0,0,1,0,1
idfnew978,0.027992229300994008,fest.lib.id1658,2014,0.15002034797660702,0,0,0,0,1,1,1,1
f16871,0.009940784625779017,fest.lib.id1888,2012,0.9014664491525963,0,0,0,0,1,1,1,1
f17356,0.03843364671249514,fest.lib.id1888,2014,0.9014664491525963,0,0,0,0,1,1,1,1
f7914,0.021316152466385584,fest.lib.id1888,2016,0.9014664491525963,0,0,0,0,1,1,1,1
I1503431,0.015577336211046884,fest.lib.id364,2015,0.6039825158473134,0,0,0,0,1,1,1,1
I1703950,0.017385608596625135,fest.lib.id364,2017,0.6039825158473134,0,0,0,0,1,1,1,1
frnew897,0.053075009249901474,fest.lib.id7530,2015,0.07450826436865476,0,0,0,0,0,1,0,1
tffnew1948,0.058893321313738964,fest.lib.id1736,2016,1.0,0,0,0,0,1,1,1,1
idfnew435,0.01267337906469636,fest.lib.id874,2012,0.5062687909078113,0,0,0,0,1,1,1,1
idfnew770,0.00995575178972834,fest.lib.id874,2014,0.5062687909078113,0,0,0,0,1,1,1,1
937,0.016360969135381622,fest.lib.id1736,2013,1.0,0,0,0,0,1,1,1,1
576,0.04258787610598795,fest.lib.id1050,2000,0.10887639162499597,0,0,0,0,1,1,2,2
idfnew636,0.00877693757595595,fest.lib.id1144,2014,0.025879574403349523,0,0,0,0,0,0,0,0
f17176,0.014926083429848481,fest.lib.id1888,2014,0.9014664491525963,0,0,0,0,1,1,1,1
idfnew353,0.012043300941058542,fest.lib.id1832,2012,0.10684151432045275,0,0,0,0,0,0,0,0
N1700458,0.015577336211046884,fest.lib.id364,2017,0.6039825158473134,0,0,0,0,1,1,1,1
idfnew1804,0.008470851153314375,fest.lib.id39,2017,0.09626611562864955,0,0,0,0,0,0,0,0
idfnew341,0.01742695094743498,fest.lib.id1768,2013,0.07352724707497833,0,0,0,0,0,0,0,0
tffnew2676,0.017131469818664136,fest.lib.id174,2017,0.12232867487620556,0,0,0,0,1,1,1,1
I1700521,0.011659385923214688,fest.lib.id174,2016,0.12232867487620556,0,0,0,0,0,0,0,0
605,0.06384386574111049,fest.lib.id1808,2013,0.1145501607898263,0,0,0,0,1,1,1,1
264,0.009336977626214061,fest.lib.id1736,2013,1.0,0,0,0,0,1,1,1,1
565,0.027365272152963097,fest.lib.id1736,2013,1.0,0,0,0,0,1,1,1,3
f16825,0.02670364577238682,fest.lib.id1736,2011,1.0,0,0,0,0,1,1,2,2
tffnew2034,0.051930757977534436,fest.lib.id909,2016,0.13015898047987368,0,0,0,0,1,1,1,2
N1600396,0.03270177188065681,fest.lib.id943,2015,0.004774160305604754,0,0,0,0,1,1,1,1
f9034,0.048249602658443864,fest.lib.id285,2011,0.39801347663094955,0,0,0,0,1,1,2,4
tffnew1199,0.01723988544098412,fest.lib.id1736,2014,1.0,0,0,0,0,1,1,1,1
I1503509,0.020652925666913877,fest.lib.id762,2014,0.016333424821204194,0,0,0,0,1,1,1,1
N1401387,0.03066402146218589,fest.lib.id364,2014,0.6039825158473134,0,0,0,0,1,1,1,1
N1400575,0.03845604676265483,fest.lib.id.na365,2013,0.053889133022886754,0,0,0,0,1,1,1,1
idfnew790,0.04101292217772984,fest.lib.id388,2014,0.10657216405781064,0,0,0,0,1,1,2,2
1209,0.01896174332408419,fest.lib.id1648,2010,0.20248827622358084,0,0,0,0,1,1,1,2
N1200178,0.02092085062891317,fest.lib.id.na160,2011,0.02073420537207051,0,0,0,0,1,1,1,1
frnew195,0.008981145410029033,fest.lib.id1768,2011,0.07352724707497833,0,0,0,0,0,0,0,0
tffnew141,0.05659426395191058,fest.lib.id1736,2011,1.0,0,0,0,0,1,1,1,2
idfnew1740,0.05931387671619437,fest.lib.id1808,2005,0.1145501607898263,0,0,0,0,1,1,2,2
idfnew1235,0.00995575178972834,fest.lib.id874,2015,0.5062687909078113,0,0,0,0,1,1,1,1
f9179,0.009298203289242048,fest.lib.id285,2014,0.39801347663094955,0,0,0,0,1,1,1,1
tffnew2603,0.09438551493885042,fest.lib.id1808,2017,0.1145501607898263,0,0,0,0,1,1,1,3
1448,0.019046992519089753,fest.lib.id1736,2013,1.0,0,0,0,0,1,1,1,1
4,0.04369165311926113,fest.lib.id1296,1963,0.12314726966479073,0,0,0,0,1,1,2,2
f17137,0.027950223831428384,fest.lib.id1888,2014,0.9014664491525963,0,0,0,0,1,1,1,1
f17658,0.026922767325901157,fest.lib.id1658,2015,0.15002034797660702,0,0,0,0,1,1,1,1
796,0.0321528352551559,id420,2013,0.002489258098929387,0,0,0,0,1,1,2,2
idfnew721,0.009336977626214061,fest.lib.id1736,2014,1.0,0,0,0,0,1,1,1,1
9369fnosuv,0.012493556838746766,fest.lib.id285,1966,0.39801347663094955,0,0,0,0,1,1,1,1
idfnew199,0.012745388335181705,fest.lib.id1722,2012,0.10246538636036051,0,0,0,0,0,0,0,0
tffnew2392,0.06148986723213363,fest.lib.id1808,2017,0.1145501607898263,0,0,0,0,1,1,2,3
N1401187,0.033277399135012174,fest.lib.id490,2013,0.01162454417668349,0,0,0,0,1,1,1,1
tffnew2530,0.029228172836944448,fest.lib.id1658,2017,0.15002034797660702,0,0,0,0,1,1,1,2
f17294,0.00862232234346766,fest.lib.id217,2013,0.13475573540038221,0,0,0,0,0,0,0,0
f8136,0.01790970527071828,fest.lib.id4680,2016,0.1366072752245275,0,0,0,0,1,1,1,1
1253,0.013733839379406849,fest.lib.id1648,2012,0.20248827622358084,0,0,0,0,1,1,1,2
1508,0.011219045524521635,fest.lib.id364,2013,0.6039825158473134,0,0,0,0,1,1,1,1
frnew367,0.031423246837785614,fest.lib.id.survey.na526,2012,0.15796024924762553,0,0,0,0,0,0,0,0
tffnew2053,0.01931925313812606,fest.lib.id1736,2016,1.0,0,0,0,0,1,1,1,2
idfnew641,0.05340183961950802,imdbady00898,2012,0.0022371700500291784,0,0,0,0,0,0,0,0
820,0.043247906451674645,fest.lib.id1888,2013,0.9014664491525963,0,0,0,0,1,1,1,1
idfnew689,0.009261345032982732,fest.lib.id1722,2013,0.10246538636036051,0,0,0,0,0,0,0,0
f7890,0.10128703020928084,fest.lib.id1658,2016,0.15002034797660702,0,0,0,0,1,1,1,3
idfnew583,0.01781191021898767,fest.lib.id1658,2012,0.15002034797660702,0,0,0,0,0,0,0,0
tffnew1458,0.012051776899901017,fest.lib.id1736,2014,1.0,0,0,0,0,1,1,1,1
f16861,0.021199793857509395,imdbady00891,2011,0.001726480067171681,0,0,0,0,1,1,1,1
frnew201,0.012243079742842137,fest.lib.id1335,2013,0.0044040570540669986,0,0,0,0,0,0,0,0
995,0.022869605145959104,fest.lib.id364,2013,0.6039825158473134,0,0,0,0,1,1,1,1
N1400236,0.02620025093090954,fest.lib.id.na220,2013,0.0356960683429116,0,0,0,0,1,1,1,1
f7789,0.024925826867659557,fest.lib.id1182,2015,0.029129658789427314,0,0,0,0,1,1,1,1
tffnew2704,0.0841581309581052,fest.lib.id1808,2017,0.1145501607898263,0,0,0,0,1,1,1,3
1047,0.05451661808652454,fest.lib.id1557,2013,0.19355067805909,0,0,0,0,1,1,1,3
frnew754,0.009716987307009263,fest.lib.id1028,2014,0.016649482467803418,0,0,0,0,0,0,0,0
f17603,0.04115181310008796,fest.lib.id1888,2015,0.9014664491525963,0,0,0,0,1,1,1,1
1207,0.04578143544516667,fest.lib.id268,2013,0.03638586113407253,0,0,0,0,1,1,1,1
f17055,0.013251420413617277,fest.lib.id1888,2012,0.9014664491525963,0,0,0,0,1,1,1,1
idfnew342,0.009867674584595202,fest.lib.id.survey.na101,2012,0.021677342244600706,0,0,0,0,0,0,0,0
f17017,0.009336977626214061,fest.lib.id1736,2011,1.0,0,0,0,0,1,1,1,1
tffnew1939,0.018954948330634137,fest.lib.id1736,2016,1.0,0,0,0,0,1,1,1,1
frnew181,0.02098316403859902,fest.lib.id.ch859,2011,0.020422489926764233,0,0,0,0,0,1,0,1
f9217,0.12032784292913108,imdbady00540,2015,0.008444396584726685,0,0,0,0,1,1,1,3
tffnew250,0.02374865012851905,fest.lib.id1736,2011,1.0,0,0,0,0,1,1,2,3
501,0.016114065441360077,fest.lib.id1888,2013,0.9014664491525963,0,0,0,0,1,1,1,1
tffnew2137,0.06559367215951549,fest.lib.id1658,2016,0.15002034797660702,0,0,0,0,1,1,1,3
1147,0.08352207711991269,fest.lib.id285,2013,0.39801347663094955,0,0,0,0,1,1,1,1
1280,0.029767424187004416,fest.lib.id217,2012,0.13475573540038221,0,0,0,0,1,1,1,1
f9138,0.1107266289682585,fest.lib.id285,2014,0.39801347663094955,0,0,0,0,1,1,2,4
frnew930,0.01782837521447155,fest.lib.id342,2016,0.030199973620409305,0,0,0,0,0,0,0,0
idfnew1823,0.00995575178972834,fest.lib.id874,2017,0.5062687909078113,0,0,0,0,1,1,1,1
tffnew2592,0.03230524544683495,fest.lib.id1736,2017,1.0,0,0,0,0,1,1,1,2
idfnew864,0.021705349140212583,fest.lib.id217,2014,0.13475573540038221,0,0,0,0,0,0,0,0
tffnew1124,0.026593409377040002,fest.lib.id1736,2014,1.0,0,0,0,0,1,1,2,2
idfnew1749,0.009336977626214061,fest.lib.id1736,2017,1.0,0,0,0,0,1,1,1,1
idfnew835,0.01474925865797585,fest.lib.id731,2015,0.3424863555939673,0,0,0,0,0,1,0,1
tffnew1780,0.05835826620059645,fest.lib.id1736,2015,1.0,0,0,0,0,1,1,1,2
f8111,0.009940784625779017,fest.lib.id1888,2017,0.9014664491525963,0,0,0,0,1,1,1,1
tffnew466,0.01525126141120022,fest.lib.id1736,2012,1.0,0,0,0,0,1,1,1,1
idfnew1172,0.026466181174484377,imdbady00971,2015,0.0036511882734832817,0,0,0,0,1,1,1,1
f17073,0.012599817795725103,fest.lib.id463,2013,0.0779767084966147,0,0,0,0,1,1,1,1
851,0.013099279919024417,fest.lib.id1888,2013,0.9014664491525963,0,0,0,0,1,1,1,1
f17298,0.027645498328010096,fest.lib.id1888,2014,0.9014664491525963,0,0,0,0,1,1,1,1
f8073,0.012739707061487356,fest.lib.id1888,2017,0.9014664491525963,0,0,0,0,1,1,1,1
tffnew381,0.01908762925397278,fest.lib.id1888,2012,0.9014664491525963,0,0,0,0,1,1,2,2
885,0.02495404234134268,fest.lib.id2592,2012,0.0013875745584548066,0,0,0,0,1,1,1,1
709,0.01975522521991856,fest.lib.id1050,2013,0.10887639162499597,0,0,0,0,1,1,1,1
tffnew2322,0.02482384753451595,fest.lib.id1808,2016,0.1145501607898263,0,0,0,0,1,1,1,1
idfnew1484,0.028757189884217504,imdbady00413,2008,0.00543824698870017,0,0,0,0,1,1,1,1
f8271,0.02388083497201206,fest.lib.id1888,2017,0.9014664491525963,0,0,0,0,1,1,1,2
f9278,0.04263982085790154,fest.lib.id285,2016,0.39801347663094955,0,0,0,0,1,1,1,1
f8103,0.05508443974388102,fest.lib.id1658,2017,0.15002034797660702,0,0,0,0,1,1,1,2
tffnew2340,0.06275199793575982,fest.lib.id1736,2016,1.0,0,0,0,0,1,1,1,3
I1501743,0.014459030975282538,fest.lib.id364,2015,0.6039825158473134,0,0,0,0,1,1,1,1
331,0.014207994647206098,fest.lib.id665,2013,0.318359506181511,0,0,0,0,0,1,0,1
idfnew1380,0.00995575178972834,fest.lib.id874,2016,0.5062687909078113,0,0,0,0,1,1,1,1
tffnew1734,0.014318220670340817,fest.lib.id1808,2015,0.1145501607898263,0,0,0,0,1,1,1,1
N1400187,0.018074251748675517,fest.lib.id117,2013,0.039048634073661166,0,0,0,0,1,1,1,1
tffnew1453,0.02427725896983787,fest.lib.id1503,2014,0.02528824098579947,0,0,0,0,0,1,0,2
tffnew2615,0.014609633270510928,fest.lib.id1577,2017,0.033539337390164,0,0,0,0,1,1,1,1
frnew871,0.010470746031531416,fest.lib.id665,1997,0.318359506181511,0,0,0,0,0,1,0,1
9021fnosuv,0.05865800383846563,fest.lib.id285,2011,0.39801347663094955,0,0,0,0,1,1,2,3
idfnew482,0.0203554849574433,fest.lib.id1722,2001,0.10246538636036051,0,0,0,0,0,0,0,0
I1504431,0.020908629184288464,fest.lib.id364,2015,0.6039825158473134,0,0,0,0,1,1,1,1
tffnew1281,0.0478738832084105,fest.lib.id1887,2014,0.11341129673140814,0,0,0,0,0,1,0,1
N1500711,0.07604860794957097,fest.lib.id.na318,2014,0.014163873147450805,0,0,0,0,1,1,1,1
9422fnosuv,0.009298203289242048,fest.lib.id285,2016,0.39801347663094955,0,0,0,0,1,1,1,1
idfnew1118,0.00995575178972834,fest.lib.id874,2015,0.5062687909078113,0,0,0,0,1,1,1,1
tffnew1483,0.034828659357330406,fest.lib.id1808,2014,0.1145501607898263,0,0,0,0,1,1,1,2
f9083,0.05178979790976109,fest.lib.id285,2012,0.39801347663094955,0,0,0,0,1,1,1,2
idfnew1535,0.05144328197536482,fest.lib.id874,2016,0.5062687909078113,0,0,0,0,1,1,1,3
f7970,0.020831581406642697,fest.lib.id.survey.na101,2015,0.021677342244600706,0,0,0,0,1,1,1,1
1239,0.041510464855818004,fest.lib.id285,2013,0.39801347663094955,0,0,0,0,1,1,2,2
14,0.2375302705702326,fest.lib.id285,2013,0.39801347663094955,0,0,0,0,1,1,2,3
tffnew1848,0.03362924252576742,fest.lib.id285,2015,0.39801347663094955,0,0,0,0,1,1,3,4
N1501537,0.011219045524521635,fest.lib.id364,2015,0.6039825158473134,0,0,0,0,1,1,1,1
tffnew387,0.012481372414924299,fest.lib.id1736,2012,1.0,0,0,0,0,1,1,1,1
idfnew1311,0.00995575178972834,fest.lib.id874,2016,0.5062687909078113,0,0,0,0,1,1,1,1
f17281,0.012603467776344758,fest.lib.id1888,2014,0.9014664491525963,0,0,0,0,1,1,1,1
f7760,0.020744036116142884,fest.lib.id1736,2015,1.0,0,0,0,0,1,1,2,2
f17014,0.022608874610522776,fest.lib.id874,2011,0.5062687909078113,0,0,0,0,1,1,2,3
tffnew1567,0.037361508220015764,fest.lib.id.na.ch163,2015,0.02124090626912694,0,0,0,0,1,1,1,3
frnew1062,0.05959160114832642,fest.lib.id1658,2017,0.15002034797660702,0,0,0,0,0,1,0,2
f7752,0.0257426579634683,fest.lib.id1888,2016,0.9014664491525963,0,0,0,0,1,1,1,2
I1604380,0.02026772166821244,fest.lib.id1658,2016,0.15002034797660702,0,0,0,0,1,1,1,1
f9002,0.0531279193557599,fest.lib.id285,2011,0.39801347663094955,0,0,0,0,1,1,2,2
f16742,0.035640412132660074,fest.lib.id1736,2010,1.0,0,0,0,0,1,1,1,1
f17357,0.05539368130923143,fest.lib.id1888,2014,0.9014664491525963,0,0,0,0,1,1,2,3
f16884,0.019741363395873995,fest.lib.id1888,2012,0.9014664491525963,0,0,0,0,1,1,1,1
frnew800,0.07626369876654586,id201,2015,0.014079317259357451,0,0,0,0,1,1,1,2
idfnew1001,0.02379635726273957,fest.lib.id874,2015,0.5062687909078113,0,0,0,0,1,1,1,1
idfnew1027,0.060587810097375655,fest.lib.id1808,2015,0.1145501607898263,0,0,0,0,1,1,1,2
tffnew1613,0.02786347238889551,fest.lib.id1736,2015,1.0,0,0,0,0,1,1,1,2
420,0.011869259360530135,fest.lib.id285,1978,0.39801347663094955,0,0,0,0,1,1,1,1
f9014,0.040441436962810696,fest.lib.id285,2011,0.39801347663094955,0,0,0,0,1,1,1,2
1051,0.10187574122861726,fest.lib.id1697,2012,0.05210166239461778,0,0,0,0,1,1,3,4
frnew470,0.03726496911174255,id401,2014,0.07211320128732311,0,0,0,0,0,1,0,2
tffnew1645,0.01942405227964511,fest.lib.id1736,2015,1.0,0,0,0,0,1,1,1,2
tffnew1442,0.16098073967838097,fest.lib.id1697,2014,0.05210166239461778,0,0,0,0,1,1,1,3
f17332,0.10970556276870853,fest.lib.id217,2013,0.13475573540038221,0,0,0,0,1,1,1,1
tffnew2408,0.019127531443633997,fest.lib.id1736,2017,1.0,0,0,0,0,1,1,1,1
tffnew2021,0.02431056797937299,fest.lib.id1736,2016,1.0,0,0,0,0,1,1,1,1
idfnew1111,0.02201944397665279,fest.lib.id874,2015,0.5062687909078113,0,0,0,0,1,1,1,1
1100,0.020916223950183336,fest.lib.id1736,2013,1.0,0,0,0,0,1,1,1,2
f9075,0.016767142891514913,fest.lib.id285,2012,0.39801347663094955,0,0,0,0,1,1,1,2
507,0.6002211915318668,fest.lib.id7477,2011,0.010973276575960327,0,0,0,0,0,1,0,1
frnew1080,0.010052563122754302,fest.lib.id1510,2017,0.03750500301014553,0,0,0,0,0,0,0,0
frnew1051,0.033503801422083666,fest.lib.id1888,2017,0.9014664491525963,0,0,0,0,1,1,1,1
f8177,0.046771107965919385,fest.lib.id1888,2017,0.9014664491525963,0,0,0,0,1,1,2,3
frnew591,0.024506885509647452,imdbady01193,2014,0.0020077259316430567,0,0,0,0,0,1,0,1
782,0.009940784625779017,fest.lib.id1888,2013,0.9014664491525963,0,0,0,0,1,1,1,1
432,0.02997894949724152,fest.lib.id874,2013,0.5062687909078113,0,0,0,0,1,1,1,1
tffnew2169,0.030185006808041138,fest.lib.id285,2016,0.39801347663094955,0,0,0,0,1,1,2,3
tffnew2494,0.027511597490799455,fest.lib.id958,2017,0.12075010945459504,0,0,0,0,1,1,1,2
frnew182,0.010470746031531416,fest.lib.id665,2011,0.318359506181511,0,0,0,0,0,1,0,1
tffnew2401,0.02768912862143551,fest.lib.id1050,2017,0.10887639162499597,0,0,0,0,1,1,1,2
tffnew2397,0.03315996559256722,fest.lib.id1736,2017,1.0,0,0,0,0,1,1,1,1
1291,0.043804751148452614,fest.lib.id285,1973,0.39801347663094955,0,0,0,0,1,1,2,2
tffnew476,0.07683299551662175,fest.lib.id1736,2012,1.0,0,0,0,0,1,1,1,2
f8063,0.020236182997767284,fest.lib.id.na240,2016,0.06203455950095228,0,0,0,0,0,1,0,1
tffnew2426,0.012033911100956671,fest.lib.id1736,2017,1.0,0,0,0,0,1,1,1,1
1214,0.08846428159910044,fest.lib.id1888,2013,0.9014664491525963,0,0,0,0,1,1,1,3
tffnew1888,0.03514056323371691,fest.lib.id1050,2015,0.10887639162499597,0,0,0,0,1,1,1,3
frnew731,0.014062120679036966,fest.lib.id.na471,2014,0.05809860871885474,0,0,0,0,0,0,0,0
1208,0.009940784625779017,fest.lib.id1888,2013,0.9014664491525963,0,0,0,0,1,1,1,1
tffnew1337,0.02258844266281894,fest.lib.id361,2014,0.0120518249233453,0,0,0,0,1,1,1,2
tffnew1120,0.03145521047124325,fest.lib.id1736,2014,1.0,0,0,0,0,1,1,1,2
idfnew786,0.00995575178972834,fest.lib.id874,2014,0.5062687909078113,0,0,0,0,1,1,1,1
idfnew114,0.011741069559212796,fest.lib.id1776,2012,0.029239436365596817,0,0,0,0,0,0,0,0
idfnew392,0.013114247082973741,fest.lib.id874,2012,0.5062687909078113,0,0,0,0,1,1,1,1
tffnew1493,0.011888016988120366,fest.lib.id1736,2014,1.0,0,0,0,0,1,1,1,1
1105,0.05150587725351545,fest.lib.id285,2013,0.39801347663094955,0,0,0,0,1,1,2,3
1070,0.03757531197944584,fest.lib.id.na90,2013,0.015772236282366865,0,0,0,0,1,1,1,2
1261,0.05835708212596683,fest.lib.id1736,2012,1.0,0,0,0,0,1,1,2,3
983,0.028201103729364786,fest.lib.id1067,2012,0.00976298842262912,0,0,0,0,1,1,1,3
tffnew262,0.008845081747011143,fest.lib.id480,2011,0.0566266130237478,0,0,0,0,0,0,0,0
f16889,0.02728761642932164,fest.lib.id1888,2012,0.9014664491525963,0,0,0,0,1,1,1,1
1518,0.04102895307317603,fest.lib.id1050,2012,0.10887639162499597,0,0,0,0,1,1,1,1
tffnew2669,0.009336977626214061,fest.lib.id1736,2017,1.0,0,0,0,0,1,1,1,1
idfnew969,0.030635689507554437,fest.lib.id1050,1992,0.10887639162499597,0,0,0,0,0,0,0,0
N1601692,0.018830907305670316,id627,2016,0.06218359890861916,0,0,0,0,1,1,1,1
tffnew208,0.015118367230236587,fest.lib.id285,2011,0.39801347663094955,0,0,0,0,1,1,1,1
frnew154,0.019613758272618326,fest.lib.id.na4,2011,0.03566994574215833,0,0,0,0,0,1,0,1
1408,0.012488931724726713,fest.lib.id1888,2013,0.9014664491525963,0,0,0,0,1,1,1,1
86,0.019575192061391373,fest.lib.id1768,2012,0.07352724707497833,0,0,0,0,1,1,1,1
1647,0.014255663857400503,fest.lib.id364,2013,0.6039825158473134,0,0,0,0,1,1,1,1
frnew1112,0.025459734736705927,fest.lib.id1342,2016,0.06876843098609271,0,0,0,0,0,1,0,1
f16559,0.0333421512414102,fest.lib.id1888,2011,0.9014664491525963,0,0,0,0,1,1,1,1
tffnew1385,0.023468386705192832,fest.lib.id1736,2014,1.0,0,0,0,0,1,1,1,1
f16548,0.031916266148132096,fest.lib.id1888,2011,0.9014664491525963,0,0,0,0,1,1,2,2
f16925,0.034101553446277334,fest.lib.id1074,2011,0.045751935521372585,0,0,0,0,1,1,2,3
idfnew1701,0.08773721240864131,fest.lib.id1915,2017,0.006266045667585446,0,0,0,0,1,1,2,2
tffnew2611,0.029125387086635087,fest.lib.id1736,2017,1.0,0,0,0,0,1,1,1,1
tffnew2422,0.022941456603354223,fest.lib.id.na213,2017,0.0192305499949209,0,0,0,0,1,1,1,1
f17630,0.012544824162242665,fest.lib.id1888,2015,0.9014664491525963,0,0,0,0,1,1,1,1
f17680,0.10336475250164526,fest.lib.id1888,2015,0.9014664491525963,0,0,0,0,1,1,2,3
idfnew918,0.02611899473930888,fest.lib.id1768,2014,0.07352724707497833,0,0,0,0,1,1,1,1
1681,0.023078716181312138,fest.lib.id117,2012,0.039048634073661166,0,0,0,0,1,1,1,1
frnew709,0.036123331949576586,fest.lib.id1148,2015,0.021450340112936533,0,0,0,0,0,1,0,1
tffnew2456,0.022115880536392806,fest.lib.id1736,2017,1.0,0,0,0,0,1,1,2,2
N1500618,0.03559937356842483,fest.lib.id285,2014,0.39801347663094955,0,0,0,0,1,1,2,2
idfnew1082,0.044665795795199345,fest.lib.id731,2015,0.3424863555939673,0,0,0,0,1,1,1,2
N1401209,0.015133388837616966,fest.lib.id364,2014,0.6039825158473134,0,0,0,0,1,1,1,1
tffnew1528,0.01529190110115232,fest.lib.id1736,2015,1.0,0,0,0,0,1,1,1,1
I1101826,0.015935445895231538,fest.lib.id.na336,2010,0.09896749631298603,0,0,0,0,0,1,0,1
tffnew1923,0.009336977626214061,fest.lib.id1736,2015,1.0,0,0,0,0,1,1,1,1
290,0.06437380027798885,fest.lib.id1736,2013,1.0,0,0,0,0,1,1,1,3
f7811,0.09211646852023454,fest.lib.id1888,2016,0.9014664491525963,0,0,0,0,1,1,2,2
tffnew1895,0.01736733188227522,fest.lib.id1050,2015,0.10887639162499597,0,0,0,0,1,1,1,2
tffnew1413,0.018487587779996883,fest.lib.id.na368,2014,0.0035962382017809286,0,0,0,0,0,0,0,0
frnew566,0.05295860592768878,fest.lib.id1074,2014,0.045751935521372585,0,0,0,0,0,1,0,1
f7748,0.009316009463747383,fest.lib.id1383,2016,0.019917966318304926,0,0,0,0,0,0,0,0
tffnew1232,0.015210443206277631,fest.lib.id1736,2014,1.0,0,0,0,0,1,1,1,1
N1201122,0.011219045524521635,fest.lib.id364,2012,0.6039825158473134,0,0,0,0,1,1,1,1
314,0.016567245323034076,fest.lib.id1296,2012,0.12314726966479073,0,0,0,0,1,1,1,1
f9160,0.012188002918136908,fest.lib.id285,2014,0.39801347663094955,0,0,0,0,1,1,1,1
553,0.02601702773130398,fest.lib.id930,2014,0.028112612225342132,0,0,0,0,1,1,1,1
f9088,0.020185018917222013,fest.lib.id285,2012,0.39801347663094955,0,0,0,0,1,1,1,1
f16573,0.012527522586260593,fest.lib.id1402,2010,0.01682114414639636,0,0,0,0,1,1,1,1
f9171,0.02320869068232802,fest.lib.id285,2014,0.39801347663094955,0,0,0,0,1,1,2,2
idfnew1333,0.018626645961135505,fest.lib.id874,2016,0.5062687909078113,0,0,0,0,1,1,1,1
f8077,0.05483893776086039,fest.lib.id1888,2017,0.9014664491525963,0,0,0,0,1,1,1,3
473,0.024044089301599115,fest.lib.id285,2006,0.39801347663094955,0,0,0,0,1,1,2,2
866,0.01817223712696025,fest.lib.id98,2012,0.006101940469449665,0,0,0,0,1,1,1,1
f9243,0.013090911725267385,fest.lib.id285,2015,0.39801347663094955,0,0,0,0,1,1,1,1
I1503061,0.03457647783251545,fest.lib.id.na213,2014,0.0192305499949209,0,0,0,0,1,1,1,1
f9190,0.06998430336053883,fest.lib.id285,2015,0.39801347663094955,0,0,0,0,1,1,1,2
f17177,0.024503260610620702,fest.lib.id1888,2014,0.9014664491525963,0,0,0,0,1,1,1,1
f17382,0.014979353942696167,fest.lib.id1888,2015,0.9014664491525963,0,0,0,0,1,1,1,1
68,0.017530281574393954,fest.lib.id364,2013,0.6039825158473134,0,0,0,0,1,1,2,2
frnew940,0.07284031005866204,fest.lib.id1888,2016,0.9014664491525963,0,0,0,0,1,1,1,2
idfnew1679,0.01709160761593922,fest.lib.id874,2017,0.5062687909078113,0,0,0,0,1,1,1,1
tffnew1135,0.10312589664695726,fest.lib.id285,2014,0.39801347663094955,0,0,0,0,1,1,2,3
tffnew2460,0.016888700486973017,fest.lib.id.na336,2017,0.09896749631298603,0,0,0,0,1,1,1,1
f9224,0.03615383955198808,fest.lib.id285,2015,0.39801347663094955,0,0,0,0,1,1,1,2
859,0.01496606057313545,fest.lib.id1697,1996,0.05210166239461778,0,0,0,0,1,1,1,1
925,0.027189873479758004,fest.lib.id958,2012,0.12075010945459504,0,0,0,0,1,1,1,1
tffnew1670,0.012079209633487877,fest.lib.id1736,2015,1.0,0,0,0,0,1,1,1,1
tffnew2107,0.028803159871585972,id401,2016,0.07211320128732311,0,0,0,0,1,1,1,1
N1501652,0.017722414558607662,fest.lib.id364,2015,0.6039825158473134,0,0,0,0,1,1,1,1
f17001,0.009940784625779017,fest.lib.id1888,2012,0.9014664491525963,0,0,0,0,1,1,1,1
frnew204,0.010470746031531416,fest.lib.id665,2011,0.318359506181511,0,0,0,0,0,1,0,1
idfnew1631,0.02057810184929095,fest.lib.id874,2017,0.5062687909078113,0,0,0,0,1,1,1,2
9427fnosuv,0.009298203289242048,fest.lib.id285,2016,0.39801347663094955,0,0,0,0,1,1,1,1
f8317,0.009940784625779017,fest.lib.id1888,2017,0.9014664491525963,0,0,0,0,1,1,1,1
idfnew1157,0.02814436511541382,fest.lib.id874,2015,0.5062687909078113,0,0,0,0,1,1,1,2
f16623,0.040038782262914886,fest.lib.id1888,2011,0.9014664491525963,0,0,0,0,1,1,1,1
idfnew1500,0.00995575178972834,fest.lib.id874,2016,0.5062687909078113,0,0,0,0,1,1,1,1
tffnew207,0.018826600705233596,fest.lib.id1736,2011,1.0,0,0,0,0,1,1,1,1
tffnew1395,0.10030801295506163,fest.lib.id1736,2014,1.0,0,0,0,0,1,1,1,2
tffnew2178,0.07508320103588839,fest.lib.id285,2006,0.39801347663094955,0,0,0,0,1,1,2,2
f7876,0.08834626942155567,fest.lib.id1888,2016,0.9014664491525963,0,0,0,0,1,1,2,2
frnew494,0.018585091448581007,fest.lib.id1768,2014,0.07352724707497833,0,0,0,0,0,1,0,1
f9121,0.009298203289242048,fest.lib.id285,2012,0.39801347663094955,0,0,0,0,1,1,1,1
f9032,0.06504491159856093,fest.lib.id285,2011,0.39801347663094955,0,0,0,0,1,1,2,4
idfnew166,0.011487153355618947,fest.lib.id1768,2011,0.07352724707497833,0,0,0,0,0,0,0,0
f8228,0.05719624981414403,fest.lib.id1736,2016,1.0,0,0,0,0,1,1,2,2
idfnew850,0.025442364405200542,fest.lib.id20,2014,0.034341018289259624,0,0,0,0,1,1,1,1
f16798,0.017531303841444433,fest.lib.id1888,2012,0.9014664491525963,0,0,0,0,1,1,1,1
idfnew722,0.04118864848494047,fest.lib.id.na240,2014,0.06203455950095228,0,0,0,0,1,1,1,2
tffnew2633,0.049715639557380786,fest.lib.id1668,2017,0.061815450712753774,0,0,0,0,1,1,1,1
frnew41,0.023050768433093723,fest.lib.id1648,2010,0.20248827622358084,0,0,0,0,0,1,0,3
idfnew958,0.024974121272387812,fest.lib.id.na236,2014,0.016167791167439913,0,0,0,0,0,0,0,0
1202,0.03248865705314615,fest.lib.id20,2013,0.034341018289259624,0,0,0,0,1,1,1,2
792,0.014794660312647855,fest.lib.id364,2013,0.6039825158473134,0,0,0,0,1,1,1,1
f17311,0.03057761612265445,fest.lib.id7160,2014,0.08755778354559723,0,0,0,0,0,0,0,0
tffnew2600,0.028701062524454982,fest.lib.id1808,2017,0.1145501607898263,0,0,0,0,1,1,1,2
tffnew515,0.014559746080745485,fest.lib.id1736,2012,1.0,0,0,0,0,1,1,1,1
f9021,0.0403843351825198,fest.lib.id285,2011,0.39801347663094955,0,0,0,0,1,1,2,3
f7710,0.04614950566574369,fest.lib.id1888,2016,0.9014664491525963,0,0,0,0,1,1,1,2
f17173,0.014841516497115162,fest.lib.id1888,2014,0.9014664491525963,0,0,0,0,1,1,1,1
tffnew292,0.02181572908127308,fest.lib.id1736,2011,1.0,0,0,0,0,1,1,1,2
idfnew617,0.008809858467147066,fest.lib.id731,2013,0.3424863555939673,0,0,0,0,0,1,0,1
tffnew2527,0.009336977626214061,fest.lib.id1736,2017,1.0,0,0,0,0,1,1,1,1
idfnew946,0.022484416585297682,fest.lib.id874,2014,0.5062687909078113,0,0,0,0,1,1,1,2
f9310,0.011993445323784204,fest.lib.id285,2016,0.39801347663094955,0,0,0,0,1,1,1,1
f9307,0.02673228182989831,fest.lib.id285,2016,0.39801347663094955,0,0,0,0,1,1,1,2
frnew1102,0.041552336352617875,fest.lib.id1510,2017,0.03750500301014553,0,0,0,0,0,0,0,0
I1406100,0.01673754147512044,fest.lib.id731,2014,0.3424863555939673,0,0,0,0,1,1,1,2
tffnew1857,0.06491870106591185,fest.lib.id285,2015,0.39801347663094955,0,0,0,0,1,1,2,4
f8357,0.03525707290942176,fest.lib.id1736,2016,1.0,0,0,0,0,1,1,2,3
tffnew1955,0.03486006493098873,fest.lib.id1736,2016,1.0,0,0,0,0,1,1,2,2
f17263,0.009336977626214061,fest.lib.id1736,2014,1.0,0,0,0,0,1,1,1,1
tffnew8,0.009336977626214061,fest.lib.id1736,2011,1.0,0,0,0,0,1,1,1,1
189,0.009940784625779017,fest.lib.id1888,2013,0.9014664491525963,0,0,0,0,1,1,1,1
frnew243,0.009467934820000894,fest.lib.id.na139,2015,0.00824321031662001,0,0,0,0,0,0,0,0
f17259,0.031848085485739114,fest.lib.id1888,2014,0.9014664491525963,0,0,0,0,1,1,1,3
482,0.013922399249431849,fest.lib.id.na120,2007,0.04508871310438658,0,0,0,0,1,1,1,1
tffnew1479,0.06242754618965242,fest.lib.id1736,2014,1.0,0,0,0,0,1,1,1,2
f17100,0.11235006289903507,fest.lib.id1658,2014,0.15002034797660702,0,0,0,0,1,1,1,2
1389,0.020981035037192453,fest.lib.id285,2012,0.39801347663094955,0,0,0,0,1,1,2,3
1428,0.009940784625779017,fest.lib.id1888,2013,0.9014664491525963,0,0,0,0,1,1,1,1
N1200962,0.015298854838442422,fest.lib.id364,2012,0.6039825158473134,0,0,0,0,1,1,1,1
tffnew2675,0.012333706327952132,fest.lib.id1736,2017,1.0,0,0,0,0,1,1,1,1
frnew811,0.008678494875567084,fest.lib.id1557,2015,0.19355067805909,0,0,0,0,0,1,0,1
667,0.022205948371333002,fest.lib.id1736,2013,1.0,0,0,0,0,1,1,1,1
f17568,0.012722740533854828,fest.lib.id1888,2015,0.9014664491525963,0,0,0,0,1,1,1,1
tffnew2230,0.01679360174910767,fest.lib.id1736,2016,1.0,0,0,0,0,1,1,1,1
frnew467,0.010470746031531416,fest.lib.id665,2014,0.318359506181511,0,0,0,0,0,1,0,1
f8303,0.01847188462289536,fest.lib.id1888,2017,0.9014664491525963,0,0,0,0,1,1,1,1
tffnew1843,0.04456792617092673,fest.lib.id1664,2015,0.15064075420920695,0,0,0,0,1,1,1,3
f8059,0.016086264174832228,fest.lib.id1888,2017,0.9014664491525963,0,0,0,0,1,1,1,1
9425fnosuv,0.018208217935727817,fest.lib.id285,2016,0.39801347663094955,0,0,0,0,1,1,1,1
697,0.017748023532218396,fest.lib.id1888,2013,0.9014664491525963,0,0,0,0,1,1,1,1
f8223,0.027242212367379903,fest.lib.id1888,2017,0.9014664491525963,0,0,0,0,1,1,1,1
1458,0.023413743410943967,fest.lib.id117,2013,0.039048634073661166,0,0,0,0,1,1,1,1
idfnew1213,0.009917830623773796,imdbady00082,2016,0.004941881533042843,0,0,0,0,0,0,0,0
tffnew77,0.05043895008669222,fest.lib.id1808,2011,0.1145501607898263,0,0,0,0,1,1,1,1
f17284,0.014329968521070022,fest.lib.id217,2013,0.13475573540038221,0,0,0,0,0,0,0,0
1055,0.009336977626214061,fest.lib.id1736,2013,1.0,0,0,0,0,1,1,1,1
688,0.009940784625779017,fest.lib.id1888,2013,0.9014664491525963,0,0,0,0,1,1,1,1
tffnew2033,0.03818512506772068,fest.lib.id285,2016,0.39801347663094955,0,0,0,0,1,1,2,4
1062,0.02660604943374815,fest.lib.id1658,2013,0.15002034797660702,0,0,0,0,0,1,0,1
frnew1026,0.033650353414476246,fest.lib.id909,2017,0.13015898047987368,0,0,0,0,0,1,0,1
1723,0.03091751483096583,fest.lib.id1892,2013,0.016038140602942452,0,0,0,0,1,1,1,1
1118,0.019534328079449007,fest.lib.id1736,2013,1.0,0,0,0,0,1,1,1,1
tffnew1309,0.02898072162632892,fest.lib.id117,2014,0.039048634073661166,0,0,0,0,1,1,1,2
f8189,0.018862676014725438,fest.lib.id731,2017,0.3424863555939673,0,0,0,0,1,1,1,2
816,0.0715024385121173,fest.lib.id364,2012,0.6039825158473134,0,0,0,0,1,1,1,1
idfnew652,0.0092720581062447,fest.lib.id.na375,2013,0.19236865604671277,0,0,0,0,0,0,0,0
idfnew1890,0.0092720581062447,fest.lib.id.na375,2018,0.19236865604671277,0,0,0,0,0,0,0,0
idfnew1387,0.016322898909051864,fest.lib.id874,2016,0.5062687909078113,0,0,0,0,1,1,1,1
tffnew2012,0.024932152011749587,fest.lib.id1736,2016,1.0,0,0,0,0,1,1,2,2
N1401425,0.022155562734722176,fest.lib.id1503,2013,0.02528824098579947,0,0,0,0,1,1,1,1
1678,0.028816777175597365,fest.lib.id1771,1963,0.009718048527422345,0,0,0,0,1,1,1,1
f16763,0.013448535984596102,fest.lib.id.na236,2011,0.016167791167439913,0,0,0,0,1,1,1,1
66,0.022826059056919815,fest.lib.id1821,2012,0.15848479903885174,0,0,0,0,1,1,1,2
I1405983,0.009164873030079372,fest.lib.id955,2014,0.030472915589140497,0,0,0,0,0,0,0,0
f8052,0.013897548195277455,fest.lib.id1888,2017,0.9014664491525963,0,0,0,0,1,1,1,1
I1400475,0.0239940117855515,fest.lib.id.survey.na615,2013,0.003524147350075408,0,0,0,0,0,0,0,0
1467,0.023067198716006966,fest.lib.id208,2012,0.04600974406402983,0,0,0,0,1,1,1,1
f8123,0.02946084699202873,fest.lib.id1888,2017,0.9014664491525963,0,0,0,0,1,1,1,1
f9139,0.05816375122977957,fest.lib.id285,2014,0.39801347663094955,0,0,0,0,1,1,1,1
tffnew1277,0.0342007592094465,fest.lib.id1736,2014,1.0,0,0,0,0,1,1,1,2
tffnew1897,0.034812341357940806,fest.lib.id1736,2015,1.0,0,0,0,0,1,1,1,1
f17626,0.024273754490742563,fest.lib.id.na368,2014,0.0035962382017809286,0,0,0,0,1,1,1,2
f9018,0.04221945209457575,fest.lib.id285,2011,0.39801347663094955,0,0,0,0,1,1,1,3
f16890,0.020191117613141484,fest.lib.id1888,2012,0.9014664491525963,0,0,0,0,1,1,1,1
f8154,0.022532801250770163,fest.lib.id1888,2017,0.9014664491525963,0,0,0,0,1,1,1,1
tffnew2504,0.05818938899797163,fest.lib.id284,2017,0.0022078298251507586,0,0,0,0,1,1,2,4
I1405865,0.014060782434312037,fest.lib.id364,2014,0.6039825158473134,0,0,0,0,1,1,1,1
f7713,0.08269334929953168,fest.lib.id1888,2016,0.9014664491525963,0,0,0,0,1,1,1,2
idfnew456,0.017434003922998115,fest.lib.id.na375,2013,0.19236865604671277,0,0,0,0,0,0,0,0
I1401976,0.011219045524521635,fest.lib.id364,2014,0.6039825158473134,0,0,0,0,1,1,1,1
f7805,0.009940784625779017,fest.lib.id1888,2016,0.9014664491525963,0,0,0,0,1,1,1,1
f17664,0.010193479101432782,fest.lib.id.survey.na368,2016,0.019417545992852517,0,0,0,0,0,0,0,0
f17142,0.02237530533734854,fest.lib.id1888,2014,0.9014664491525963,0,0,0,0,1,1,1,2
frnew295,0.027799124175343064,fest.lib.id665,2012,0.318359506181511,0,0,0,0,0,1,0,1
N1400389,0.011219045524521635,fest.lib.id364,2014,0.6039825158473134,0,0,0,0,1,1,1,1
tffnew2277,0.014659242883760438,fest.lib.id1736,2016,1.0,0,0,0,0,1,1,1,1
f17270,0.05853416671081571,fest.lib.id.na90,2013,0.015772236282366865,0,0,0,0,1,1,1,2
I1604618,0.028349069391478236,fest.lib.id1697,2014,0.05210166239461778,0,0,0,0,1,1,1,1
I1403803,0.01865769668302735,fest.lib.id364,2014,0.6039825158473134,0,0,0,0,1,1,1,1
tffnew2671,0.09810124850562546,fest.lib.id1808,2017,0.1145501607898263,0,0,0,0,1,1,1,3
f16680,0.015614055969823694,fest.lib.id117,2011,0.039048634073661166,0,0,0,0,0,0,0,0
327,0.009940784625779017,fest.lib.id1888,2013,0.9014664491525963,0,0,0,0,1,1,1,1
idfnew1827,0.0196915503793468,fest.lib.id1684,2017,0.0019492579203750416,0,0,0,0,0,0,0,0
I1104828,0.26456999676131343,fest.lib.id731,2010,0.3424863555939673,0,0,0,0,1,1,2,3
1001,0.013503291832118066,fest.lib.id1736,2013,1.0,0,0,0,0,1,1,1,1
623,0.019657669230886497,fest.lib.id874,2013,0.5062687909078113,0,0,0,0,1,1,1,1
1649,0.015344973087605237,fest.lib.id364,2013,0.6039825158473134,0,0,0,0,1,1,1,1
f16785,0.03925707886484042,fest.lib.id1888,2012,0.9014664491525963,0,0,0,0,1,1,1,1
I1200540,0.010090504227948226,fest.lib.id.na57,2010,0.00688470427560502,0,0,0,0,0,0,0,0
idfnew270,0.015287805144827511,fest.lib.id751,2011,0.06591674348473482,0,0,0,0,0,0,0,0
f16717,0.014597288034644463,fest.lib.id1888,2011,0.9014664491525963,0,0,0,0,1,1,1,1
350,0.016756001068332117,fest.lib.id510,1997,0.032092881033137406,0,0,0,0,1,1,1,1
frnew383,0.010446404783078577,fest.lib.id1904,2012,0.00999093343119598,0,0,0,0,0,0,0,0
idfnew216,0.011341490742368393,fest.lib.id.na4,2010,0.03566994574215833,0,0,0,0,0,0,0,0
frnew875,0.014183746214408615,fest.lib.id.na42,2015,0.06417041546238612,0,0,0,0,0,0,0,0
idfnew1597,0.03464887114409704,fest.lib.id.na236,2016,0.016167791167439913,0,0,0,0,1,1,1,1
I1400682,0.009342835190498234,fest.lib.id.na292,2014,0.07612469051374422,0,0,0,0,0,0,0,0
140,0.03523091209371892,fest.lib.id1736,2013,1.0,0,0,0,0,1,1,1,2
9579fnosuv,0.05328786020053115,fest.lib.id1808,1967,0.1145501607898263,0,0,0,0,1,1,2,2
idfnew103,0.00995575178972834,fest.lib.id874,2011,0.5062687909078113,0,0,0,0,1,1,1,1
tffnew2552,0.0175165932847716,fest.lib.id1736,2017,1.0,0,0,0,0,1,1,1,1
idfnew1663,0.014333949143030475,fest.lib.id874,2007,0.5062687909078113,0,0,0,0,1,1,1,1
idfnew1711,0.014836563007772148,fest.lib.id874,2017,0.5062687909078113,0,0,0,0,1,1,1,1
tffnew1141,0.009336977626214061,fest.lib.id1736,2014,1.0,0,0,0,0,1,1,1,1
tffnew2311,0.040290712865057095,fest.lib.id1736,2016,1.0,0,0,0,0,1,1,1,2
frnew906,0.00998231136511618,fest.lib.id.na191,2015,0.04577591160462887,0,0,0,0,0,0,0,0
1373,0.015554331295782854,fest.lib.id1736,2013,1.0,0,0,0,0,1,1,1,1
f16888,0.04322411540999336,fest.lib.id.na225,2012,0.008534922080603677,0,0,0,0,1,1,1,2
N1501600,0.02063668580019386,fest.lib.id1611,2014,0.03077133127229219,0,0,0,0,1,1,1,1
39,0.08120966081124707,fest.lib.id763,2013,0.16911813420957966,0,0,0,0,1,1,2,3
idfnew649,0.021048357826931416,fest.lib.id1888,2008,0.9014664491525963,0,0,0,0,1,1,1,1
1461,0.01191129273677928,fest.lib.id1736,2013,1.0,0,0,0,0,1,1,1,1
N1400996,0.02321406630485454,fest.lib.id364,2014,0.6039825158473134,0,0,0,0,1,1,1,1
frnew460,0.011329451050560114,fest.lib.id1267,2013,0.008255238725366265,0,0,0,0,0,0,0,0
I1201986,0.01524721860493292,fest.lib.id1892,2011,0.016038140602942452,0,0,0,0,0,0,0,0
f8321,0.01825825657887495,fest.lib.id1888,2017,0.9014664491525963,0,0,0,0,1,1,1,2
f8241,0.01376156821377003,fest.lib.id1888,2017,0.9014664491525963,0,0,0,0,1,1,1,1
650,0.010470746031531416,fest.lib.id665,2013,0.318359506181511,0,0,0,0,0,1,0,1
201,0.04316127962062707,fest.lib.id1736,2013,1.0,0,0,0,0,1,1,1,1
f9071,0.015342155884989491,fest.lib.id285,2012,0.39801347663094955,0,0,0,0,1,1,1,2
f7858,0.022012386036714723,fest.lib.id1888,2016,0.9014664491525963,0,0,0,0,1,1,1,2
tffnew393,0.07502473692332917,fest.lib.id7160,2012,0.08755778354559723,0,0,0,0,1,1,1,2
f17150,0.009940784625779017,fest.lib.id1888,2014,0.9014664491525963,0,0,0,0,1,1,1,1
tffnew1369,0.01433437646733025,fest.lib.id1736,2014,1.0,0,0,0,0,1,1,1,1
I1403807,0.014414399074026352,fest.lib.id285,2013,0.39801347663094955,0,0,0,0,1,1,2,2
N1701595,0.011219045524521635,fest.lib.id364,2017,0.6039825158473134,0,0,0,0,1,1,1,1
f16940,0.017010938558268972,fest.lib.id1888,2012,0.9014664491525963,0,0,0,0,1,1,1,1
f8255,0.015175006274055321,fest.lib.id174,2016,0.12232867487620556,0,0,0,0,1,1,1,1
f9333,0.019444775850095155,fest.lib.id285,2017,0.39801347663094955,0,0,0,0,1,1,1,2
521,0.009336977626214061,fest.lib.id1736,2013,1.0,0,0,0,0,1,1,1,1
174,0.03589737031427782,fest.lib.id.na163,2013,0.00263475562171809,0,0,0,0,1,1,1,2
N1701289,0.015577336211046884,fest.lib.id364,2017,0.6039825158473134,0,0,0,0,1,1,1,1
tffnew1735,0.03902085422339494,fest.lib.id285,2015,0.39801347663094955,0,0,0,0,1,1,2,5
tffnew349,0.017259140537690863,fest.lib.id1736,2012,1.0,0,0,0,0,1,1,1,1
1466,0.009336977626214061,fest.lib.id1736,2013,1.0,0,0,0,0,1,1,1,1
tffnew2240,0.014345578236214,fest.lib.id1736,2016,1.0,0,0,0,0,1,1,1,1
tffnew2493,0.009336977626214061,fest.lib.id1736,2017,1.0,0,0,0,0,1,1,1,1
tffnew316,0.017452065558141536,fest.lib.id1736,2011,1.0,0,0,0,0,1,1,1,2
idfnew1848,0.012662760517138077,fest.lib.id874,2017,0.5062687909078113,0,0,0,0,1,1,1,2
idfnew1835,0.014939483879694798,fest.lib.id874,2017,0.5062687909078113,0,0,0,0,1,1,1,1
f8028,0.024525448042397188,fest.lib.id1888,2016,0.9014664491525963,0,0,0,0,1,1,1,1
frnew624,0.025569364151313924,fest.lib.id174,2014,0.12232867487620556,0,0,0,0,0,1,0,1
f8105,0.03314761896563838,fest.lib.id6352,2016,0.00850150382254969,0,0,0,0,1,1,1,1
tffnew2203,0.011944761373351206,fest.lib.id1808,2016,0.1145501607898263,0,0,0,0,1,1,1,1
f17135,0.01733665567212008,fest.lib.id268,2014,0.03638586113407253,0,0,0,0,0,0,0,0
tffnew230,0.0480358110831426,fest.lib.id1808,2011,0.1145501607898263,0,0,0,0,1,1,1,2
frnew753,0.02470056927380855,fest.lib.id1768,2014,0.07352724707497833,0,0,0,0,0,0,0,0
10,0.03869031274976971,fest.lib.id285,2013,0.39801347663094955,0,0,0,0,1,1,2,4
idfnew1437,0.04675967360982673,fest.lib.id1768,2016,0.07352724707497833,0,0,0,0,1,1,1,3
f9059,0.012013002562929002,fest.lib.id174,2011,0.12232867487620556,0,0,0,0,1,1,1,1
frnew474,0.05643352012695002,fest.lib.id1557,2014,0.19355067805909,0,0,0,0,0,1,0,2
tffnew2683,0.06414807929077541,fest.lib.id1736,2017,1.0,0,0,0,0,1,1,1,1
idfnew418,0.032690480215233984,fest.lib.id7598,2013,0.04410357690711096,0,0,0,0,0,0,0,0
f8005,0.008845081747011143,fest.lib.id480,2014,0.0566266130237478,0,0,0,0,0,0,0,0
tffnew2540,0.009336977626214061,fest.lib.id1736,2017,1.0,0,0,0,0,1,1,1,1
98,0.012947716371534008,fest.lib.id1888,2013,0.9014664491525963,0,0,0,0,1,1,1,1
24,0.08588789445365395,fest.lib.id1538,2012,0.004987785974577043,0,0,0,0,1,1,2,3
tffnew2267,0.009336977626214061,fest.lib.id1736,2016,1.0,0,0,0,0,1,1,1,1
797,0.048069717561371496,fest.lib.id1888,2013,0.9014664491525963,0,0,0,0,1,1,1,2
tffnew366,0.009336977626214061,fest.lib.id1736,2012,1.0,0,0,0,0,1,1,1,1
idfnew997,0.013124960156235713,fest.lib.id874,2015,0.5062687909078113,0,0,0,0,1,1,1,1
idfnew14,0.018147938973047003,id401,2008,0.07211320128732311,0,0,0,0,0,0,0,0
f17592,0.009940784625779017,fest.lib.id1888,2015,0.9014664491525963,0,0,0,0,1,1,1,1
tffnew1870,0.026156679579237747,fest.lib.id285,1976,0.39801347663094955,0,0,0,0,1,1,2,3
f17430,0.023278791563284395,fest.lib.id1658,2015,0.15002034797660702,0,0,0,0,1,1,1,1
frnew171,0.015621682126257853,fest.lib.id.survey.na526,2011,0.15796024924762553,0,0,0,0,0,1,0,1
idfnew509,0.01825109119606033,fest.lib.id1736,1991,1.0,0,0,0,0,1,1,1,1
N1700998,0.015577336211046884,fest.lib.id364,2017,0.6039825158473134,0,0,0,0,1,1,1,1
idfnew584,0.050802764249855345,fest.lib.id874,2005,0.5062687909078113,0,0,0,0,1,1,1,2
idfnew862,0.016587204711788497,fest.lib.id874,2014,0.5062687909078113,0,0,0,0,1,1,1,1
idfnew1165,0.01572216141052115,fest.lib.id285,2015,0.39801347663094955,0,0,0,0,1,1,2,2
I1504869,0.013881728675087376,fest.lib.id1611,2014,0.03077133127229219,0,0,0,0,1,1,1,1
idfnew734,0.019045750489031378,fest.lib.id83,2015,0.017234630619636697,0,0,0,0,0,0,0,0
f8193,0.10218704788668109,fest.lib.id1402,2016,0.01682114414639636,0,0,0,0,1,1,1,1
119,0.009336977626214061,fest.lib.id1736,2013,1.0,0,0,0,0,1,1,1,1
tffnew1152,0.014478777685079389,fest.lib.id1736,2014,1.0,0,0,0,0,1,1,1,1
idfnew1927,0.010325547924628238,fest.lib.id6352,2017,0.00850150382254969,0,0,0,0,0,0,0,0
idfnew677,0.014051538181761254,fest.lib.id1768,2012,0.07352724707497833,0,0,0,0,0,0,0,0
f16383,0.017226008414869577,fest.lib.id1888,2011,0.9014664491525963,0,0,0,0,1,1,1,1
1655,0.01645689216147692,fest.lib.id20,2010,0.034341018289259624,0,0,0,0,1,1,1,1
1637,0.015185692984225141,fest.lib.id.na120,2012,0.04508871310438658,0,0,0,0,1,1,1,1
I1501207,0.06124190997636678,fest.lib.id1808,2014,0.1145501607898263,0,0,0,0,1,1,1,3
tffnew1715,0.0465559961169979,fest.lib.id1736,2015,1.0,0,0,0,0,1,1,1,2
499,0.026403749556897546,fest.lib.id.na284,2013,0.001424946479056169,0,0,0,0,1,1,1,1
f17377,0.012599817795725103,fest.lib.id463,2014,0.0779767084966147,0,0,0,0,1,1,1,1
134,0.011219045524521635,fest.lib.id364,2013,0.6039825158473134,0,0,0,0,1,1,1,1
tffnew97,0.023825084272947467,fest.lib.id1736,2011,1.0,0,0,0,0,1,1,1,1
f16364,0.014872750019279268,fest.lib.id1888,2011,0.9014664491525963,0,0,0,0,1,1,1,2
1611,0.011219045524521635,fest.lib.id364,1990,0.6039825158473134,0,0,0,0,1,1,1,1
N1701509,0.014538296272830502,id627,2017,0.06218359890861916,0,0,0,0,1,1,1,1
tffnew2431,0.009336977626214061,fest.lib.id1736,2017,1.0,0,0,0,0,1,1,1,1
f7728,0.026744180880526894,fest.lib.id1888,2016,0.9014664491525963,0,0,0,0,1,1,1,3
tffnew2032,0.030138535800789693,fest.lib.id285,2016,0.39801347663094955,0,0,0,0,1,1,2,3
9575fnosuv,0.02705716086902998,fest.lib.id1736,1977,1.0,0,0,0,0,1,1,1,1
frnew342,0.013106353114660048,fest.lib.id184,2012,0.012771551974560228,0,0,0,0,0,0,0,0
idfnew121,0.05333056082435567,fest.lib.id1296,1975,0.12314726966479073,0,0,0,0,1,1,3,3
f9124,0.009298203289242048,fest.lib.id285,2012,0.39801347663094955,0,0,0,0,1,1,1,1
frnew473,0.01404029565900304,fest.lib.id342,2013,0.030199973620409305,0,0,0,0,0,0,0,0
1180,0.009940784625779017,fest.lib.id1888,2013,0.9014664491525963,0,0,0,0,1,1,1,1
I1103827,0.024537268557866653,fest.lib.id.na13,2010,0.0033381560677030655,0,0,0,0,0,0,0,0
f17692,0.01875816333106213,fest.lib.id1888,2015,0.9014664491525963,0,0,0,0,1,1,1,1
f16886,0.014723197581562032,fest.lib.id1888,2012,0.9014664491525963,0,0,0,0,1,1,1,1
1186,0.011219045524521635,fest.lib.id364,2013,0.6039825158473134,0,0,0,0,1,1,1,1
1472,0.011219045524521635,fest.lib.id364,2013,0.6039825158473134,0,0,0,0,1,1,1,1
f7960,0.029641869278495932,fest.lib.id1736,2015,1.0,0,0,0,0,1,1,1,1
783,0.019453501699288358,fest.lib.id6727,1987,0.003602873785571368,0,0,0,0,1,1,2,2
f8144,0.07944149417759895,fest.lib.id1888,2017,0.9014664491525963,0,0,0,0,1,1,2,4
tffnew258,0.025682466394294383,fest.lib.id1736,2011,1.0,0,0,0,0,1,1,1,2
tffnew1215,0.08118645195085657,fest.lib.id.na485,2014,0.004413263693022536,0,0,0,0,1,1,1,3
tffnew1778,0.009336977626214061,fest.lib.id1736,2015,1.0,0,0,0,0,1,1,1,1
f16713,0.07705887384020729,fest.lib.id1888,2011,0.9014664491525963,0,0,0,0,1,1,1,3
frnew524,0.014207994647206098,fest.lib.id665,2014,0.318359506181511,0,0,0,0,0,1,0,1
tffnew2088,0.03344428838215709,id627,2016,0.06218359890861916,0,0,0,0,1,1,1,1
9366fnosuv,0.02571016317352489,fest.lib.id285,1946,0.39801347663094955,0,0,0,0,1,1,2,2
idfnew28,0.016052191574420685,fest.lib.id1618,2011,0.023481760681616358,0,0,0,0,0,0,0,0
frnew1088,0.01442649660998764,fest.lib.id1292,2017,0.004710768670663078,0,0,0,0,0,0,0,0
910,0.01844491629518967,fest.lib.id1888,2013,0.9014664491525963,0,0,0,0,1,1,1,1
tffnew1965,0.019802559210234192,fest.lib.id1919,2016,0.010972074825496638,0,0,0,0,0,0,0,0
9338fnosuv,0.016931064819619947,fest.lib.id1183,1959,0.04617845839505119,0,0,0,0,1,1,1,1
f9042,0.040828335362333414,fest.lib.id285,2011,0.39801347663094955,0,0,0,0,1,1,2,2
frnew1022,0.06726828736606615,fest.lib.id1183,2016,0.04617845839505119,0,0,0,0,1,1,1,2
idfnew1220,0.022816475012372692,fest.lib.id874,2015,0.5062687909078113,0,0,0,0,1,1,1,1
tffnew1960,0.05179801869040064,fest.lib.id1736,2016,1.0,0,0,0,0,1,1,1,2
I1404952,0.025835245694080262,fest.lib.id364,2014,0.6039825158473134,0,0,0,0,1,1,1,1
1405,0.02902124621519748,fest.lib.id1888,2013,0.9014664491525963,0,0,0,0,1,1,1,2
536,0.016445646835344416,fest.lib.id364,2013,0.6039825158473134,0,0,0,0,1,1,1,1
1612,0.0154107833938259,fest.lib.id.na46,1998,0.004220091832952866,0,0,0,0,1,1,1,1
f8222,0.012492747317881798,fest.lib.id1383,2017,0.019917966318304926,0,0,0,0,0,0,0,0
tffnew1296,0.07101796365099979,fest.lib.id1808,2014,0.1145501607898263,0,0,0,0,1,1,1,3
844,0.015495863470481704,fest.lib.id.survey.na41,2008,0.07660484868927712,0,0,0,0,1,1,1,1
idfnew1414,0.012678211444527004,fest.lib.id1150,2007,0.010222580535069145,0,0,0,0,1,1,1,1
idfnew699,0.011038954467398172,fest.lib.id752,2012,0.07935485557086505,0,0,0,0,0,0,0,0
f17165,0.014879578271778972,fest.lib.id1888,2014,0.9014664491525963,0,0,0,0,1,1,1,1
1346,0.009298203289242048,fest.lib.id285,2013,0.39801347663094955,0,0,0,0,1,1,1,1
571,0.012215273296505765,fest.lib.id1736,2013,1.0,0,0,0,0,1,1,1,1
tffnew1533,0.01140382275094359,fest.lib.id1258,2016,0.1587868864408964,0,0,0,0,0,0,0,0
idfnew83,0.02761457759329589,id401,2011,0.07211320128732311,0,0,0,0,0,0,0,0
idfnew816,0.01178449445189484,fest.lib.id1582,2014,0.04430384424256456,0,0,0,0,0,0,0,0
151,0.027584670673472134,fest.lib.id1050,2013,0.10887639162499597,0,0,0,0,1,1,1,2
tffnew2582,0.019722372122071022,fest.lib.id1736,2017,1.0,0,0,0,0,1,1,1,1
frnew354,0.013719672040100259,fest.lib.id.na191,2012,0.04577591160462887,0,0,0,0,0,0,0,0
f16971,0.01575883787823689,fest.lib.id1888,2012,0.9014664491525963,0,0,0,0,1,1,1,1
frnew894,0.015689547146034873,fest.lib.id6064,2016,0.05436316162960417,0,0,0,0,0,0,0,0
608,0.013028315859724584,fest.lib.id1177,2012,0.0358547708140046,0,0,0,0,0,1,0,1
N1700336,0.013659153921274031,fest.lib.id1543,2016,0.07586793383075503,0,0,0,0,1,1,1,1
idfnew763,0.02494866544068504,fest.lib.id388,2014,0.10657216405781064,0,0,0,0,1,1,1,1
887,0.03763618523939614,fest.lib.id285,2006,0.39801347663094955,0,0,0,0,1,1,2,2
702,0.014313262446072271,fest.lib.id1736,2013,1.0,0,0,0,0,1,1,1,1
27,0.05290131099048733,fest.lib.id1888,2013,0.9014664491525963,0,0,0,0,1,1,1,3
9445fnosuv,0.01602696295119186,fest.lib.id285,2016,0.39801347663094955,0,0,0,0,1,1,1,1
f17318,0.040550327998285916,fest.lib.id1888,2014,0.9014664491525963,0,0,0,0,1,1,1,3
f8305,0.028144608375931954,fest.lib.id1888,2017,0.9014664491525963,0,0,0,0,1,1,2,2
1004,0.03939507049430963,fest.lib.id1668,2013,0.061815450712753774,0,0,0,0,1,1,1,2
448,0.03275683307381246,fest.lib.id731,2013,0.3424863555939673,0,0,0,0,1,1,1,2
frnew277,0.009520824927594748,fest.lib.id.na443,2013,0.025111993397530303,0,0,0,0,0,0,0,0
tffnew2234,0.009336977626214061,fest.lib.id1736,2016,1.0,0,0,0,0,1,1,1,1
1435,0.009940784625779017,fest.lib.id1888,2013,0.9014664491525963,0,0,0,0,1,1,1,1
idfnew1708,0.02135643282722585,fest.lib.id874,2017,0.5062687909078113,0,0,0,0,1,1,1,2
tffnew2367,0.059152714088170855,fest.lib.id.na282,2017,0.006192364029310684,0,0,0,0,1,1,1,2
tffnew2112,0.009336977626214061,fest.lib.id1736,2016,1.0,0,0,0,0,1,1,1,1
1063,0.013993473633361068,fest.lib.id874,1995,0.5062687909078113,0,0,0,0,1,1,1,1
502,0.04030982207759641,fest.lib.id874,2013,0.5062687909078113,0,0,0,0,1,1,1,1
1045,0.017640559240896612,fest.lib.id1234,2012,0.048618230462118085,0,0,0,0,1,1,1,1
f7771,0.024599470328173723,fest.lib.id1888,2016,0.9014664491525963,0,0,0,0,1,1,1,1
tffnew1964,0.012033911100956671,fest.lib.id1736,2016,1.0,0,0,0,0,1,1,1,1
157,0.02208086146097678,fest.lib.id201,2013,0.004249649471627779,0,0,0,0,1,1,1,1
idfnew413,0.027705902151260366,fest.lib.id874,2012,0.5062687909078113,0,0,0,0,1,1,1,1
tffnew73,0.01474879594186945,fest.lib.id1736,2011,1.0,0,0,0,0,1,1,1,1
I1401364,0.011219045524521635,fest.lib.id364,2014,0.6039825158473134,0,0,0,0,1,1,1,1
frnew323,0.012509311486170894,fest.lib.id6064,2012,0.05436316162960417,0,0,0,0,0,0,0,0
tffnew1482,0.09656143557008134,fest.lib.id1808,2014,0.1145501607898263,0,0,0,0,1,1,1,4
f9086,0.04958226132706109,fest.lib.id285,2012,0.39801347663094955,0,0,0,0,1,1,1,2
578,0.04852874124954055,fest.lib.id1736,2012,1.0,0,0,0,0,1,1,2,2
I1105050,0.010228777302820933,fest.lib.id1899,2011,0.020175366079478816,0,0,0,0,0,0,0,0
1112,0.011885124725161757,fest.lib.id1736,2013,1.0,0,0,0,0,1,1,1,1
f8169,0.03394046721881634,fest.lib.id217,2016,0.13475573540038221,0,0,0,0,1,1,1,1
frnew332,0.03650269652422731,fest.lib.id1180,2011,0.022425458764178004,0,0,0,0,0,0,0,0
N1100443,0.010182659053658118,fest.lib.id.na471,2010,0.05809860871885474,0,0,0,0,0,0,0,0
f9110,0.014056897175817706,fest.lib.id285,2012,0.39801347663094955,0,0,0,0,1,1,1,1
9459fnosuv,0.04339381120540207,fest.lib.id.survey.na427,2000,0.0028983751536351314,0,0,0,0,0,0,0,0
tffnew2241,0.051004464371247484,fest.lib.id1658,2016,0.15002034797660702,0,0,0,0,1,1,1,3
415,0.03210677277651967,fest.lib.id217,2012,0.13475573540038221,0,0,0,0,1,1,1,2
tffnew110,0.02071966938885831,fest.lib.id1843,2010,0.01165070094018319,0,0,0,0,1,1,1,1
1279,0.027047988317360154,fest.lib.id.na137,2004,0.01579673964243101,0,0,0,0,1,1,1,1
tffnew1576,0.021703136283997216,fest.lib.id1736,2015,1.0,0,0,0,0,1,1,1,2
idfnew772,0.013713588807848181,fest.lib.id874,2014,0.5062687909078113,0,0,0,0,1,1,1,1
frnew294,0.016631303138002575,fest.lib.id1009,2011,0.0027526874876615953,0,0,0,0,0,0,0,0
tffnew1155,0.009853618178283778,fest.lib.id.na72,2015,0.007018989921137832,0,0,0,0,0,0,0,0
idfnew531,0.011763101318104844,fest.lib.id1768,2012,0.07352724707497833,0,0,0,0,0,0,0,0
idfnew621,0.028180799617614268,fest.lib.id974,2001,0.16229812321214043,0,0,0,0,0,0,0,0
idfnew478,0.017431369372979025,imdbady00834,1999,0.0032430048873215308,0,0,0,0,0,0,0,0
f16638,0.009940784625779017,fest.lib.id1888,2011,0.9014664491525963,0,0,0,0,1,1,1,1
1176,0.05729326227478907,fest.lib.id285,2013,0.39801347663094955,0,0,0,0,1,1,2,3
785,0.016008087925458166,fest.lib.id1888,2013,0.9014664491525963,0,0,0,0,1,1,1,1
1510,0.02097938955599857,fest.lib.id285,2012,0.39801347663094955,0,0,0,0,1,1,2,2
tffnew2336,0.030690800598032534,fest.lib.id1736,2016,1.0,0,0,0,0,1,1,1,3
I1100388,0.011219045524521635,fest.lib.id364,2011,0.6039825158473134,0,0,0,0,1,1,1,1
idfnew1914,0.01018399090256435,fest.lib.id1618,2018,0.023481760681616358,0,0,0,0,0,0,0,0
idfnew1665,0.019588310422501042,fest.lib.id1836,2017,0.03307221669352303,0,0,0,0,0,0,0,0
idfnew6,0.04623323031084236,fest.lib.id1658,1999,0.15002034797660702,0,0,0,0,1,1,2,2
648,0.013436113466713197,fest.lib.id997,2013,0.06166273990342565,0,0,0,0,1,1,1,1
frnew42,0.02473644804547134,fest.lib.id1009,2011,0.0027526874876615953,0,0,0,0,0,1,0,1
768,0.02636909502526388,fest.lib.id1888,2013,0.9014664491525963,0,0,0,0,1,1,2,2
1188,0.017652256177717478,fest.lib.id1658,2013,0.15002034797660702,0,0,0,0,1,1,1,2
frnew996,0.010470746031531416,fest.lib.id665,2017,0.318359506181511,0,0,0,0,0,1,0,1
f9101,0.021125854914735506,fest.lib.id285,2012,0.39801347663094955,0,0,0,0,1,1,1,1
tffnew1898,0.04171571637146178,fest.lib.id1736,2015,1.0,0,0,0,0,1,1,1,2
f17687,0.015435040072864269,fest.lib.id1888,2015,0.9014664491525963,0,0,0,0,1,1,1,2
I1600879,0.053088194916334853,fest.lib.id7160,2015,0.08755778354559723,0,0,0,0,1,1,1,1
tffnew1729,0.02488401603742615,fest.lib.id1658,2015,0.15002034797660702,0,0,0,0,1,1,1,1
630,0.010470746031531416,fest.lib.id665,2013,0.318359506181511,0,0,0,0,0,1,0,1
frnew771,0.030706820467499115,fest.lib.id1808,1982,0.1145501607898263,0,0,0,0,1,1,1,1
tffnew1386,0.01452040650918096,fest.lib.id1808,2014,0.1145501607898263,0,0,0,0,1,1,1,2
f8233,0.03630625773619068,fest.lib.id1888,2017,0.9014664491525963,0,0,0,0,1,1,2,2
tffnew1706,0.028586118074873306,fest.lib.id1736,2015,1.0,0,0,0,0,1,1,1,1
idfnew766,0.01306163186283299,fest.lib.id336,1990,0.02015536754326901,0,0,0,0,1,1,1,1
tffnew2171,0.009336977626214061,fest.lib.id1736,2016,1.0,0,0,0,0,1,1,1,1
f16807,0.05051390092622008,fest.lib.id1888,2012,0.9014664491525963,0,0,0,0,1,1,1,2
274,0.013436113466713197,fest.lib.id874,2013,0.5062687909078113,0,0,0,0,1,1,1,1
f7916,0.02579713139046864,fest.lib.id1888,2016,0.9014664491525963,0,0,0,0,1,1,1,2
58,0.07563430434151902,fest.lib.id285,2013,0.39801347663094955,0,0,0,0,1,1,2,3
f16447,0.01768349351739867,fest.lib.id1888,2011,0.9014664491525963,0,0,0,0,1,1,1,1
1656,0.01513080535997749,fest.lib.id364,2013,0.6039825158473134,0,0,0,0,1,1,1,1
f9127,0.11617164261505186,fest.lib.id285,2014,0.39801347663094955,0,0,0,0,1,1,2,4
N1401644,0.032634940308569366,fest.lib.id490,2013,0.01162454417668349,0,0,0,0,1,1,1,1
N1400428,0.027660516910784423,fest.lib.id6558,2013,0.022927788110100236,0,0,0,0,1,1,1,2
tffnew2238,0.03397767530651772,fest.lib.id1808,1966,0.1145501607898263,0,0,0,0,1,1,2,4
252,0.02348336559896458,fest.lib.id1736,2013,1.0,0,0,0,0,1,1,1,2
1579,0.015577336211046884,fest.lib.id.na365,2011,0.053889133022886754,0,0,0,0,1,1,1,1
idfnew656,0.026644137151809456,fest.lib.id38,2012,0.01570669147454149,0,0,0,0,1,1,1,1
idfnew128,0.025962279417415267,fest.lib.id.na227,1999,0.0068407960933985915,0,0,0,0,0,0,0,0
f8362,0.0783254720389574,fest.lib.id1658,2017,0.15002034797660702,0,0,0,0,1,1,2,2
1230,0.04691970012541312,fest.lib.id1050,2013,0.10887639162499597,0,0,0,0,1,1,1,1
475,0.01660052334438241,fest.lib.id1888,1958,0.9014664491525963,0,0,0,0,1,1,2,2
I1703431,0.012605844344126158,imdbady01515,2015,0.0027981800064347823,0,0,0,0,0,0,0,0
f17340,0.024651325413407775,fest.lib.id1888,2014,0.9014664491525963,0,0,0,0,1,1,1,1
frnew419,0.04900548647578251,fest.lib.id665,2012,0.318359506181511,0,0,0,0,0,1,0,1
tffnew1837,0.019687491664046614,fest.lib.id1736,2015,1.0,0,0,0,0,1,1,2,2
f16671,0.009940784625779017,fest.lib.id1888,2011,0.9014664491525963,0,0,0,0,1,1,1,1
tffnew2061,0.015996716344817453,fest.lib.id1736,2016,1.0,0,0,0,0,1,1,2,2
tffnew2606,0.06949343043201558,fest.lib.id117,2017,0.039048634073661166,0,0,0,0,1,1,1,2
idfnew750,0.012902493901465728,fest.lib.id966,2014,0.0058504691803312,0,0,0,0,0,0,0,0
idfnew620,0.010357250981595212,fest.lib.id1731,2013,0.005506212914349632,0,0,0,0,0,0,0,0
32,0.1854752569540749,fest.lib.id285,2013,0.39801347663094955,0,0,0,0,1,1,2,3
idfnew15,0.012464380445149296,fest.lib.id874,2011,0.5062687909078113,0,0,0,0,1,1,1,1
755,0.04123097972125124,fest.lib.id1658,2013,0.15002034797660702,0,0,0,0,1,1,1,2
f8045,0.025499327970822196,fest.lib.id1888,2016,0.9014664491525963,0,0,0,0,1,1,1,1
tffnew1976,0.059559473112286924,fest.lib.id1808,2016,0.1145501607898263,0,0,0,0,1,1,1,1
tffnew2337,0.03967508190702963,fest.lib.id.na.ch163,2016,0.02124090626912694,0,0,0,0,1,1,1,4
f9109,0.019471362198656503,fest.lib.id285,2012,0.39801347663094955,0,0,0,0,1,1,1,2
tffnew2510,0.01724043120420054,fest.lib.id1736,2017,1.0,0,0,0,0,1,1,1,1
tffnew469,0.017691543815113574,fest.lib.id1808,2012,0.1145501607898263,0,0,0,0,0,0,0,0
tffnew2434,0.06962670808690212,fest.lib.id1808,2017,0.1145501607898263,0,0,0,0,1,1,1,2
981,0.01208647216672815,fest.lib.id218,1993,0.01127171815311215,0,0,0,0,1,1,1,1
440,0.017306044543204134,fest.lib.id859,2013,0.013401782077490586,0,0,0,0,0,1,0,1
f7912,0.03249253719682949,fest.lib.id1888,2016,0.9014664491525963,0,0,0,0,1,1,1,1
idfnew1125,0.00995575178972834,fest.lib.id874,2015,0.5062687909078113,0,0,0,0,1,1,1,1
1057,0.00995575178972834,fest.lib.id874,2013,0.5062687909078113,0,0,0,0,1,1,1,1
frnew510,0.00852997995131767,fest.lib.id.survey.na526,2014,0.15796024924762553,0,0,0,0,0,0,0,0
tffnew2047,0.027399920443432795,fest.lib.id1736,2016,1.0,0,0,0,0,1,1,2,2
tffnew1352,0.06943857681978809,fest.lib.id1808,2014,0.1145501607898263,0,0,0,0,1,1,1,2
tffnew2698,0.07640841078844494,fest.lib.id1050,2017,0.10887639162499597,0,0,0,0,1,1,1,3
487,0.02502312355534077,fest.lib.id665,2013,0.318359506181511,0,0,0,0,0,1,0,1
f7907,0.024192878892995914,fest.lib.id1888,2016,0.9014664491525963,0,0,0,0,1,1,1,1
frnew888,0.029002996779019075,fest.lib.id1658,2016,0.15002034797660702,0,0,0,0,0,1,0,1
tffnew3,0.011845606281635017,fest.lib.id1736,2011,1.0,0,0,0,0,1,1,1,1
idfnew1473,0.00995575178972834,fest.lib.id874,2016,0.5062687909078113,0,0,0,0,1,1,1,1
f17057,0.11203905358893868,fest.lib.id1658,2014,0.15002034797660702,0,0,0,0,1,1,1,2
f9055,0.012617454037550916,fest.lib.id285,2011,0.39801347663094955,0,0,0,0,1,1,1,1
f17257,0.009940784625779017,fest.lib.id1888,2014,0.9014664491525963,0,0,0,0,1,1,1,1
idfnew580,0.012111595543159914,fest.lib.id7583,2013,0.012402266634712307,0,0,0,0,0,0,0,0
idfnew814,0.06837773866549803,fest.lib.id1808,2014,0.1145501607898263,0,0,0,0,0,1,0,1
f17352,0.12527831682935459,fest.lib.id1658,2014,0.15002034797660702,0,0,0,0,1,1,2,2
f8173,0.02396608976816411,fest.lib.id1888,2017,0.9014664491525963,0,0,0,0,1,1,1,2
f8147,0.009940784625779017,fest.lib.id1888,2017,0.9014664491525963,0,0,0,0,1,1,1,1
f16943,0.050783521568780854,fest.lib.id1658,2012,0.15002034797660702,0,0,0,0,1,1,1,1
f17113,0.05343088904560869,fest.lib.id1888,2014,0.9014664491525963,0,0,0,0,1,1,1,2
tffnew1585,0.02425103759607983,fest.lib.id1736,2015,1.0,0,0,0,0,1,1,2,3
838,0.010470746031531416,fest.lib.id665,2013,0.318359506181511,0,0,0,0,0,1,0,1
tffnew2479,0.021429274648058837,fest.lib.id1736,2017,1.0,0,0,0,0,1,1,2,2
tffnew2173,0.019997640282471578,fest.lib.id1808,2016,0.1145501607898263,0,0,0,0,1,1,1,1
f9090,0.05609754478281493,fest.lib.id285,2012,0.39801347663094955,0,0,0,0,1,1,1,3
idfnew1582,0.06943470457314321,fest.lib.id1658,2016,0.15002034797660702,0,0,0,0,1,1,1,1
idfnew117,0.0092720581062447,fest.lib.id.na375,2012,0.19236865604671277,0,0,0,0,0,0,0,0
f17312,0.01082756945101639,fest.lib.id.na336,2014,0.09896749631298603,0,0,0,0,0,0,0,0
tffnew2301,0.025370610832810413,fest.lib.id1736,2016,1.0,0,0,0,0,1,1,1,1
882,0.01662990985031186,fest.lib.id6635,2013,0.006101720651995687,0,0,0,0,1,1,1,1
f17474,0.02298380955107704,fest.lib.id1888,2015,0.9014664491525963,0,0,0,0,1,1,2,2
1220,0.04745151727139002,fest.lib.id1697,2012,0.05210166239461778,0,0,0,0,1,1,1,1
idfnew260,0.009298203289242048,fest.lib.id285,2007,0.39801347663094955,0,0,0,0,1,1,1,1
tffnew2332,0.009336977626214061,fest.lib.id1736,2016,1.0,0,0,0,0,1,1,1,1
tffnew461,0.016922836943795504,fest.lib.id1736,2012,1.0,0,0,0,0,1,1,1,1
1031,0.020746979224191858,fest.lib.id665,2013,0.318359506181511,0,0,0,0,0,1,0,1
frnew374,0.0128078692479337,fest.lib.id1167,2012,0.14309594420744598,0,0,0,0,0,0,0,0
f9294,0.08361144983006794,fest.lib.id285,2016,0.39801347663094955,0,0,0,0,1,1,2,4
737,0.028778372570447224,fest.lib.id364,2013,0.6039825158473134,0,0,0,0,1,1,1,2
687,0.022445112149206112,fest.lib.id1736,2013,1.0,0,0,0,0,1,1,1,2
108,0.009336977626214061,fest.lib.id1736,2013,1.0,0,0,0,0,1,1,1,1
N1701352,0.026518475691048683,id627,2017,0.06218359890861916,0,0,0,0,1,1,1,1
idfnew751,0.020183821456811784,fest.lib.id874,2014,0.5062687909078113,0,0,0,0,1,1,1,1
f17440,0.08373278310797906,imdbady00419,2014,0.0011987038986845872,0,0,0,0,1,1,1,1
idfnew1048,0.00995575178972834,fest.lib.id874,2015,0.5062687909078113,0,0,0,0,1,1,1,1
9226fnosuv,0.013378012603162837,fest.lib.id.na471,2013,0.05809860871885474,0,0,0,0,1,1,1,1
f16752,0.009336977626214061,fest.lib.id1736,2010,1.0,0,0,0,0,1,1,1,1
303,0.06402654565105234,fest.lib.id1658,2013,0.15002034797660702,0,0,0,0,1,1,1,3
f7917,0.03091793318595763,fest.lib.id1888,2016,0.9014664491525963,0,0,0,0,1,1,1,1
idfnew1569,0.07967022083267257,id401,2016,0.07211320128732311,0,0,0,0,1,1,1,4
idfnew1058,0.01497983216759826,fest.lib.id874,2015,0.5062687909078113,0,0,0,0,1,1,1,2
tffnew2414,0.01477186251293407,fest.lib.id1736,2017,1.0,0,0,0,0,1,1,1,1
f16601,0.06607624754487217,fest.lib.id1888,2010,0.9014664491525963,0,0,0,0,1,1,1,1
tffnew1832,0.06338893852741487,fest.lib.id1736,2015,1.0,0,0,0,0,1,1,1,3
f16997,0.009940784625779017,fest.lib.id1888,2012,0.9014664491525963,0,0,0,0,1,1,1,1
tffnew1694,0.016788216591969336,fest.lib.id1736,2015,1.0,0,0,0,0,1,1,1,1
idfnew852,0.015757246126735003,fest.lib.id874,2014,0.5062687909078113,0,0,0,0,1,1,1,1
I1500477,0.043131483393776024,fest.lib.id7160,2014,0.08755778354559723,0,0,0,0,1,1,1,2
f9292,0.10376356419422389,fest.lib.id285,2016,0.39801347663094955,0,0,0,0,1,1,2,3
idfnew753,0.029252479921283797,fest.lib.id.na240,2014,0.06203455950095228,0,0,0,0,0,0,0,0
1528,0.0180700504738767,fest.lib.id364,2013,0.6039825158473134,0,0,0,0,1,1,1,1
f16627,0.0187908134926477,fest.lib.id1888,2011,0.9014664491525963,0,0,0,0,1,1,1,1
idfnew37,0.01935012891351063,fest.lib.id874,2003,0.5062687909078113,0,0,0,0,1,1,1,1
tffnew48,0.012051776899901017,fest.lib.id1736,2011,1.0,0,0,0,0,1,1,1,1
f9263,0.01419108496082101,fest.lib.id285,2016,0.39801347663094955,0,0,0,0,1,1,1,1
frnew219,0.14788354497265446,id401,2011,0.07211320128732311,0,0,0,0,0,1,0,4
tffnew1882,0.01969982810893495,fest.lib.id1736,2015,1.0,0,0,0,0,1,1,1,1
tffnew2546,0.023658076468624858,fest.lib.id1736,2017,1.0,0,0,0,0,1,1,2,2
I1501867,0.0196853789408729,fest.lib.id1613,2014,0.06430215101394857,0,0,0,0,1,1,1,1
1530,0.011219045524521635,fest.lib.id364,2013,0.6039825158473134,0,0,0,0,1,1,1,1
f16385,0.028600465953377965,imdbady00540,2011,0.008444396584726685,0,0,0,0,1,1,1,1
idfnew972,0.07295034839731795,fest.lib.id1827,2014,0.013212879199878848,0,0,0,0,1,1,1,3
1206,0.011880265924045811,fest.lib.id1736,2013,1.0,0,0,0,0,1,1,1,1
f9141,0.06118831856713596,fest.lib.id285,2014,0.39801347663094955,0,0,0,0,1,1,2,3
N1700388,0.030274462783098442,fest.lib.id285,2016,0.39801347663094955,0,0,0,0,1,1,2,2
tffnew2335,0.057812188999939076,fest.lib.id117,2016,0.039048634073661166,0,0,0,0,1,1,1,1
tffnew1654,0.02791717762759628,fest.lib.id1736,2015,1.0,0,0,0,0,1,1,1,1
tffnew2118,0.06288930649353924,fest.lib.id1808,2016,0.1145501607898263,0,0,0,0,1,1,1,1
1669,0.014295812068193876,fest.lib.id1655,2012,0.0084309848272797,0,0,0,0,1,1,1,1
idfnew704,0.04521230092274595,fest.lib.id.na240,2014,0.06203455950095228,0,0,0,0,1,1,1,1
frnew763,0.028556583539481258,fest.lib.id238,2015,0.010711358167718224,0,0,0,0,0,1,0,1
I1602228,0.014122064012180595,fest.lib.id7160,2015,0.08755778354559723,0,0,0,0,1,1,1,1
tffnew2098,0.04941686945437771,fest.lib.id1808,2016,0.1145501607898263,0,0,0,0,1,1,1,2
1698,0.013837774442589407,fest.lib.id909,2010,0.13015898047987368,0,0,0,0,1,1,1,1
f16775,0.06190730186134423,fest.lib.id.na90,2011,0.015772236282366865,0,0,0,0,1,1,1,2
frnew18,0.009840210414721409,id238,2011,0.0408858975952493,0,0,0,0,0,0,0,0
f16411,0.0260080920646926,fest.lib.id1888,2011,0.9014664491525963,0,0,0,0,1,1,2,3
tffnew199,0.016823322424404694,fest.lib.id1736,2011,1.0,0,0,0,0,1,1,1,1
tffnew1233,0.07227143422765861,fest.lib.id1808,2014,0.1145501607898263,0,0,0,0,1,1,1,3
tffnew1866,0.012550137350224113,fest.lib.id1736,2016,1.0,0,0,0,0,1,1,1,1
9249fnosuv,0.009298203289242048,fest.lib.id285,2014,0.39801347663094955,0,0,0,0,1,1,1,1
I1101937,0.06512983207765863,fest.lib.id1541,2010,0.007137824457596991,0,0,0,0,1,1,1,1
idfnew1869,0.029632894132610176,fest.lib.id1893,1971,0.016624421352887907,0,0,0,0,1,1,1,1
794,0.01995169099481384,fest.lib.id441,2012,0.006488090295589559,0,0,0,0,1,1,1,1
tffnew514,0.05800287929962649,fest.lib.id1291,2012,0.014747440729239914,0,0,0,0,1,1,1,3
idfnew1300,0.08756034211670982,fest.lib.id1658,2015,0.15002034797660702,0,0,0,0,1,1,1,2
f7980,0.02647862302305042,fest.lib.id1888,2016,0.9014664491525963,0,0,0,0,1,1,2,2
f16538,0.01372244899122968,fest.lib.id1827,2011,0.013212879199878848,0,0,0,0,0,0,0,0
9562fnosuv,0.01827904991728978,fest.lib.id285,1956,0.39801347663094955,0,0,0,0,1,1,1,1
9577fnosuv,0.011905987036379191,fest.lib.id1808,1951,0.1145501607898263,0,0,0,0,1,1,1,1
f7739,0.01834041520772948,fest.lib.id1888,2016,0.9014664491525963,0,0,0,0,1,1,1,1
frnew427,0.015381768113100517,fest.lib.id1167,2012,0.14309594420744598,0,0,0,0,0,0,0,0
N1701659,0.011219045524521635,fest.lib.id364,2017,0.6039825158473134,0,0,0,0,1,1,1,1
idfnew20,0.012456716061805005,fest.lib.id874,2011,0.5062687909078113,0,0,0,0,1,1,1,1
tffnew1754,0.02632060888340571,fest.lib.id909,2015,0.13015898047987368,0,0,0,0,1,1,1,1
f17047,0.024884154000537527,fest.lib.id20,2011,0.034341018289259624,0,0,0,0,1,1,1,1
frnew365,0.16847903912937945,imdbady01487,2011,0.0019013705868256984,0,0,0,0,0,1,0,1
138,0.022657618794499276,fest.lib.id39,2012,0.09626611562864955,0,0,0,0,0,1,0,1
f17550,0.020772677421541583,fest.lib.id1888,2015,0.9014664491525963,0,0,0,0,1,1,1,1
I1101231,0.010687738918988457,fest.lib.id.na123,2011,0.00527162515712039,0,0,0,0,0,0,0,0
26,0.027164925234753494,fest.lib.id285,1959,0.39801347663094955,0,0,0,0,1,1,1,1
I1100070,0.013738467899110986,fest.lib.id1494,2010,0.14895479943977585,0,0,0,0,1,1,1,1
frnew749,0.028244000340573255,id401,2015,0.07211320128732311,0,0,0,0,0,1,0,1
tffnew1268,0.02571211324055113,fest.lib.id1736,2014,1.0,0,0,0,0,1,1,1,2
42,0.01676731956208789,fest.lib.id1887,2012,0.11341129673140814,0,0,0,0,1,1,1,2
1085,0.014259341950281394,fest.lib.id874,2013,0.5062687909078113,0,0,0,0,1,1,1,1
tffnew1454,0.06537999263649939,fest.lib.id1736,2014,1.0,0,0,0,0,1,1,1,5
671,0.04310607297764421,fest.lib.id364,2013,0.6039825158473134,0,0,0,0,1,1,1,2
9307fnosuv,0.009298203289242048,fest.lib.id285,2015,0.39801347663094955,0,0,0,0,1,1,1,1
1213,0.012455578480664229,fest.lib.id1888,2013,0.9014664491525963,0,0,0,0,1,1,1,2
f16637,0.04153251745352373,fest.lib.id1888,2011,0.9014664491525963,0,0,0,0,1,1,1,3
idfnew1133,0.024812632775461727,fest.lib.id1050,2015,0.10887639162499597,0,0,0,0,1,1,1,1
tffnew1618,0.015759992173061663,fest.lib.id4680,2015,0.1366072752245275,0,0,0,0,1,1,1,1
9551fnosuv,0.04662752090321151,fest.lib.id285,1999,0.39801347663094955,0,0,0,0,1,1,1,2
N1101263,0.013468072172017573,fest.lib.id1050,2010,0.10887639162499597,0,0,0,0,0,0,0,0
tffnew1646,0.04607976757782448,fest.lib.id1808,2015,0.1145501607898263,0,0,0,0,1,1,1,2
670,0.04979331941154556,fest.lib.id1180,2004,0.022425458764178004,0,0,0,0,1,1,1,1
tffnew96,0.011801699296730377,fest.lib.id1736,2011,1.0,0,0,0,0,1,1,1,1
f17249,0.032519318824759946,fest.lib.id1888,2014,0.9014664491525963,0,0,0,0,1,1,1,2
frnew127,0.009364095288189737,fest.lib.id1359,2010,0.03713247974486391,0,0,0,0,0,0,0,0
I1701298,0.008518201708820576,fest.lib.id1406,2016,0.05275076452374586,0,0,0,0,0,0,0,0
frnew925,0.020896448625570968,fest.lib.id206,2016,0.01882695794132455,0,0,0,0,0,0,0,0
f8099,0.04753673325442169,fest.lib.id1736,2016,1.0,0,0,0,0,1,1,2,2
idfnew1160,0.00995575178972834,fest.lib.id874,2015,0.5062687909078113,0,0,0,0,1,1,1,1
tffnew456,0.012043986353623798,fest.lib.id1736,2012,1.0,0,0,0,0,1,1,1,2
tffnew1114,0.049396910190756683,fest.lib.id1808,2014,0.1145501607898263,0,0,0,0,1,1,1,1
f16497,0.009940784625779017,fest.lib.id1888,2011,0.9014664491525963,0,0,0,0,1,1,1,1
f9155,0.02033319234179797,fest.lib.id285,2014,0.39801347663094955,0,0,0,0,1,1,1,2
frnew525,0.0332276889601231,fest.lib.id1432,2013,0.0063367379257681,0,0,0,0,0,1,0,1
f16865,0.019222892841768563,fest.lib.id1888,2012,0.9014664491525963,0,0,0,0,1,1,1,1
f16633,0.01574454263785557,fest.lib.id1888,2011,0.9014664491525963,0,0,0,0,1,1,1,1
tffnew1256,0.02380582469230458,imdbady01634,2014,0.0057242515547429075,0,0,0,0,0,0,0,0
f9395,0.009298203289242048,fest.lib.id285,2017,0.39801347663094955,0,0,0,0,1,1,1,1
6,0.009940784625779017,fest.lib.id1888,2013,0.9014664491525963,0,0,0,0,1,1,1,1
idfnew1447,0.030920970888834345,fest.lib.id874,2016,0.5062687909078113,0,0,0,0,1,1,1,2
308,0.009336977626214061,fest.lib.id1736,2013,1.0,0,0,0,0,1,1,1,1
f9323,0.12179420053209042,fest.lib.id285,2017,0.39801347663094955,0,0,0,0,1,1,2,3
tffnew101,0.022593044272990404,fest.lib.id1808,2011,0.1145501607898263,0,0,0,0,1,1,1,1
f9332,0.09252280539012155,fest.lib.id285,2017,0.39801347663094955,0,0,0,0,1,1,2,4
tffnew513,0.04188654133305348,fest.lib.id909,2012,0.13015898047987368,0,0,0,0,1,1,1,1
934,0.011580724785106255,fest.lib.id1736,2013,1.0,0,0,0,0,1,1,1,1
I1105369,0.01607467865198864,id289,2010,0.032710941086123504,0,0,0,0,0,0,0,0
f9394,0.05891978152341293,fest.lib.id285,2017,0.39801347663094955,0,0,0,0,1,1,1,1
f9177,0.01912362428367301,fest.lib.id285,2014,0.39801347663094955,0,0,0,0,1,1,1,1
136,0.02127362441870405,fest.lib.id4680,2013,0.1366072752245275,0,0,0,0,1,1,1,1
tffnew2193,0.016081476265093333,fest.lib.id1736,2016,1.0,0,0,0,0,1,1,2,2
tffnew2144,0.017597956680584656,fest.lib.id285,2016,0.39801347663094955,0,0,0,0,1,1,2,2
N1701341,0.015913902383772174,fest.lib.id364,2017,0.6039825158473134,0,0,0,0,1,1,1,1
I1406128,0.013751507133047071,fest.lib.id364,2014,0.6039825158473134,0,0,0,0,1,1,1,1
f17081,0.015467221942947643,fest.lib.id1888,2014,0.9014664491525963,0,0,0,0,1,1,1,1
f16988,0.029200124593288204,fest.lib.id1888,2012,0.9014664491525963,0,0,0,0,1,1,1,1
idfnew874,0.026775751759936836,fest.lib.id1535,2014,0.08500246471603438,0,0,0,0,0,1,0,1
148,0.026849485930033102,fest.lib.id874,2013,0.5062687909078113,0,0,0,0,1,1,1,1
frnew1064,0.01887679979733534,fest.lib.id1544,2017,0.043549453066737534,0,0,0,0,0,0,0,0
tffnew1478,0.015663391200590265,fest.lib.id1736,2014,1.0,0,0,0,0,1,1,1,2
tffnew2609,0.038366992173339214,fest.lib.id731,2017,0.3424863555939673,0,0,0,0,1,1,1,2
f16749,0.04451087522142748,fest.lib.id1658,2011,0.15002034797660702,0,0,0,0,0,1,0,1
tffnew182,0.03368375742386226,fest.lib.id1736,2011,1.0,0,0,0,0,1,1,1,1
idfnew248,0.035541392954967645,fest.lib.id874,2011,0.5062687909078113,0,0,0,0,1,1,1,2
892,0.01582125581038348,fest.lib.id874,2013,0.5062687909078113,0,0,0,0,1,1,1,2
frnew126,0.10582848935007505,imdbady00433,2010,0.0013861386566507486,0,0,0,0,0,1,0,1
tffnew1919,0.008999730257006533,fest.lib.id.na213,2015,0.0192305499949209,0,0,0,0,0,0,0,0
I1201872,0.010134918733913199,fest.lib.id216,2011,0.011601333047554022,0,0,0,0,0,0,0,0
tffnew218,0.009336977626214061,fest.lib.id1736,2011,1.0,0,0,0,0,1,1,1,1
tffnew2607,0.016559772291748192,fest.lib.id1736,2017,1.0,0,0,0,0,1,1,1,2
tffnew40,0.009336977626214061,fest.lib.id1736,2011,1.0,0,0,0,0,1,1,1,1
idfnew347,0.01564711580082515,fest.lib.id1674,2014,0.018646473978450793,0,0,0,0,0,0,0,0
idfnew789,0.013114247082973741,fest.lib.id1722,2002,0.10246538636036051,0,0,0,0,1,1,1,1
f8249,0.027910858710648346,fest.lib.id1888,2017,0.9014664491525963,0,0,0,0,1,1,1,2
tffnew1144,0.04606512241380348,fest.lib.id1736,2014,1.0,0,0,0,0,1,1,1,1
9563fnosuv,0.01893650559473355,fest.lib.id285,1957,0.39801347663094955,0,0,0,0,1,1,1,1
idfnew85,0.01952861194618252,fest.lib.id874,2011,0.5062687909078113,0,0,0,0,1,1,1,1
7,0.03466638814972933,fest.lib.id1808,2013,0.1145501607898263,0,0,0,0,1,1,1,2
f16427,0.023771012784357868,fest.lib.id1888,2011,0.9014664491525963,0,0,0,0,1,1,1,1
idfnew637,0.020326021764319146,fest.lib.id874,2012,0.5062687909078113,0,0,0,0,1,1,1,1
f16863,0.009940784625779017,fest.lib.id1888,2012,0.9014664491525963,0,0,0,0,1,1,1,1
idfnew1294,0.029919021885980213,fest.lib.id1535,2015,0.08500246471603438,0,0,0,0,0,1,0,1
15,0.09395181036634778,fest.lib.id285,2013,0.39801347663094955,0,0,0,0,1,1,2,3
f16401,0.024231466796958024,fest.lib.id.na47,2010,0.014149528567519845,0,0,0,0,1,1,1,1
f16968,0.017225322805249802,fest.lib.id.survey.na101,2011,0.021677342244600706,0,0,0,0,1,1,1,1
idfnew21,0.02892186838762404,fest.lib.id1658,2011,0.15002034797660702,0,0,0,0,0,1,0,1
f17573,0.03011989499692335,fest.lib.id1888,2015,0.9014664491525963,0,0,0,0,1,1,1,2
frnew71,0.015335157520414002,fest.lib.id1489,2010,0.11452150555649154,0,0,0,0,0,1,0,1
f9297,0.10510076062575402,fest.lib.id285,2016,0.39801347663094955,0,0,0,0,1,1,2,3
tffnew1831,0.012215273296505765,fest.lib.id1736,2015,1.0,0,0,0,0,1,1,1,1
idfnew1391,0.015282010832930074,fest.lib.id1494,2016,0.14895479943977585,0,0,0,0,1,1,1,1
f16536,0.01402632172907572,fest.lib.id1115,2010,0.08905067793670396,0,0,0,0,0,0,0,0
f17082,0.05986277522665317,imdbady00540,2014,0.008444396584726685,0,0,0,0,1,1,1,2
tffnew1466,0.008809858467147066,fest.lib.id731,2014,0.3424863555939673,0,0,0,0,0,1,0,1
frnew842,0.010470746031531416,fest.lib.id665,2016,0.318359506181511,0,0,0,0,0,1,0,1
142,0.05212525126279227,fest.lib.id285,2013,0.39801347663094955,0,0,0,0,1,1,1,2
9350fnosuv,0.01796154913679666,fest.lib.id907,1993,0.0181019727234368,0,0,0,0,1,1,1,1
237,0.024386285381840962,fest.lib.id1736,2013,1.0,0,0,0,0,1,1,1,2
946,0.012515036505609803,fest.lib.id1888,2013,0.9014664491525963,0,0,0,0,1,1,1,1
frnew4,0.025310301542122767,fest.lib.id1234,2009,0.048618230462118085,0,0,0,0,0,1,0,1
tffnew346,0.03494561750550407,fest.lib.id1736,2011,1.0,0,0,0,0,1,1,1,3
9339fnosuv,0.0652631250757407,imdbady01319,1968,0.002352640770903324,0,0,0,0,0,1,0,1
295,0.01560261802352409,fest.lib.id217,2012,0.13475573540038221,0,0,0,0,1,1,1,1
I1702293,0.012399722529583232,fest.lib.id.na172,2016,0.002709957866792769,0,0,0,0,0,0,0,0
526,0.009940784625779017,fest.lib.id1888,2013,0.9014664491525963,0,0,0,0,1,1,1,1
f8008,0.016055185538963426,fest.lib.id1180,2015,0.022425458764178004,0,0,0,0,0,0,0,0
frnew872,0.008661819635667888,fest.lib.id7629,2016,0.06028313339580977,0,0,0,0,0,0,0,0
f17027,0.009940784625779017,fest.lib.id1888,2012,0.9014664491525963,0,0,0,0,1,1,1,1
tffnew353,0.020884123044770827,fest.lib.id1888,2013,0.9014664491525963,0,0,0,0,1,1,2,3
1707,0.014659506371733485,id289,2010,0.032710941086123504,0,0,0,0,1,1,1,1
idfnew1106,0.033839409689892685,fest.lib.id.survey.na175,2015,0.004529400087028405,0,0,0,0,1,1,1,1
740,0.018385177279623546,fest.lib.id874,2013,0.5062687909078113,0,0,0,0,1,1,1,1
idfnew1832,0.01584258743120373,fest.lib.id874,2017,0.5062687909078113,0,0,0,0,1,1,1,1
N1400084,0.055023957583202776,fest.lib.id285,2013,0.39801347663094955,0,0,0,0,1,1,2,2
9137fnosuv,0.06392357958255858,fest.lib.id285,2012,0.39801347663094955,0,0,0,0,1,1,1,3
1369,0.009940784625779017,fest.lib.id1888,2013,0.9014664491525963,0,0,0,0,1,1,1,1
idfnew1250,0.00995575178972834,fest.lib.id874,2015,0.5062687909078113,0,0,0,0,1,1,1,1
f17651,0.03936256434370428,fest.lib.id1888,2015,0.9014664491525963,0,0,0,0,1,1,1,2
f8316,0.016450720383314275,fest.lib.id1888,2017,0.9014664491525963,0,0,0,0,1,1,1,1
tffnew1611,0.04494997799586239,fest.lib.id1050,2015,0.10887639162499597,0,0,0,0,1,1,1,1
f9295,0.05808069852135351,fest.lib.id285,2016,0.39801347663094955,0,0,0,0,1,1,1,2
idfnew107,0.024051794898854503,fest.lib.id1889,2011,0.016204492012890873,0,0,0,0,1,1,1,1
frnew719,0.027643855120560244,fest.lib.id7526,2015,0.025533820159097897,0,0,0,0,0,1,0,1
idfnew1904,0.026670572585984452,fest.lib.id1658,2017,0.15002034797660702,0,0,0,0,1,1,1,2
f16976,0.016132090823306525,fest.lib.id1888,2012,0.9014664491525963,0,0,0,0,1,1,1,1
tffnew2347,0.02100261730683464,fest.lib.id1736,2017,1.0,0,0,0,0,1,1,1,1
idfnew1290,0.035997008313163964,fest.lib.id1736,2008,1.0,0,0,0,0,1,1,3,4
549,0.019391182406984748,fest.lib.id1736,2013,1.0,0,0,0,0,1,1,1,1
tffnew1930,0.0632199446185186,fest.lib.id285,2015,0.39801347663094955,0,0,0,0,1,1,2,4
tffnew2662,0.009342835190498234,fest.lib.id.na292,2017,0.07612469051374422,0,0,0,0,0,0,0,0
1128,0.03880920533411449,fest.lib.id.na426,2004,0.0017456188670257802,0,0,0,0,1,1,1,2
1319,0.046759444947631165,fest.lib.id1535,2011,0.08500246471603438,0,0,0,0,1,1,1,2
N1200455,0.013901955826984199,fest.lib.id364,2012,0.6039825158473134,0,0,0,0,1,1,1,1
f16895,0.023791161830016654,fest.lib.id648,2012,0.008134580754714654,0,0,0,0,1,1,1,1
9419fnosuv,0.023313859170604016,fest.lib.id285,2016,0.39801347663094955,0,0,0,0,1,1,2,3
f17329,0.013099134692435834,fest.lib.id1888,2014,0.9014664491525963,0,0,0,0,1,1,1,1
idfnew992,0.01105174170661113,fest.lib.id1494,2005,0.14895479943977585,0,0,0,0,0,0,0,0
f8036,0.012460257229509346,fest.lib.id217,2015,0.13475573540038221,0,0,0,0,1,1,1,1
tffnew2454,0.009336977626214061,fest.lib.id1736,2017,1.0,0,0,0,0,1,1,1,1
tffnew2300,0.0670757083122737,fest.lib.id1736,2016,1.0,0,0,0,0,1,1,1,3
tffnew1741,0.042317105983955786,fest.lib.id.na213,2015,0.0192305499949209,0,0,0,0,1,1,1,1
tffnew1727,0.04941166105553161,fest.lib.id1736,2015,1.0,0,0,0,0,1,1,2,2
tffnew2290,0.020481664695008967,fest.lib.id1736,2016,1.0,0,0,0,0,1,1,1,1
I1600202,0.013710479528616908,fest.lib.id751,2014,0.06591674348473482,0,0,0,0,1,1,1,1
692,0.05378556729086358,fest.lib.id1877,2007,0.0013605087398629709,0,0,0,0,1,1,1,1
f16445,0.019976699355077124,fest.lib.id1888,2011,0.9014664491525963,0,0,0,0,1,1,1,1
f16892,0.015442438406899845,fest.lib.id1888,2012,0.9014664491525963,0,0,0,0,1,1,1,1
f8244,0.028054041749945777,fest.lib.id.ch1786,2016,0.19707774754205087,0,0,0,0,1,1,1,3
idfnew779,0.03021445185499015,fest.lib.id874,2014,0.5062687909078113,0,0,0,0,1,1,1,2
idfnew278,0.014832548926149006,fest.lib.id1768,2011,0.07352724707497833,0,0,0,0,0,1,0,1
f17421,0.042418485143386954,fest.lib.id1888,2015,0.9014664491525963,0,0,0,0,1,1,1,2
idfnew34,0.012643225409429628,fest.lib.id480,2011,0.0566266130237478,0,0,0,0,0,0,0,0
tffnew1183,0.022284648574150207,fest.lib.id4680,2014,0.1366072752245275,0,0,0,0,1,1,1,1
I1704614,0.008721578657805106,fest.lib.id909,2016,0.13015898047987368,0,0,0,0,0,0,0,0
f17536,0.021648415835007585,fest.lib.id1888,2015,0.9014664491525963,0,0,0,0,1,1,2,2
tffnew1207,0.06954305179477521,fest.lib.id1808,2014,0.1145501607898263,0,0,0,0,1,1,1,2
f17392,0.03276257599235235,fest.lib.id1888,2015,0.9014664491525963,0,0,0,0,1,1,1,1
tffnew1469,0.03426306718482858,fest.lib.id1736,2014,1.0,0,0,0,0,1,1,1,2
79,0.00995575178972834,fest.lib.id874,2013,0.5062687909078113,0,0,0,0,1,1,1,1
f17429,0.04073029666832663,fest.lib.id1888,2015,0.9014664491525963,0,0,0,0,1,1,1,2
f17585,0.09553778362033152,fest.lib.id1888,2015,0.9014664491525963,0,0,0,0,1,1,1,2
I1603140,0.01631957387393875,fest.lib.id768,2015,0.007324761773419437,0,0,0,0,1,1,1,1
frnew1131,0.09959360688378865,fest.lib.id436,2016,0.022565297608912495,0,0,0,0,0,1,0,1
tffnew2485,0.059603926925901586,fest.lib.id1697,2017,0.05210166239461778,0,0,0,0,1,1,1,2
frnew838,0.04574893822860104,fest.lib.id1808,2015,0.1145501607898263,0,0,0,0,0,1,0,3
f17111,0.02867677186367548,fest.lib.id1888,2014,0.9014664491525963,0,0,0,0,1,1,1,3
f17190,0.012443435739752795,fest.lib.id1888,2014,0.9014664491525963,0,0,0,0,1,1,1,1
f16458,0.012544824162242665,fest.lib.id1888,2011,0.9014664491525963,0,0,0,0,1,1,1,1
1088,0.024986147206591067,fest.lib.id1183,2013,0.04617845839505119,0,0,0,0,1,1,1,2
tffnew1952,0.06116078667431445,fest.lib.id285,2016,0.39801347663094955,0,0,0,0,1,1,2,4
frnew1090,0.024506885509647452,imdbady00112,2017,0.0020077259316430567,0,0,0,0,0,1,0,1
idfnew25,0.0831872276672276,fest.lib.id1697,2011,0.05210166239461778,0,0,0,0,1,1,1,1
idfnew1621,0.013922399249431849,fest.lib.id874,2017,0.5062687909078113,0,0,0,0,1,1,1,1
f8270,0.019751616807296524,fest.lib.id.survey.na101,2016,0.021677342244600706,0,0,0,0,1,1,1,1
638,0.018883859460367556,fest.lib.id7160,2012,0.08755778354559723,0,0,0,0,1,1,1,1
183,0.020470623485842956,fest.lib.id1888,2013,0.9014664491525963,0,0,0,0,1,1,1,1
f16859,0.027007569624960336,fest.lib.id1888,2012,0.9014664491525963,0,0,0,0,1,1,1,1
f9291,0.07593923256561955,fest.lib.id285,2016,0.39801347663094955,0,0,0,0,1,1,1,3
tffnew63,0.038033465964859035,fest.lib.id1808,2011,0.1145501607898263,0,0,0,0,1,1,1,2
f16451,0.0438822603621792,fest.lib.id1888,2011,0.9014664491525963,0,0,0,0,1,1,1,3
f8259,0.043864290266559254,fest.lib.id1827,2016,0.013212879199878848,0,0,0,0,1,1,1,2
f9010,0.08822448276936123,fest.lib.id285,2011,0.39801347663094955,0,0,0,0,1,1,2,3
f17547,0.015143485408523814,fest.lib.id1888,2015,0.9014664491525963,0,0,0,0,1,1,1,1
f17618,0.0630920570562993,fest.lib.id1658,2015,0.15002034797660702,0,0,0,0,1,1,1,3
tffnew1956,0.014447765854772178,fest.lib.id1736,2016,1.0,0,0,0,0,1,1,1,1
f9231,0.020027169327916573,fest.lib.id285,2015,0.39801347663094955,0,0,0,0,1,1,1,1
I1102979,0.013571271802129957,fest.lib.id1272,2011,0.04443110120312822,0,0,0,0,0,0,0,0
13,0.03518036793785986,fest.lib.id285,2013,0.39801347663094955,0,0,0,0,1,1,2,2
f16817,0.009940784625779017,fest.lib.id1888,2012,0.9014664491525963,0,0,0,0,1,1,1,1
691,0.017947077888882126,fest.lib.id364,2013,0.6039825158473134,0,0,0,0,1,1,1,2
idfnew60,0.023809209908156066,fest.lib.id285,2010,0.39801347663094955,0,0,0,0,1,1,2,2
f9080,0.05524913447207253,fest.lib.id285,2012,0.39801347663094955,0,0,0,0,1,1,2,2
I1203448,0.030319982893169818,imdbady00322,2011,0.0015258815943181075,0,0,0,0,1,1,1,1
f17050,0.024413810530516396,imdbady00043,2011,0.0029032282589765736,0,0,0,0,1,1,1,2
frnew864,0.01815770803022307,fest.lib.id665,2016,0.318359506181511,0,0,0,0,0,1,0,1
tffnew2572,0.06746772638781146,fest.lib.id1736,2017,1.0,0,0,0,0,1,1,1,2
idfnew1364,0.00877693757595595,fest.lib.id1144,2016,0.025879574403349523,0,0,0,0,0,0,0,0
234,0.013436113466713197,fest.lib.id874,2013,0.5062687909078113,0,0,0,0,1,1,1,1
f17383,0.021377195245645988,fest.lib.id1888,2015,0.9014664491525963,0,0,0,0,1,1,1,1
N1100755,0.01001719305283266,fest.lib.id762,2012,0.016333424821204194,0,0,0,0,0,0,0,0
tffnew1148,0.011912622762043815,fest.lib.id1736,2014,1.0,0,0,0,0,1,1,1,2
f17494,0.027361385763740916,fest.lib.id1888,2015,0.9014664491525963,0,0,0,0,1,1,1,1
tffnew1981,0.009336977626214061,fest.lib.id1736,2016,1.0,0,0,0,0,1,1,1,1
587,0.01460673021110471,fest.lib.id1736,2013,1.0,0,0,0,0,1,1,1,1
f17448,0.016900261632241412,fest.lib.id1888,2015,0.9014664491525963,0,0,0,0,1,1,1,1
idfnew1304,0.01829273920099788,fest.lib.id874,2015,0.5062687909078113,0,0,0,0,1,1,1,1
tffnew1577,0.009336977626214061,fest.lib.id1736,2015,1.0,0,0,0,0,1,1,1,1
idfnew1699,0.013922399249431849,fest.lib.id874,2017,0.5062687909078113,0,0,0,0,1,1,1,1
1615,0.011219045524521635,fest.lib.id364,2013,0.6039825158473134,0,0,0,0,1,1,1,1
idfnew116,0.008989635182075998,imdbady00770,2011,0.019164603279223983,0,0,0,0,0,0,0,0
frnew947,0.02573079984110981,fest.lib.id364,2016,0.6039825158473134,0,0,0,0,1,1,1,1
tffnew95,0.014393347225666235,fest.lib.id1736,2011,1.0,0,0,0,0,1,1,1,1
f17505,0.018029665869704788,fest.lib.id1888,2015,0.9014664491525963,0,0,0,0,1,1,1,2
idfnew1541,0.022197742918063552,id401,2016,0.07211320128732311,0,0,0,0,0,1,0,1
frnew310,0.013388073528827893,imdbady00398,2012,0.006266262331236854,0,0,0,0,0,0,0,0
1386,0.03112816876346905,fest.lib.id1736,2013,1.0,0,0,0,0,1,1,1,2
f17184,0.03267241503702539,fest.lib.id1888,2014,0.9014664491525963,0,0,0,0,1,1,1,1
tffnew1211,0.02479008485017897,fest.lib.id1736,2014,1.0,0,0,0,0,1,1,1,1
f9396,0.010955629439525166,imdbady00981,2017,0.021864617361161177,0,0,0,0,0,0,0,0
f17096,0.0702549344308811,fest.lib.id1658,2014,0.15002034797660702,0,0,0,0,1,1,1,4
tffnew496,0.03753167021825196,fest.lib.id1736,2012,1.0,0,0,0,0,1,1,1,3
idfnew913,0.013720576634586215,fest.lib.id874,2014,0.5062687909078113,0,0,0,0,1,1,1,1
tffnew2302,0.05237795231218553,fest.lib.id1736,2016,1.0,0,0,0,0,1,1,1,3
f17530,0.029020876080557086,fest.lib.id1735,2014,0.06336170154920864,0,0,0,0,1,1,1,1
tffnew2074,0.051048461097077474,fest.lib.id1050,2016,0.10887639162499597,0,0,0,0,1,1,1,2
tffnew318,0.011393228845958841,fest.lib.id480,2011,0.0566266130237478,0,0,0,0,0,0,0,0
f8295,0.03964641454652729,fest.lib.id1888,2017,0.9014664491525963,0,0,0,0,1,1,1,2
idfnew204,0.008877177873993794,fest.lib.id437,2011,0.04486369651905941,0,0,0,0,0,0,0,0
idfnew663,0.07825161402988755,fest.lib.id974,2012,0.16229812321214043,0,0,0,0,1,1,1,1
N1401299,0.017903836291959106,fest.lib.id61,2013,0.0169622751681525,0,0,0,0,1,1,1,1
f8174,0.06660022460517633,fest.lib.id1888,2017,0.9014664491525963,0,0,0,0,1,1,2,4
f9084,0.0426382312057352,fest.lib.id285,2012,0.39801347663094955,0,0,0,0,1,1,1,1
728,0.046715555146153866,fest.lib.id285,2013,0.39801347663094955,0,0,0,0,1,1,1,3
106,0.014459030975282538,fest.lib.id364,2013,0.6039825158473134,0,0,0,0,1,1,1,1
tffnew102,0.02899078108970126,fest.lib.id1736,2011,1.0,0,0,0,0,1,1,1,2
f17412,0.026167983892274406,fest.lib.id1888,2015,0.9014664491525963,0,0,0,0,1,1,1,2
tffnew1638,0.021539574302335936,fest.lib.id1736,2015,1.0,0,0,0,0,1,1,1,1
I1404844,0.030391339439764336,fest.lib.id6635,2013,0.006101720651995687,0,0,0,0,1,1,1,1
tffnew2307,0.014375477499058301,fest.lib.id1736,2016,1.0,0,0,0,0,1,1,1,1
f16913,0.03713557584662815,fest.lib.id1888,2012,0.9014664491525963,0,0,0,0,1,1,1,1
tffnew1571,0.024250145361272644,fest.lib.id1808,2015,0.1145501607898263,0,0,0,0,1,1,1,2
f16480,0.00870688927620098,fest.lib.id1258,2011,0.1587868864408964,0,0,0,0,0,0,0,0
tffnew100,0.026095784949964253,fest.lib.id1050,2011,0.10887639162499597,0,0,0,0,1,1,1,1
idfnew1730,0.013124960156235713,fest.lib.id874,2017,0.5062687909078113,0,0,0,0,1,1,1,1
tffnew1430,0.05817711964233694,fest.lib.id1808,2014,0.1145501607898263,0,0,0,0,1,1,1,2
375,0.06097806320703214,fest.lib.id117,2012,0.039048634073661166,0,0,0,0,1,1,1,1
f8291,0.01766620190681197,fest.lib.id1888,2016,0.9014664491525963,0,0,0,0,1,1,1,1
f16498,0.02021565555043024,fest.lib.id1736,2010,1.0,0,0,0,0,1,1,1,1
idfnew1490,0.03223618433243506,fest.lib.id7160,2016,0.08755778354559723,0,0,0,0,1,1,1,1
tffnew1198,0.009336977626214061,fest.lib.id1736,2014,1.0,0,0,0,0,1,1,1,1
tffnew2263,0.018328723624592532,fest.lib.id1867,1989,0.01669590221864366,0,0,0,0,0,0,0,0
f9391,0.01716437370020972,fest.lib.id285,2017,0.39801347663094955,0,0,0,0,1,1,1,1
1407,0.050009754352088764,fest.lib.id1888,2013,0.9014664491525963,0,0,0,0,1,1,1,2
idfnew875,0.05714959595535002,fest.lib.id.na333,1990,0.02560174765333237,0,0,0,0,1,1,2,3
f8342,0.029457031393425426,fest.lib.id1888,2017,0.9014664491525963,0,0,0,0,1,1,1,1
f17401,0.01895179765532575,fest.lib.id1888,2015,0.9014664491525963,0,0,0,0,1,1,1,1
tffnew2663,0.06501822587664498,fest.lib.id1808,2017,0.1145501607898263,0,0,0,0,1,1,1,1
f7801,0.023584493816579406,fest.lib.id1888,2016,0.9014664491525963,0,0,0,0,1,1,2,2
tffnew1168,0.02217942561961229,fest.lib.id1736,2014,1.0,0,0,0,0,1,1,1,1
tffnew1195,0.09124201745580224,fest.lib.id1736,2014,1.0,0,0,0,0,1,1,1,4
f17021,0.013678033241453698,fest.lib.id1888,2012,0.9014664491525963,0,0,0,0,1,1,1,1
tffnew2495,0.03286100823725876,fest.lib.id1808,2017,0.1145501607898263,0,0,0,0,1,1,1,2
899,0.03710669523913665,fest.lib.id1736,2013,1.0,0,0,0,0,1,1,1,3
frnew1074,0.043192454910119034,fest.lib.id1888,1989,0.9014664491525963,0,0,0,0,1,1,1,1
f7736,0.04658211519337283,fest.lib.id1888,2016,0.9014664491525963,0,0,0,0,1,1,2,4
N1200269,0.015577336211046884,fest.lib.id364,2012,0.6039825158473134,0,0,0,0,1,1,1,1
tffnew2089,0.07590046903819246,fest.lib.id1736,2016,1.0,0,0,0,0,1,1,1,2
334,0.018675403164709295,fest.lib.id1888,2013,0.9014664491525963,0,0,0,0,1,1,1,1
N1500742,0.016344569441511178,fest.lib.id909,2015,0.13015898047987368,0,0,0,0,1,1,1,1
f17300,0.04510423914295387,fest.lib.id1888,2014,0.9014664491525963,0,0,0,0,1,1,2,2
f8335,0.0184691118952675,fest.lib.id1888,2017,0.9014664491525963,0,0,0,0,1,1,1,1
frnew1001,0.014185605732122264,fest.lib.id1658,2017,0.15002034797660702,0,0,0,0,0,0,0,0
f9232,0.025710453375173116,fest.lib.id285,2015,0.39801347663094955,0,0,0,0,1,1,1,2
idfnew604,0.024366857216422278,fest.lib.id1736,2012,1.0,0,0,0,0,1,1,2,2
tffnew22,0.013174912512255747,fest.lib.id1736,2011,1.0,0,0,0,0,1,1,2,2
idfnew1680,0.020911179676674625,fest.lib.id437,2016,0.04486369651905941,0,0,0,0,1,1,1,1
tffnew2286,0.0169223728813482,fest.lib.id1736,2016,1.0,0,0,0,0,1,1,1,2
730,0.009336977626214061,fest.lib.id1736,2013,1.0,0,0,0,0,1,1,1,1
idfnew855,0.017734878832370796,fest.lib.id731,2015,0.3424863555939673,0,0,0,0,0,1,0,1
frnew482,0.00984009835541201,fest.lib.id1167,2013,0.14309594420744598,0,0,0,0,0,0,0,0
f17650,0.031280789692240206,fest.lib.id1888,2015,0.9014664491525963,0,0,0,0,1,1,2,2
idfnew215,0.026334164374929202,fest.lib.id285,2011,0.39801347663094955,0,0,0,0,1,1,1,2
f8238,0.01247608407194832,fest.lib.id1888,2017,0.9014664491525963,0,0,0,0,1,1,1,1
idfnew970,0.06942598274688067,fest.lib.id1768,2014,0.07352724707497833,0,0,0,0,1,1,1,1
f8128,0.023572928562580336,fest.lib.id1888,2017,0.9014664491525963,0,0,0,0,1,1,1,1
f8161,0.09744263612262526,fest.lib.id1888,2017,0.9014664491525963,0,0,0,0,1,1,1,4
f9270,0.09585747029140684,fest.lib.id285,2016,0.39801347663094955,0,0,0,0,1,1,2,4
f17575,0.02481311599100265,fest.lib.id1888,2015,0.9014664491525963,0,0,0,0,1,1,1,1
frnew804,0.010650448456138387,fest.lib.id969,2016,0.00522868104738361,0,0,0,0,0,0,0,0
tffnew2036,0.0295781670874034,fest.lib.id942,2016,0.049190127422426844,0,0,0,0,1,1,1,1
287,0.017601410018799973,fest.lib.id1888,2009,0.9014664491525963,0,0,0,0,1,1,2,2
285,0.009940784625779017,fest.lib.id1888,2013,0.9014664491525963,0,0,0,0,1,1,1,1
I1202477,0.020778242149389076,fest.lib.id1915,2011,0.006266045667585446,0,0,0,0,0,0,0,0
f16508,0.04928578845072236,imdbady01750,2010,0.0012525019311564998,0,0,0,0,0,0,0,0
idfnew1240,0.013484129449293105,fest.lib.id1827,2015,0.013212879199878848,0,0,0,0,1,1,1,1
1489,0.011219045524521635,fest.lib.id364,2013,0.6039825158473134,0,0,0,0,1,1,1,1
f7938,0.021469998570294822,fest.lib.id1888,2016,0.9014664491525963,0,0,0,0,1,1,1,1
tffnew1415,0.03605854899112606,fest.lib.id1888,2014,0.9014664491525963,0,0,0,0,1,1,2,2
f9204,0.06438400649164212,fest.lib.id285,2015,0.39801347663094955,0,0,0,0,1,1,2,3
f9000,0.07436918960448038,fest.lib.id285,2011,0.39801347663094955,0,0,0,0,1,1,2,4
1546,0.07576766605057814,fest.lib.id.survey.na236,2011,0.0023055457370180733,0,0,0,0,1,1,1,1
636,0.031212346799840685,fest.lib.id1697,2013,0.05210166239461778,0,0,0,0,1,1,1,2
f8030,0.03880521712878489,fest.lib.id637,2015,0.008272144374503573,0,0,0,0,1,1,1,2
tffnew1781,0.5931769694482055,fest.lib.id1736,2015,1.0,0,0,0,0,1,1,1,1
tffnew2496,0.07569738536643764,fest.lib.id974,2017,0.16229812321214043,0,0,0,0,1,1,2,5
224,0.07072633444131407,fest.lib.id1736,2013,1.0,0,0,0,0,1,1,2,3
1335,0.07252275773098045,fest.lib.id1888,2013,0.9014664491525963,0,0,0,0,1,1,1,2
126,0.01875308477551212,fest.lib.id1888,2013,0.9014664491525963,0,0,0,0,1,1,1,1
f16875,0.01960208496608585,fest.lib.id1888,2012,0.9014664491525963,0,0,0,0,1,1,2,2
frnew643,0.025357164798382386,fest.lib.id.ch859,2014,0.020422489926764233,0,0,0,0,0,1,0,1
f16615,0.009940784625779017,fest.lib.id1888,2011,0.9014664491525963,0,0,0,0,1,1,1,1
frnew751,0.01323594774823182,fest.lib.id6240,2015,0.012192023755148272,0,0,0,0,0,0,0,0
frnew194,0.010495863016509014,fest.lib.id6932,2010,0.00378943246758337,0,0,0,0,0,0,0,0
f9093,0.014776426151529912,fest.lib.id285,2012,0.39801347663094955,0,0,0,0,1,1,1,1
frnew708,0.031600715027677174,imdbady00770,2015,0.019164603279223983,0,0,0,0,0,1,0,1
f16847,0.051352492917566335,fest.lib.id1888,2012,0.9014664491525963,0,0,0,0,1,1,2,2
I1501782,0.03415015600509744,fest.lib.id397,2014,0.002088550479627783,0,0,0,0,1,1,1,1
N1100521,0.010168911589107026,fest.lib.id61,2010,0.0169622751681525,0,0,0,0,0,0,0,0
f16641,0.037691205295454555,fest.lib.id1888,2011,0.9014664491525963,0,0,0,0,1,1,1,2
frnew776,0.022279995041225933,fest.lib.id1888,2015,0.9014664491525963,0,0,0,0,1,1,1,2
tffnew1222,0.012853925241390516,fest.lib.id1736,2014,1.0,0,0,0,0,1,1,1,1
f16820,0.01768598931270007,fest.lib.id1888,2012,0.9014664491525963,0,0,0,0,1,1,1,1
f7870,0.08745071427137942,imdbady00540,2016,0.008444396584726685,0,0,0,0,1,1,1,2
N1201408,0.015577336211046884,fest.lib.id.na365,2011,0.053889133022886754,0,0,0,0,1,1,1,1
idfnew159,0.015348849576670178,fest.lib.id874,2010,0.5062687909078113,0,0,0,0,1,1,1,2
tffnew1807,0.026829397659804428,fest.lib.id1664,2015,0.15064075420920695,0,0,0,0,1,1,1,2
f17077,0.013421146302763871,fest.lib.id1888,2014,0.9014664491525963,0,0,0,0,1,1,1,1
f16852,0.014069595137493484,fest.lib.id1888,2012,0.9014664491525963,0,0,0,0,1,1,1,1
tffnew1217,0.01945799973653701,fest.lib.id1736,2014,1.0,0,0,0,0,1,1,1,3
225,0.051338711037231206,fest.lib.id1888,2002,0.9014664491525963,0,0,0,0,1,1,3,3
1521,0.022594050756191468,fest.lib.id8170,2011,0.004884996867746859,0,0,0,0,1,1,1,1
f16366,0.040435640289383006,fest.lib.id1888,2011,0.9014664491525963,0,0,0,0,1,1,1,1
f17034,0.01407196771743333,fest.lib.id1888,2012,0.9014664491525963,0,0,0,0,1,1,1,1
tffnew2462,0.009336977626214061,fest.lib.id1736,2017,1.0,0,0,0,0,1,1,1,1
idfnew1811,0.01980408856691829,imdbady01225,2016,0.001991030172782833,0,0,0,0,1,1,1,1
frnew820,0.008557081666196887,fest.lib.id1529,2015,0.11108067190434959,0,0,0,0,0,0,0,0
frnew583,0.019132025062431494,fest.lib.id7570,2014,0.0064461437289031484,0,0,0,0,0,1,0,1
tffnew342,0.022932118364059343,fest.lib.id1736,2011,1.0,0,0,0,0,1,1,1,1
f8146,0.009940784625779017,fest.lib.id1888,2017,0.9014664491525963,0,0,0,0,1,1,1,1
1549,0.03913091820230726,fest.lib.id1249,2012,0.00871323056192924,0,0,0,0,1,1,1,1
idfnew1182,0.029984470803918924,fest.lib.id388,2014,0.10657216405781064,0,0,0,0,1,1,1,1
I1405223,0.011219045524521635,fest.lib.id364,2014,0.6039825158473134,0,0,0,0,1,1,1,1
f9271,0.10510686735269634,fest.lib.id285,2016,0.39801347663094955,0,0,0,0,1,1,2,4
idfnew982,0.015706131086999933,fest.lib.id1239,2015,0.03969953473245662,0,0,0,0,0,0,0,0
f17674,0.015981844558197626,fest.lib.id1888,2015,0.9014664491525963,0,0,0,0,1,1,1,1
I1202484,0.01228878598973726,fest.lib.id1808,2011,0.1145501607898263,0,0,0,0,0,0,0,0
9131fnosuv,0.07653080316314359,fest.lib.id285,2012,0.39801347663094955,0,0,0,0,1,1,1,1
f9252,0.028138091819504586,fest.lib.id285,2015,0.39801347663094955,0,0,0,0,1,1,1,1
1415,0.009940784625779017,fest.lib.id1888,2013,0.9014664491525963,0,0,0,0,1,1,1,1
f16470,0.02359215762525262,fest.lib.id1074,2011,0.045751935521372585,0,0,0,0,0,0,0,0
f17013,0.011730696750759488,fest.lib.id.na375,2011,0.19236865604671277,0,0,0,0,0,0,0,0
f17041,0.03634342690847109,id627,2012,0.06218359890861916,0,0,0,0,1,1,1,2
idfnew1644,0.013922399249431849,fest.lib.id874,2017,0.5062687909078113,0,0,0,0,1,1,1,1
idfnew1148,0.028093891161015277,fest.lib.id1768,2015,0.07352724707497833,0,0,0,0,1,1,1,2
1017,0.015871845986998357,fest.lib.id1736,2012,1.0,0,0,0,0,1,1,2,2
tffnew1612,0.08129052056965903,fest.lib.id1808,2015,0.1145501607898263,0,0,0,0,1,1,1,3
f7795,0.01508912360775573,fest.lib.id1888,2016,0.9014664491525963,0,0,0,0,1,1,1,1
tffnew2389,0.03936196339742414,fest.lib.id1736,2017,1.0,0,0,0,0,1,1,1,3
1106,0.06543341882441411,fest.lib.id1736,2013,1.0,0,0,0,0,1,1,2,3
f17058,0.017480717398506946,fest.lib.id1296,2013,0.12314726966479073,0,0,0,0,1,1,1,1
f16800,0.039800940415592956,fest.lib.id1658,2012,0.15002034797660702,0,0,0,0,1,1,1,2
tffnew1510,0.025017749705969983,fest.lib.id1736,2014,1.0,0,0,0,0,1,1,1,2
idfnew54,0.00995575178972834,fest.lib.id874,2011,0.5062687909078113,0,0,0,0,1,1,1,1
f8363,0.029885961416649762,fest.lib.id1888,2017,0.9014664491525963,0,0,0,0,1,1,1,1
idfnew1909,0.020993634475139914,fest.lib.id1774,2017,0.009588060507155733,0,0,0,0,0,0,0,0
1499,0.014693587099707079,fest.lib.id1411,2013,0.026525914688567735,0,0,0,0,1,1,1,1
1651,0.021627930236313625,fest.lib.id364,2013,0.6039825158473134,0,0,0,0,1,1,1,1
tffnew1580,0.03170280235558883,fest.lib.id1697,2015,0.05210166239461778,0,0,0,0,1,1,1,2
1295,0.11489188230382053,fest.lib.id1808,2013,0.1145501607898263,0,0,0,0,1,1,1,2
frnew893,0.013813124399599166,fest.lib.id1342,2016,0.06876843098609271,0,0,0,0,0,0,0,0
tffnew446,0.02593388197301713,fest.lib.id1736,2012,1.0,0,0,0,0,1,1,1,3
f16768,0.06212319508327387,fest.lib.id1888,2012,0.9014664491525963,0,0,0,0,1,1,1,2
f8206,0.018241607345200563,fest.lib.id731,2017,0.3424863555939673,0,0,0,0,1,1,1,2
tffnew2023,0.017319694532683238,fest.lib.id1808,2016,0.1145501607898263,0,0,0,0,1,1,1,1
idfnew360,0.008802098718377154,fest.lib.id1776,2012,0.029239436365596817,0,0,0,0,0,0,0,0
frnew45,0.009777391917198137,fest.lib.id1342,2010,0.06876843098609271,0,0,0,0,0,0,0,0
f17441,0.021991944374403365,fest.lib.id1748,2014,0.014952276399207232,0,0,0,0,0,0,0,0
frnew148,0.013634340268550805,fest.lib.id1342,2010,0.06876843098609271,0,0,0,0,0,0,0,0
f9368,0.013264850748945557,fest.lib.id285,2017,0.39801347663094955,0,0,0,0,1,1,1,1
idfnew1429,0.03166854746912436,fest.lib.id192,2016,0.007676116481360661,0,0,0,0,1,1,1,1
tffnew1750,0.017372456408993826,fest.lib.id1050,2015,0.10887639162499597,0,0,0,0,1,1,1,1
493,0.057102790725728325,fest.lib.id285,2013,0.39801347663094955,0,0,0,0,1,1,1,2
tffnew2312,0.009336977626214061,fest.lib.id1736,2016,1.0,0,0,0,0,1,1,1,1
N1201296,0.019370044647072225,fest.lib.id364,2012,0.6039825158473134,0,0,0,0,1,1,1,1
550,0.022454765740810657,fest.lib.id285,2003,0.39801347663094955,0,0,0,0,1,1,2,2
65,0.04563656554130619,fest.lib.id1384,2012,0.002557672815344851,0,0,0,0,1,1,1,1
f17602,0.04553384872355524,fest.lib.id4680,2014,0.1366072752245275,0,0,0,0,1,1,2,3
idfnew1163,0.052820775950845895,fest.lib.id1658,2015,0.15002034797660702,0,0,0,0,1,1,1,1
idfnew1710,0.016535441816906783,fest.lib.id1890,2017,0.017783632446809833,0,0,0,0,1,1,1,1
1705,0.019713479600891138,fest.lib.id823,2009,0.011614746760487403,0,0,0,0,1,1,2,2
f9206,0.08147684233081785,fest.lib.id285,2015,0.39801347663094955,0,0,0,0,1,1,2,3
f16632,0.009940784625779017,fest.lib.id1888,2011,0.9014664491525963,0,0,0,0,1,1,1,1
765,0.01924359166985344,fest.lib.id1888,2013,0.9014664491525963,0,0,0,0,1,1,1,1
f9202,0.09166382180598022,fest.lib.id285,2015,0.39801347663094955,0,0,0,0,1,1,2,4
frnew649,0.02016532601606709,fest.lib.id.survey.na680,2013,0.00200369208270499,0,0,0,0,0,1,0,2
1524,0.011219045524521635,fest.lib.id364,2013,0.6039825158473134,0,0,0,0,1,1,1,1
tffnew2653,0.012112669591304297,fest.lib.id.na.ch163,2017,0.02124090626912694,0,0,0,0,1,1,1,1
f9115,0.009298203289242048,fest.lib.id285,2012,0.39801347663094955,0,0,0,0,1,1,1,1
tffnew1422,0.03736657338658424,fest.lib.id1736,2014,1.0,0,0,0,0,1,1,1,2
tffnew1881,0.013373050047459532,fest.lib.id1736,2015,1.0,0,0,0,0,1,1,1,1
tffnew1902,0.07323314171177556,fest.lib.id958,2015,0.12075010945459504,0,0,0,0,1,1,1,2
1537,0.02714016378379143,fest.lib.id364,2013,0.6039825158473134,0,0,0,0,1,1,1,1
f7743,0.04000125284458109,fest.lib.id1888,2016,0.9014664491525963,0,0,0,0,1,1,1,1
1225,0.021079934292452217,fest.lib.id1888,2011,0.9014664491525963,0,0,0,0,1,1,1,2
tffnew1383,0.016156306297133535,fest.lib.id1889,2014,0.016204492012890873,0,0,0,0,0,0,0,0
tffnew1502,0.012915130129076847,fest.lib.id1118,2014,0.012882490252282741,0,0,0,0,1,1,1,1
f17016,0.01915405481767218,fest.lib.id1888,2012,0.9014664491525963,0,0,0,0,1,1,1,1
f17511,0.07195433056486064,fest.lib.id1888,2015,0.9014664491525963,0,0,0,0,1,1,1,3
idfnew1028,0.09633386043425886,fest.lib.id1658,2015,0.15002034797660702,0,0,0,0,1,1,1,2
f16909,0.02422003946152167,fest.lib.id1888,2012,0.9014664491525963,0,0,0,0,1,1,1,1
N1400755,0.022715084839752663,fest.lib.id1177,2013,0.0358547708140046,0,0,0,0,1,1,1,1
f16748,0.022957893782495357,fest.lib.id1736,2010,1.0,0,0,0,0,1,1,1,2
tffnew149,0.033900704158458195,fest.lib.id1736,2011,1.0,0,0,0,0,1,1,1,1
idfnew696,0.0295705778866037,fest.lib.id874,2012,0.5062687909078113,0,0,0,0,1,1,1,1
f17358,0.02688665822514623,fest.lib.id1888,2014,0.9014664491525963,0,0,0,0,1,1,1,2
N1701487,0.011219045524521635,fest.lib.id364,2017,0.6039825158473134,0,0,0,0,1,1,1,1
idfnew1231,0.1341477640603093,fest.lib.id874,2015,0.5062687909078113,0,0,0,0,1,1,1,2
9511fnosuv,0.009298203289242048,fest.lib.id285,2017,0.39801347663094955,0,0,0,0,1,1,1,1
N1501773,0.015350228616175946,fest.lib.id364,2015,0.6039825158473134,0,0,0,0,1,1,1,1
tffnew2511,0.023268199472325703,fest.lib.id1736,2017,1.0,0,0,0,0,1,1,1,1
idfnew1267,0.020107505769660274,fest.lib.id1888,2015,0.9014664491525963,0,0,0,0,1,1,2,2
tffnew1972,0.009336977626214061,fest.lib.id1736,2016,1.0,0,0,0,0,1,1,1,1
tffnew2167,0.04228672164789319,fest.lib.id285,2016,0.39801347663094955,0,0,0,0,1,1,2,2
N1200323,0.011219045524521635,fest.lib.id364,2012,0.6039825158473134,0,0,0,0,1,1,1,1
I1403138,0.011219045524521635,fest.lib.id364,2014,0.6039825158473134,0,0,0,0,1,1,1,1
229,0.018327807567811934,fest.lib.id2024,2013,0.03447105478829865,0,0,0,0,1,1,1,2
frnew123,0.025086818725772144,imdbady00767,2012,0.0020975166883231396,0,0,0,0,0,0,0,0
tffnew11,0.009336977626214061,fest.lib.id1736,2011,1.0,0,0,0,0,1,1,1,1
tffnew265,0.016828534376039744,imdbady00398,2012,0.006266262331236854,0,0,0,0,0,0,0,0
f17524,0.08501979009580167,fest.lib.id1888,2015,0.9014664491525963,0,0,0,0,1,1,2,3
1094,0.027599860790881437,fest.lib.id.na265,2008,0.0013134844515856508,0,0,0,0,1,1,1,1
frnew213,0.022270301627411785,imdbady01589,2010,0.0018924925325252248,0,0,0,0,0,0,0,0
1043,0.10305728295225647,fest.lib.id33,2006,0.048734666620580576,0,0,0,0,1,1,3,4
frnew819,0.009018702031322507,fest.lib.id.na306,2015,0.009677639350467572,0,0,0,0,0,0,0,0
tffnew1185,0.057943893089135536,fest.lib.id1808,2014,0.1145501607898263,0,0,0,0,1,1,1,3
idfnew1418,0.034378127251012996,fest.lib.id874,2016,0.5062687909078113,0,0,0,0,1,1,1,1
tffnew1599,0.05153357376303915,fest.lib.id1736,2015,1.0,0,0,0,0,1,1,1,4
f7936,0.016515566300223043,fest.lib.id1888,2016,0.9014664491525963,0,0,0,0,1,1,1,1
idfnew822,0.00995575178972834,fest.lib.id874,2014,0.5062687909078113,0,0,0,0,1,1,1,1
idfnew1920,0.031073937132102807,fest.lib.id.na240,2017,0.06203455950095228,0,0,0,0,0,0,0,0
f17359,0.016118253697515492,fest.lib.id1888,2014,0.9014664491525963,0,0,0,0,1,1,1,1
I1504953,0.017451424891840917,id627,2015,0.06218359890861916,0,0,0,0,1,1,1,1
tffnew317,0.03218031180427247,fest.lib.id1736,2011,1.0,0,0,0,0,1,1,1,3
tffnew1477,0.029383072342562638,fest.lib.id1736,2014,1.0,0,0,0,0,1,1,2,2
f8299,0.012382252505242983,fest.lib.id1888,2017,0.9014664491525963,0,0,0,0,1,1,1,1
f9040,0.02001097040810529,fest.lib.id285,2011,0.39801347663094955,0,0,0,0,1,1,1,1
idfnew68,0.023575749174268735,imdbady00310,2011,0.0019903023857046447,0,0,0,0,0,0,0,0
288,0.010470746031531416,fest.lib.id665,2013,0.318359506181511,0,0,0,0,0,1,0,1
1416,0.009940784625779017,fest.lib.id1888,2013,0.9014664491525963,0,0,0,0,1,1,1,1
N1400797,0.03609217764307871,fest.lib.id117,2013,0.039048634073661166,0,0,0,0,1,1,1,1
f7943,0.039433434582443895,fest.lib.id1888,2016,0.9014664491525963,0,0,0,0,1,1,1,3
1538,0.017968413640978204,fest.lib.id1587,2012,0.03131125874066732,0,0,0,0,1,1,1,1
frnew1123,0.02861604758903133,fest.lib.id1559,2016,0.01396952645427298,0,0,0,0,0,0,0,0
idfnew1110,0.030220041124766357,fest.lib.id7074,2015,0.031815480196570815,0,0,0,0,1,1,1,1
I1705533,0.011219045524521635,fest.lib.id364,2017,0.6039825158473134,0,0,0,0,1,1,1,1
frnew462,0.009777391917198137,fest.lib.id1342,2014,0.06876843098609271,0,0,0,0,0,0,0,0
frnew972,0.016949604852173016,fest.lib.id1882,2016,0.007214962864556647,0,0,0,0,0,1,0,1
frnew289,0.009520824927594748,fest.lib.id.na443,2013,0.025111993397530303,0,0,0,0,0,0,0,0
tffnew1869,0.019716675343976954,fest.lib.id1736,2015,1.0,0,0,0,0,1,1,1,1
f7942,0.01481558103827783,fest.lib.id1888,2016,0.9014664491525963,0,0,0,0,1,1,1,1
f9315,0.009298203289242048,fest.lib.id285,2016,0.39801347663094955,0,0,0,0,1,1,1,1
547,0.015919722032941366,fest.lib.id1540,2012,0.05973852230628165,0,0,0,0,1,1,1,1
idfnew1363,0.10903112320203977,fest.lib.id874,2016,0.5062687909078113,0,0,0,0,1,1,1,1
1012,0.009940784625779017,fest.lib.id1888,2013,0.9014664491525963,0,0,0,0,1,1,1,1
1166,0.02289919162596612,fest.lib.id1736,2013,1.0,0,0,0,0,1,1,1,1
1355,0.04681309664670582,fest.lib.id1736,2013,1.0,0,0,0,0,1,1,1,1
1578,0.0250314486697242,fest.lib.id.na155,2010,0.010008517343272806,0,0,0,0,1,1,1,1
f17192,0.02339314177504817,fest.lib.id1888,2014,0.9014664491525963,0,0,0,0,1,1,1,2
idfnew1091,0.0340578547372069,fest.lib.id1888,2015,0.9014664491525963,0,0,0,0,1,1,2,3
tffnew2175,0.0282253993346458,fest.lib.id1736,1977,1.0,0,0,0,0,1,1,1,1
tffnew345,0.02727119958498636,fest.lib.id2024,2011,0.03447105478829865,0,0,0,0,1,1,1,1
9514fnosuv,0.009298203289242048,fest.lib.id285,2017,0.39801347663094955,0,0,0,0,1,1,1,1
9244fnosuv,0.009298203289242048,fest.lib.id285,2014,0.39801347663094955,0,0,0,0,1,1,1,1
tffnew1609,0.03014783910247236,fest.lib.id1736,2015,1.0,0,0,0,0,1,1,1,1
tffnew1828,0.08024729755027811,fest.lib.id1050,2015,0.10887639162499597,0,0,0,0,1,1,1,2
idfnew1623,0.0475183848191738,fest.lib.id874,2017,0.5062687909078113,0,0,0,0,1,1,1,1
N1700365,0.015577336211046884,fest.lib.id.na365,2016,0.053889133022886754,0,0,0,0,1,1,1,1
tffnew2658,0.10975361848823548,fest.lib.id1808,2017,0.1145501607898263,0,0,0,0,1,1,1,3
frnew115,0.010470746031531416,fest.lib.id665,2011,0.318359506181511,0,0,0,0,0,1,0,1
frnew237,0.02005353424629468,fest.lib.id1050,2011,0.10887639162499597,0,0,0,0,0,1,0,1
idfnew1531,0.01265268526447095,fest.lib.id874,2016,0.5062687909078113,0,0,0,0,1,1,1,1
tffnew1345,0.010801530776112718,fest.lib.id1889,2014,0.016204492012890873,0,0,0,0,0,0,0,0
idfnew1039,0.052905086621049154,fest.lib.id285,2003,0.39801347663094955,0,0,0,0,1,1,3,3
f8145,0.04271964218271202,fest.lib.id1888,2017,0.9014664491525963,0,0,0,0,1,1,1,2
921,0.04741727644236182,fest.lib.id1808,2013,0.1145501607898263,0,0,0,0,1,1,1,2
tffnew1665,0.031150736881630604,fest.lib.id1736,2015,1.0,0,0,0,0,1,1,1,1
f17515,0.014937429100675194,fest.lib.id1888,2015,0.9014664491525963,0,0,0,0,1,1,1,1
frnew406,0.013100224903966784,fest.lib.id930,2012,0.028112612225342132,0,0,0,0,0,0,0,0
f9070,0.15504885759211892,fest.lib.id285,2012,0.39801347663094955,0,0,0,0,1,1,2,4
idfnew797,0.00995575178972834,fest.lib.id874,2014,0.5062687909078113,0,0,0,0,1,1,1,1
N1401518,0.028627613465854983,fest.lib.id364,2014,0.6039825158473134,0,0,0,0,1,1,1,1
idfnew1024,0.00995575178972834,fest.lib.id874,2015,0.5062687909078113,0,0,0,0,1,1,1,1
tffnew270,0.057080930661399104,fest.lib.id1658,2011,0.15002034797660702,0,0,0,0,1,1,2,3
frnew662,0.016774626645546888,fest.lib.id1658,2015,0.15002034797660702,0,0,0,0,0,0,0,0
208,0.048471382577008885,fest.lib.id1808,2013,0.1145501607898263,0,0,0,0,1,1,1,1
I1503459,0.031568073472318124,fest.lib.id7530,2014,0.07450826436865476,0,0,0,0,1,1,1,1
f16935,0.012587059242101756,fest.lib.id1888,2012,0.9014664491525963,0,0,0,0,1,1,1,1
f16479,0.029083935602772375,fest.lib.id1774,2011,0.009588060507155733,0,0,0,0,0,1,0,1
tffnew152,0.03364490980191281,fest.lib.id1736,2011,1.0,0,0,0,0,1,1,1,2
idfnew1520,0.08467460448293535,fest.lib.id1050,2016,0.10887639162499597,0,0,0,0,1,1,1,2
f16660,0.008568373609590714,fest.lib.id7530,2011,0.07450826436865476,0,0,0,0,0,0,0,0
f7898,0.0282123297351183,fest.lib.id1888,2016,0.9014664491525963,0,0,0,0,1,1,1,1
idfnew615,0.00888480564781314,fest.lib.id1832,2013,0.10684151432045275,0,0,0,0,0,0,0,0
715,0.009298203289242048,fest.lib.id285,2013,0.39801347663094955,0,0,0,0,1,1,1,1
tffnew344,0.09167155309984577,fest.lib.id1808,2011,0.1145501607898263,0,0,0,0,1,1,1,4
frnew968,0.22103096572690895,fest.lib.id7571,2015,0.008930907721097961,0,0,0,0,0,1,0,1
f9284,0.0708536887645532,fest.lib.id285,2016,0.39801347663094955,0,0,0,0,1,1,1,2
tffnew351,0.008544317619201297,fest.lib.id958,2013,0.12075010945459504,0,0,0,0,0,0,0,0
438,0.01711907578861041,fest.lib.id364,2013,0.6039825158473134,0,0,0,0,1,1,1,1
tffnew2566,0.03439180760906684,fest.lib.id1736,2017,1.0,0,0,0,0,1,1,1,2
frnew317,0.017495944641367535,fest.lib.id.na346,2012,0.0021973624073568575,0,0,0,0,0,0,0,0
779,0.011219045524521635,fest.lib.id364,2013,0.6039825158473134,0,0,0,0,1,1,1,1
f16891,0.024228077693809857,fest.lib.id.survey.na283,2011,0.0019921539589705696,0,0,0,0,1,1,1,1
960,0.02270087349276682,fest.lib.id1736,2013,1.0,0,0,0,0,1,1,1,2
frnew1005,0.026464302319861487,id401,2017,0.07211320128732311,0,0,0,0,0,1,0,2
f17667,0.021681025742766712,fest.lib.id1888,2015,0.9014664491525963,0,0,0,0,1,1,1,1
N1701654,0.09193759622705955,fest.lib.id285,2019,0.39801347663094955,0,0,0,0,1,1,2,2
f16876,0.019593613933797778,fest.lib.id1774,2012,0.009588060507155733,0,0,0,0,1,1,1,1
I1503120,0.023693332980041466,fest.lib.id1565,2014,0.03422279893718779,0,0,0,0,1,1,1,1
tffnew1916,0.02946416780633316,fest.lib.id.na341,2015,0.028217524169757893,0,0,0,0,0,0,0,0
f8121,0.022419229342622287,fest.lib.id1888,2017,0.9014664491525963,0,0,0,0,1,1,1,1
tffnew1540,0.0358126784311687,fest.lib.id1736,2015,1.0,0,0,0,0,1,1,2,3
1164,0.017199290179493107,fest.lib.id1736,2013,1.0,0,0,0,0,1,1,1,1
91,0.01941486585769125,fest.lib.id.na227,2012,0.0068407960933985915,0,0,0,0,0,1,0,1
f16887,0.056833917234189554,fest.lib.id1888,2012,0.9014664491525963,0,0,0,0,1,1,1,1
f16592,0.013678145300763096,fest.lib.id1888,2011,0.9014664491525963,0,0,0,0,1,1,1,1
idfnew623,0.01782141793053992,fest.lib.id388,2003,0.10657216405781064,0,0,0,0,0,0,0,0
732,0.031682876712635026,fest.lib.id874,2013,0.5062687909078113,0,0,0,0,1,1,2,2
N1600879,0.019461976327065138,fest.lib.id364,2016,0.6039825158473134,0,0,0,0,1,1,1,1
tffnew1196,0.05229799626637522,fest.lib.id4680,2014,0.1366072752245275,0,0,0,0,1,1,1,3
f9365,0.009298203289242048,fest.lib.id285,2017,0.39801347663094955,0,0,0,0,1,1,1,1
idfnew1874,0.01709160761593922,fest.lib.id874,2017,0.5062687909078113,0,0,0,0,1,1,1,1
f9380,0.024908963345738007,fest.lib.id285,2017,0.39801347663094955,0,0,0,0,1,1,2,2
frnew644,0.010470746031531416,fest.lib.id665,2014,0.318359506181511,0,0,0,0,0,1,0,1
I1604750,0.018725859258626586,fest.lib.id1888,2015,0.9014664491525963,0,0,0,0,1,1,2,2
idfnew1718,0.01955013469761183,fest.lib.id1296,1988,0.12314726966479073,0,0,0,0,1,1,2,2
9561fnosuv,0.02211798167981268,fest.lib.id285,1953,0.39801347663094955,0,0,0,0,1,1,2,2
frnew138,0.015217049177921894,fest.lib.id4680,2010,0.1366072752245275,0,0,0,0,0,0,0,0
tffnew215,0.017728960749358567,fest.lib.id7160,2011,0.08755778354559723,0,0,0,0,1,1,1,2
f17228,0.0124063084956324,fest.lib.id1888,2014,0.9014664491525963,0,0,0,0,1,1,1,1
idfnew1350,0.026061784120197943,fest.lib.id.survey.na101,2016,0.021677342244600706,0,0,0,0,1,1,1,1
186,0.00995575178972834,fest.lib.id874,2013,0.5062687909078113,0,0,0,0,1,1,1,1
43,0.013093140526478489,fest.lib.id1888,2013,0.9014664491525963,0,0,0,0,1,1,1,1
f7976,0.02880838541256647,fest.lib.id1736,2015,1.0,0,0,0,0,1,1,2,2
tffnew116,0.008845081747011143,fest.lib.id480,2011,0.0566266130237478,0,0,0,0,0,0,0,0
tffnew321,0.054424977641341944,fest.lib.id1658,2011,0.15002034797660702,0,0,0,0,1,1,1,2
f16780,0.02800633072834949,fest.lib.id1888,2012,0.9014664491525963,0,0,0,0,1,1,1,2
tffnew2677,0.022744347104568127,fest.lib.id1736,2017,1.0,0,0,0,0,1,1,1,1
f17540,0.03025479597785852,fest.lib.id1888,2015,0.9014664491525963,0,0,0,0,1,1,1,1
f16729,0.015938874092806046,imdbady00124,2011,0.009368656136930454,0,0,0,0,0,0,0,0
idfnew160,0.014926516227721794,fest.lib.id874,2011,0.5062687909078113,0,0,0,0,1,1,1,2
564,0.12997696162781247,fest.lib.id1697,2013,0.05210166239461778,0,0,0,0,1,1,1,3
1440,0.05432944956986814,fest.lib.id285,2013,0.39801347663094955,0,0,0,0,1,1,1,2
f9348,0.021875359904365965,fest.lib.id285,2017,0.39801347663094955,0,0,0,0,1,1,1,1
f17206,0.030409644370282228,fest.lib.id1888,2014,0.9014664491525963,0,0,0,0,1,1,1,2
I1203363,0.011219045524521635,fest.lib.id364,2012,0.6039825158473134,0,0,0,0,1,1,1,1
frnew479,0.021605375147898027,fest.lib.id665,2014,0.318359506181511,0,0,0,0,0,1,0,1
f9355,0.04369970673304219,fest.lib.id285,2017,0.39801347663094955,0,0,0,0,1,1,1,2
948,0.04169609540751015,fest.lib.id1736,2012,1.0,0,0,0,0,1,1,2,2
f17204,0.01961140896021233,fest.lib.id1888,2014,0.9014664491525963,0,0,0,0,1,1,1,1
idfnew1659,0.06189027494002707,fest.lib.id388,2008,0.10657216405781064,0,0,0,0,1,1,1,3
idfnew419,0.015404357611211183,fest.lib.id874,2012,0.5062687909078113,0,0,0,0,1,1,1,1
N1501718,0.035481572274113526,fest.lib.id364,2015,0.6039825158473134,0,0,0,0,1,1,1,1
idfnew1571,0.030409043228660292,imdbady00357,2016,0.0018661110967312477,0,0,0,0,1,1,1,1
frnew153,0.018729724586514226,fest.lib.id665,2011,0.318359506181511,0,0,0,0,0,1,0,1
59,0.049400206088048966,fest.lib.id285,2013,0.39801347663094955,0,0,0,0,1,1,2,4
I1100742,0.08593276157373819,fest.lib.id1296,2009,0.12314726966479073,0,0,0,0,1,1,1,1
tffnew2172,0.05972175627643258,fest.lib.id1888,2016,0.9014664491525963,0,0,0,0,1,1,2,3
I1600215,0.020113678201210423,fest.lib.id364,2016,0.6039825158473134,0,0,0,0,1,1,1,1
f8284,0.03349011398296257,fest.lib.id1888,2017,0.9014664491525963,0,0,0,0,1,1,1,1
frnew807,0.062562976847913,id401,2015,0.07211320128732311,0,0,0,0,0,1,0,2
tffnew1539,0.05278616180254484,fest.lib.id1808,2015,0.1145501607898263,0,0,0,0,1,1,2,3
frnew412,0.009427210235655714,fest.lib.id1858,2011,0.02539036026064619,0,0,0,0,0,0,0,0
f17507,0.019094972877021152,fest.lib.id1888,2015,0.9014664491525963,0,0,0,0,1,1,2,2
idfnew1096,0.013154844896960123,imdbady00659,2016,0.006229556555231046,0,0,0,0,0,0,0,0
tffnew332,0.02352374198456391,fest.lib.id1736,2011,1.0,0,0,0,0,1,1,1,1
tffnew1826,0.07013711982563918,fest.lib.id1736,2015,1.0,0,0,0,0,1,1,1,3
idfnew795,0.030508998083534026,fest.lib.id1292,2012,0.004710768670663078,0,0,0,0,1,1,1,1
idfnew1523,0.024581753868591537,fest.lib.id874,2004,0.5062687909078113,0,0,0,0,1,1,1,1
1420,0.020501345615789215,fest.lib.id1888,2013,0.9014664491525963,0,0,0,0,1,1,1,1
I1104705,0.008710633486874475,fest.lib.id1808,2010,0.1145501607898263,0,0,0,0,0,0,0,0
tffnew493,0.011764107837794401,fest.lib.id1736,2012,1.0,0,0,0,0,1,1,1,1
246,0.014452071851913861,fest.lib.id1382,2012,0.012027560570798023,0,0,0,0,0,1,0,1
f16428,0.036446857748483975,fest.lib.id1888,2011,0.9014664491525963,0,0,0,0,1,1,1,2
f16916,0.032327576520000935,fest.lib.id1888,2012,0.9014664491525963,0,0,0,0,1,1,1,2
f16478,0.008621927237992218,fest.lib.id1735,2010,0.06336170154920864,0,0,0,0,0,0,0,0
tffnew2225,0.04374774170209206,fest.lib.id1736,2016,1.0,0,0,0,0,1,1,1,1
f16395,0.03283232958573012,fest.lib.id1888,2011,0.9014664491525963,0,0,0,0,1,1,1,1
idfnew921,0.023085975035529345,fest.lib.id7477,2014,0.010973276575960327,0,0,0,0,0,0,0,0
9438fnosuv,0.016976455015749098,fest.lib.id285,2016,0.39801347663094955,0,0,0,0,1,1,1,1
tffnew2661,0.04405513041713716,fest.lib.id1736,2017,1.0,0,0,0,0,1,1,1,2
f7751,0.009940784625779017,fest.lib.id1888,2016,0.9014664491525963,0,0,0,0,1,1,1,1
f8117,0.012530060773014924,fest.lib.id1888,2017,0.9014664491525963,0,0,0,0,1,1,1,1
1422,0.018316601439555148,fest.lib.id217,2012,0.13475573540038221,0,0,0,0,1,1,1,1
1502,0.014603940908017745,fest.lib.id364,2013,0.6039825158473134,0,0,0,0,1,1,1,1
idfnew578,0.013114247082973741,fest.lib.id874,2012,0.5062687909078113,0,0,0,0,1,1,1,1
f16926,0.06541543630758648,fest.lib.id1888,2012,0.9014664491525963,0,0,0,0,1,1,1,2
N1500584,0.01445733527216746,fest.lib.id364,2015,0.6039825158473134,0,0,0,0,1,1,1,1
f17608,0.034598748610951614,fest.lib.id1888,2015,0.9014664491525963,0,0,0,0,1,1,1,3
tffnew1672,0.02735789888937202,fest.lib.id1658,2015,0.15002034797660702,0,0,0,0,1,1,1,2
idfnew437,0.01156687681405449,fest.lib.id1658,2012,0.15002034797660702,0,0,0,0,0,0,0,0
I1406177,0.01264412927190418,fest.lib.id1899,2014,0.020175366079478816,0,0,0,0,0,0,0,0
tffnew1673,0.03852850005985041,imdbady01517,2015,0.001185718671725635,0,0,0,0,1,1,1,2
N1701188,0.015908154657020813,imdbady01546,2016,0.006064192328871407,0,0,0,0,1,1,1,1
f8336,0.09351079863826178,fest.lib.id1888,2017,0.9014664491525963,0,0,0,0,1,1,2,2
994,0.013673277450981193,fest.lib.id1529,2012,0.11108067190434959,0,0,0,0,1,1,1,1
idfnew630,0.026411334460895088,fest.lib.id.na240,2012,0.06203455950095228,0,0,0,0,0,0,0,0
tffnew2070,0.07948621017326764,fest.lib.id1808,2016,0.1145501607898263,0,0,0,0,1,1,1,3
1625,0.02624959957525069,fest.lib.id1050,2010,0.10887639162499597,0,0,0,0,1,1,1,1
9580fnosuv,0.012532331175718779,fest.lib.id1736,1992,1.0,0,0,0,0,1,1,2,2
tffnew2201,0.06457383523605822,fest.lib.id1808,2016,0.1145501607898263,0,0,0,0,1,1,1,2
f16484,0.014597288034644463,fest.lib.id1888,2011,0.9014664491525963,0,0,0,0,1,1,1,1
idfnew1778,0.013922399249431849,fest.lib.id874,2017,0.5062687909078113,0,0,0,0,1,1,1,1
tffnew1146,0.1092995158627558,fest.lib.id1736,2014,1.0,0,0,0,0,1,1,1,3
f16560,0.013678033241453698,fest.lib.id1888,2011,0.9014664491525963,0,0,0,0,1,1,1,1
829,0.011219045524521635,fest.lib.id364,2013,0.6039825158473134,0,0,0,0,1,1,1,1
f16655,0.01284610214943011,fest.lib.id1888,2011,0.9014664491525963,0,0,0,0,1,1,1,1
1498,0.01859875427937138,fest.lib.id364,2013,0.6039825158473134,0,0,0,0,1,1,1,1
N1101371,0.008845847796000249,fest.lib.id679,2011,0.019408975706331093,0,0,0,0,0,0,0,0
tffnew1627,0.02255024334470369,fest.lib.id1808,2015,0.1145501607898263,0,0,0,0,1,1,1,2
idfnew358,0.018548598884252764,fest.lib.id364,2012,0.6039825158473134,0,0,0,0,1,1,1,1
frnew527,0.058182422849324275,fest.lib.id1768,2013,0.07352724707497833,0,0,0,0,0,1,0,3
f16446,0.01819305706896333,fest.lib.id1888,2011,0.9014664491525963,0,0,0,0,1,1,1,1
frnew1091,0.018550708291302415,fest.lib.id1524,2017,0.003762714873428177,0,0,0,0,0,0,0,0
I1404544,0.02345533496723601,fest.lib.id364,2014,0.6039825158473134,0,0,0,0,1,1,1,1
frnew311,0.10800109747507602,fest.lib.id1382,2011,0.012027560570798023,0,0,0,0,0,0,0,0
idfnew1012,0.00995575178972834,fest.lib.id874,2015,0.5062687909078113,0,0,0,0,1,1,1,1
tffnew1755,0.01956484994621195,fest.lib.id1648,2014,0.20248827622358084,0,0,0,0,1,1,1,2
9568fnosuv,0.009298203289242048,fest.lib.id285,1976,0.39801347663094955,0,0,0,0,1,1,1,1
tffnew1473,0.009336977626214061,fest.lib.id1736,2014,1.0,0,0,0,0,1,1,1,1
I1503056,0.019572773175718875,fest.lib.id1359,2014,0.03713247974486391,0,0,0,0,1,1,1,1
f17554,0.019832827620430513,fest.lib.id.na293,2014,0.027424663096462933,0,0,0,0,1,1,1,1
f9003,0.032129507759060455,fest.lib.id285,2011,0.39801347663094955,0,0,0,0,1,1,1,1
f7993,0.04319685973328237,fest.lib.id1658,2016,0.15002034797660702,0,0,0,0,0,1,0,2
I1600460,0.017939392652267395,fest.lib.id364,2016,0.6039825158473134,0,0,0,0,1,1,1,1
1632,0.011219045524521635,fest.lib.id364,2013,0.6039825158473134,0,0,0,0,1,1,1,1
idfnew1040,0.03746290702118879,fest.lib.id1258,2015,0.1587868864408964,0,0,0,0,1,1,1,2
frnew442,0.019419652765802722,fest.lib.id1167,2012,0.14309594420744598,0,0,0,0,0,0,0,0
9161fnosuv,0.01176292495975836,fest.lib.id.na215,2011,0.07270284889751268,0,0,0,0,1,1,1,1
idfnew126,0.01953125632990767,fest.lib.id.na308,2011,0.006180417695820174,0,0,0,0,0,0,0,0
9462fnosuv,0.0194487868853766,fest.lib.id86,1994,0.0182476630995813,0,0,0,0,0,0,0,0
idfnew272,0.011230514477401437,fest.lib.id7505,2011,0.06371828239502825,0,0,0,0,0,1,0,1
N1101305,0.05340362088684655,fest.lib.id1658,2011,0.15002034797660702,0,0,0,0,1,1,1,1
frnew823,0.03097317334678022,fest.lib.id276,2014,0.01534232887727003,0,0,0,0,0,1,0,1
970,0.03068177763479849,fest.lib.id1888,2013,0.9014664491525963,0,0,0,0,1,1,1,2
tffnew1548,0.053442660807030286,fest.lib.id763,2015,0.16911813420957966,0,0,0,0,1,1,2,2
idfnew1459,0.046674894934452586,fest.lib.id1658,2016,0.15002034797660702,0,0,0,0,0,1,0,1
tffnew2624,0.05079001462781523,id401,2017,0.07211320128732311,0,0,0,0,1,1,1,2
f16589,0.021520099247510138,fest.lib.id1888,2011,0.9014664491525963,0,0,0,0,1,1,1,1
tffnew1389,0.017497463918704687,fest.lib.id1736,2014,1.0,0,0,0,0,1,1,1,1
f9341,0.044701226203630866,fest.lib.id285,2017,0.39801347663094955,0,0,0,0,1,1,1,2
f16714,0.009940784625779017,fest.lib.id1888,2011,0.9014664491525963,0,0,0,0,1,1,1,1
tffnew531,0.05238680412947753,fest.lib.id285,2012,0.39801347663094955,0,0,0,0,1,1,2,2
371,0.026100727306886513,fest.lib.id731,2013,0.3424863555939673,0,0,0,0,1,1,1,2
f9203,0.05308177762312756,fest.lib.id285,2015,0.39801347663094955,0,0,0,0,1,1,1,3
f9379,0.04455811685601506,fest.lib.id285,2017,0.39801347663094955,0,0,0,0,1,1,1,2
tffnew595,0.024621434289534665,fest.lib.id1736,2012,1.0,0,0,0,0,1,1,1,1
f17556,0.0151359293848702,fest.lib.id1888,2015,0.9014664491525963,0,0,0,0,1,1,1,1
1411,0.015064246536832016,fest.lib.id1494,2012,0.14895479943977585,0,0,0,0,1,1,1,1
I1103210,0.009663571493207497,fest.lib.id280,2011,0.011793678950720476,0,0,0,0,0,0,0,0
f17378,0.020745369155965702,fest.lib.id1888,2015,0.9014664491525963,0,0,0,0,1,1,1,2
495,0.014911704097688256,fest.lib.id1364,2007,0.020912179746952062,0,0,0,0,1,1,1,1
idfnew1902,0.0398881106493387,fest.lib.id.survey.na101,2016,0.021677342244600706,0,0,0,0,0,0,0,0
idfnew1337,0.00995575178972834,fest.lib.id874,2016,0.5062687909078113,0,0,0,0,1,1,1,1
idfnew1862,0.0293556827166755,fest.lib.id1736,2017,1.0,0,0,0,0,1,1,2,2
frnew222,0.07958909680951624,fest.lib.id1888,2005,0.9014664491525963,0,0,0,0,1,1,1,1
frnew94,0.022232082953033545,fest.lib.id1432,2010,0.0063367379257681,0,0,0,0,0,1,0,1
tffnew2541,0.07466589339309658,fest.lib.id284,2017,0.0022078298251507586,0,0,0,0,1,1,1,2
idfnew886,0.034261324213850045,id401,2014,0.07211320128732311,0,0,0,0,0,1,0,1
idfnew1575,0.032747508566767725,fest.lib.id874,2016,0.5062687909078113,0,0,0,0,1,1,1,1
872,0.04191758625639155,fest.lib.id1736,2013,1.0,0,0,0,0,1,1,1,2
idfnew517,0.012290220144131923,fest.lib.id731,2013,0.3424863555939673,0,0,0,0,0,1,0,1
tffnew83,0.017503922783978675,fest.lib.id1736,2011,1.0,0,0,0,0,1,1,1,1
frnew684,0.02989415082748744,fest.lib.id1182,2014,0.029129658789427314,0,0,0,0,0,1,0,1
tffnew1854,0.01850960060580484,fest.lib.id1736,2015,1.0,0,0,0,0,1,1,1,1
195,0.03644694330399425,fest.lib.id1658,2013,0.15002034797660702,0,0,0,0,1,1,1,1
N1601256,0.015309674886217088,fest.lib.id364,2016,0.6039825158473134,0,0,0,0,1,1,1,1
259,0.01872861554844758,fest.lib.id410,2012,0.00452670535225083,0,0,0,0,1,1,1,1
575,0.014207994647206098,fest.lib.id665,2013,0.318359506181511,0,0,0,0,0,1,0,1
tffnew450,0.021893559661090883,fest.lib.id1697,2012,0.05210166239461778,0,0,0,0,1,1,1,2
9448fnosuv,0.014353899613677706,fest.lib.id285,2016,0.39801347663094955,0,0,0,0,1,1,1,1
frnew705,0.026779288501986586,fest.lib.id1658,2015,0.15002034797660702,0,0,0,0,0,0,0,0
f16724,0.03534366692953033,fest.lib.id1888,2011,0.9014664491525963,0,0,0,0,1,1,1,3
idfnew87,0.018817113927667495,fest.lib.id162,2011,0.0402412207674064,0,0,0,0,0,1,0,1
tffnew2424,0.017022097601868912,fest.lib.id1736,2017,1.0,0,0,0,0,1,1,1,2
idfnew123,0.009166812064029492,fest.lib.id83,2012,0.017234630619636697,0,0,0,0,0,0,0,0
399,0.010470746031531416,fest.lib.id665,2013,0.318359506181511,0,0,0,0,0,1,0,1
557,0.03834543771405511,fest.lib.id1658,2013,0.15002034797660702,0,0,0,0,1,1,1,2
frnew946,0.009678464527863551,fest.lib.id305,2016,0.033467502671182564,0,0,0,0,0,0,0,0
f8286,0.016851798575525698,fest.lib.id1658,2008,0.15002034797660702,0,0,0,0,0,1,0,1
f17149,0.009940784625779017,fest.lib.id1888,2014,0.9014664491525963,0,0,0,0,1,1,1,1
frnew1116,0.00984009835541201,fest.lib.id1167,2017,0.14309594420744598,0,0,0,0,0,0,0,0
frnew799,0.023857060755995595,fest.lib.id238,2015,0.010711358167718224,0,0,0,0,0,1,0,2
tffnew1529,0.055917488841201755,fest.lib.id1736,2015,1.0,0,0,0,0,1,1,1,4
tffnew451,0.01237359595909293,fest.lib.id1736,2012,1.0,0,0,0,0,1,1,1,1
f8313,0.032826727409195414,fest.lib.id1535,2016,0.08500246471603438,0,0,0,0,1,1,1,1
f8067,0.014926049771819418,fest.lib.id1888,2017,0.9014664491525963,0,0,0,0,1,1,1,1
idfnew124,0.025876802074488586,fest.lib.id1776,2011,0.029239436365596817,0,0,0,0,0,0,0,0
f17579,0.009940784625779017,fest.lib.id1888,2015,0.9014664491525963,0,0,0,0,1,1,1,1
653,0.011955706544281837,fest.lib.id1736,2013,1.0,0,0,0,0,1,1,1,1
tffnew2046,0.04779484545128997,fest.lib.id1736,2016,1.0,0,0,0,0,1,1,1,3
idfnew1422,0.023274951100556704,fest.lib.id1768,2016,0.07352724707497833,0,0,0,0,1,1,1,1
tffnew34,0.029985955776680465,fest.lib.id193,2011,0.01447770585311524,0,0,0,0,1,1,1,1
idfnew210,0.024135042587941958,fest.lib.id874,2003,0.5062687909078113,0,0,0,0,1,1,1,1
idfnew1743,0.016726507545733196,fest.lib.id874,2016,0.5062687909078113,0,0,0,0,1,1,1,1
frnew841,0.014190700019451035,fest.lib.id1474,2017,0.016663416321392677,0,0,0,0,0,0,0,0
9282fnosuv,0.012097125724950385,fest.lib.id285,2015,0.39801347663094955,0,0,0,0,1,1,1,1
1370,0.023016742040694597,fest.lib.id1736,2013,1.0,0,0,0,0,1,1,1,1
9565fnosuv,0.04985382276930896,fest.lib.id285,1967,0.39801347663094955,0,0,0,0,1,1,2,2
f17587,0.03093426873980294,fest.lib.id1736,2014,1.0,0,0,0,0,1,1,2,2
f16860,0.014992718838034784,fest.lib.id217,2011,0.13475573540038221,0,0,0,0,1,1,1,1
tffnew2094,0.019640195935843808,fest.lib.id1736,2016,1.0,0,0,0,0,1,1,1,3
idfnew1321,0.013922399249431849,fest.lib.id874,2016,0.5062687909078113,0,0,0,0,1,1,1,1
idfnew1800,0.010069497199440837,fest.lib.id.na120,2018,0.04508871310438658,0,0,0,0,0,0,0,0
979,0.013993473633361068,fest.lib.id1249,1992,0.00871323056192924,0,0,0,0,1,1,1,1
I1603060,0.014225977270276628,fest.lib.id1050,2015,0.10887639162499597,0,0,0,0,1,1,1,1
idfnew619,0.012990066367627414,fest.lib.id348,2013,0.008379069076396241,0,0,0,0,0,0,0,0
9420fnosuv,0.037821064556441714,fest.lib.id285,2016,0.39801347663094955,0,0,0,0,1,1,3,5
N1600833,0.015577336211046884,fest.lib.id364,2016,0.6039825158473134,0,0,0,0,1,1,1,1
f7715,0.02136026814286928,fest.lib.id909,2016,0.13015898047987368,0,0,0,0,1,1,1,1
N1100618,0.015219710540370062,fest.lib.id.survey.na315,2010,0.004102507375160991,0,0,0,0,0,0,0,0
f8143,0.015435511528947402,id421,2018,0.001938378521268002,0,0,0,0,0,0,0,0
1255,0.02082244786076839,fest.lib.id874,2013,0.5062687909078113,0,0,0,0,1,1,1,1
frnew941,0.02860884307423224,fest.lib.id1342,2016,0.06876843098609271,0,0,0,0,0,0,0,0
tffnew2188,0.026322092166260653,fest.lib.id1895,2016,0.10094273609320706,0,0,0,0,1,1,1,1
idfnew1253,0.039492854593966606,fest.lib.id1888,1987,0.9014664491525963,0,0,0,0,1,1,2,2
tffnew1662,0.06848090698350581,fest.lib.id1736,2015,1.0,0,0,0,0,1,1,1,2
9418fnosuv,0.017917874452750133,fest.lib.id285,2016,0.39801347663094955,0,0,0,0,1,1,1,1
f17622,0.009940784625779017,fest.lib.id1888,2015,0.9014664491525963,0,0,0,0,1,1,1,1
frnew345,0.015610023856693725,fest.lib.id930,2012,0.028112612225342132,0,0,0,0,0,0,0,0
tffnew305,0.03455298700454046,fest.lib.id364,2012,0.6039825158473134,0,0,0,0,1,1,1,1
tffnew2601,0.030619208781560183,fest.lib.id1736,2017,1.0,0,0,0,0,1,1,1,1
tffnew233,0.011807057167834548,fest.lib.id1736,2011,1.0,0,0,0,0,1,1,1,1
1501,0.020912010173949162,fest.lib.id.na104,2012,0.004057091705035587,0,0,0,0,1,1,1,1
frnew35,0.044943599175245735,fest.lib.id1296,2010,0.12314726966479073,0,0,0,0,1,1,1,2
1201,0.038238189486345546,fest.lib.id7160,2012,0.08755778354559723,0,0,0,0,1,1,1,1
idfnew1054,0.01267455428649206,fest.lib.id874,2015,0.5062687909078113,0,0,0,0,1,1,1,1
tffnew1601,0.01501767637242341,fest.lib.id1736,2015,1.0,0,0,0,0,1,1,1,1
f9060,0.011902242825705697,fest.lib.id285,2011,0.39801347663094955,0,0,0,0,1,1,1,1
idfnew467,0.031035690345625037,fest.lib.id1808,2012,0.1145501607898263,0,0,0,0,0,1,0,1
frnew732,0.023425817581494375,fest.lib.id1658,2015,0.15002034797660702,0,0,0,0,0,1,0,1
f17266,0.046427159893900394,fest.lib.id1888,2014,0.9014664491525963,0,0,0,0,1,1,1,4
tffnew261,0.009316009463747383,fest.lib.id1383,2012,0.019917966318304926,0,0,0,0,0,0,0,0
idfnew1379,0.05815845493680547,fest.lib.id1658,2016,0.15002034797660702,0,0,0,0,1,1,1,1
idfnew1079,0.00995575178972834,fest.lib.id874,2015,0.5062687909078113,0,0,0,0,1,1,1,1
f17572,0.009940784625779017,fest.lib.id1888,2015,0.9014664491525963,0,0,0,0,1,1,1,1
f16363,0.009940784625779017,fest.lib.id1888,2011,0.9014664491525963,0,0,0,0,1,1,1,1
f17301,0.01591682966089877,fest.lib.id1888,2014,0.9014664491525963,0,0,0,0,1,1,1,1
tffnew2108,0.023211653730952377,fest.lib.id1736,2016,1.0,0,0,0,0,1,1,1,2
tffnew1994,0.02874764006013089,fest.lib.id1736,2016,1.0,0,0,0,0,1,1,1,1
53,0.06422813460154206,fest.lib.id364,2012,0.6039825158473134,0,0,0,0,1,1,1,1
tffnew1966,0.012232554349568258,fest.lib.id1736,2016,1.0,0,0,0,0,1,1,1,1
tffnew2249,0.03549621346285902,fest.lib.id1050,2016,0.10887639162499597,0,0,0,0,1,1,1,1
103,0.009940784625779017,fest.lib.id1888,2013,0.9014664491525963,0,0,0,0,1,1,1,1
frnew414,0.00984009835541201,fest.lib.id1167,2012,0.14309594420744598,0,0,0,0,0,0,0,0
I1604897,0.021282052835334422,fest.lib.id364,2016,0.6039825158473134,0,0,0,0,1,1,1,1
I1603073,0.02075256600933699,fest.lib.id1050,2015,0.10887639162499597,0,0,0,0,1,1,1,1
idfnew1704,0.012921029691694933,fest.lib.id.na240,2016,0.06203455950095228,0,0,0,0,1,1,1,1
tffnew2013,0.009336977626214061,fest.lib.id1736,2016,1.0,0,0,0,0,1,1,1,1
idfnew1495,0.023979582677362766,fest.lib.id437,2016,0.04486369651905941,0,0,0,0,1,1,1,1
tffnew2635,0.0467332005594171,fest.lib.id1808,2017,0.1145501607898263,0,0,0,0,1,1,1,2
645,0.023522287857921924,fest.lib.id1888,2013,0.9014664491525963,0,0,0,0,1,1,1,2
f9389,0.0807810869889727,fest.lib.id285,2017,0.39801347663094955,0,0,0,0,1,1,2,4
frnew303,0.014361828294720142,fest.lib.id5924,2012,0.0059159457742769895,0,0,0,0,0,0,0,0
idfnew536,0.016860478802809803,fest.lib.id1736,2012,1.0,0,0,0,0,1,1,1,1
9356fnosuv,0.01230513503499704,fest.lib.id285,1949,0.39801347663094955,0,0,0,0,1,1,1,1
tffnew1447,0.06532887551426468,fest.lib.id1664,2014,0.15064075420920695,0,0,0,0,1,1,1,2
tffnew1776,0.0382346588668217,fest.lib.id1736,2015,1.0,0,0,0,0,1,1,1,3
1033,0.00995575178972834,fest.lib.id874,2013,0.5062687909078113,0,0,0,0,1,1,1,1
1664,0.042849821925594125,fest.lib.id1832,2012,0.10684151432045275,0,0,0,0,1,1,1,1
I1703462,0.014189704949934104,fest.lib.id1892,2016,0.016038140602942452,0,0,0,0,0,0,0,0
frnew424,0.01639508478613696,fest.lib.id1618,2012,0.023481760681616358,0,0,0,0,0,0,0,0
tffnew2551,0.009336977626214061,fest.lib.id1736,2017,1.0,0,0,0,0,1,1,1,1
841,0.1429928949157949,fest.lib.id1736,2012,1.0,0,0,0,0,1,1,1,4
frnew132,0.009931215318261657,fest.lib.id7565,2012,0.019834951648108362,0,0,0,0,0,0,0,0
f17056,0.017809328392417407,fest.lib.id1888,2012,0.9014664491525963,0,0,0,0,1,1,1,1
tffnew1355,0.09970656169357373,fest.lib.id1736,2014,1.0,0,0,0,0,1,1,1,3
f7934,0.009940784625779017,fest.lib.id1888,2016,0.9014664491525963,0,0,0,0,1,1,1,1
f9077,0.06032288178293435,fest.lib.id308,2012,0.1567988599577044,0,0,0,0,1,1,2,4
tffnew1461,0.012019887928676625,fest.lib.id1736,2014,1.0,0,0,0,0,1,1,1,1
f7727,0.018479894798860183,fest.lib.id1385,2015,0.004393631084626594,0,0,0,0,1,1,1,1
tffnew285,0.022168838568654415,fest.lib.id4680,2011,0.1366072752245275,0,0,0,0,1,1,1,1
N1100342,0.014900323350334062,id627,2011,0.06218359890861916,0,0,0,0,0,0,0,0
f7724,0.06556683054032428,fest.lib.id1888,2016,0.9014664491525963,0,0,0,0,1,1,2,3
idfnew782,0.04151003599093122,fest.lib.id1808,2014,0.1145501607898263,0,0,0,0,1,1,1,2
893,0.031058617065746308,fest.lib.id1191,2013,0.04049416195128062,0,0,0,0,1,1,1,2
tffnew2380,0.02720923889501798,fest.lib.id1736,2017,1.0,0,0,0,0,1,1,1,1
1400,0.06636938960862239,fest.lib.id874,2013,0.5062687909078113,0,0,0,0,1,1,1,1
idfnew1885,0.013922399249431849,fest.lib.id874,2017,0.5062687909078113,0,0,0,0,1,1,1,1
f7843,0.06972521817784,fest.lib.id1888,2016,0.9014664491525963,0,0,0,0,1,1,1,4
f17012,0.026405952109781895,fest.lib.id217,2011,0.13475573540038221,0,0,0,0,1,1,1,1
tffnew25,0.012932356741190051,fest.lib.id1736,2011,1.0,0,0,0,0,1,1,1,1
9483fnosuv,0.04645698213335162,fest.lib.id285,2017,0.39801347663094955,0,0,0,0,1,1,1,2
f9260,0.02741294386458561,fest.lib.id285,2016,0.39801347663094955,0,0,0,0,1,1,1,2
idfnew1837,0.012499040087560092,fest.lib.id1296,2017,0.12314726966479073,0,0,0,0,1,1,1,1
35,0.04995241960337282,fest.lib.id285,2013,0.39801347663094955,0,0,0,0,1,1,1,3
tffnew1677,0.02539694045429455,fest.lib.id1736,2015,1.0,0,0,0,0,1,1,1,1
idfnew1464,0.015689692524071035,fest.lib.id874,2016,0.5062687909078113,0,0,0,0,1,1,1,1
f17673,0.00995575178972834,fest.lib.id874,2015,0.5062687909078113,0,0,0,0,1,1,1,1
tffnew512,0.029703848296677996,fest.lib.id1808,2012,0.1145501607898263,0,0,0,0,1,1,1,2
idfnew1626,0.01619821068044822,fest.lib.id.survey.na101,2016,0.021677342244600706,0,0,0,0,1,1,1,1
idfnew131,0.043039264879752535,fest.lib.id874,2011,0.5062687909078113,0,0,0,0,1,1,1,1
tffnew2358,0.009336977626214061,fest.lib.id1736,2017,1.0,0,0,0,0,1,1,1,1
980,0.01894276676566057,fest.lib.id1888,2013,0.9014664491525963,0,0,0,0,1,1,1,1
N1501748,0.02213657241011666,id627,2015,0.06218359890861916,0,0,0,0,1,1,1,1
idfnew229,0.00875499932378066,fest.lib.id282,2012,0.03946355520582079,0,0,0,0,0,0,0,0
tffnew2691,0.012343909371969053,fest.lib.id1050,2017,0.10887639162499597,0,0,0,0,1,1,1,1
f8237,0.01834601643118057,fest.lib.id.survey.na344,2016,0.004063534665234884,0,0,0,0,1,1,1,1
f9156,0.03828162791129759,fest.lib.id285,2014,0.39801347663094955,0,0,0,0,1,1,1,3
1421,0.009940784625779017,fest.lib.id1888,2013,0.9014664491525963,0,0,0,0,1,1,1,1
f9345,0.03245696706143376,fest.lib.id285,2017,0.39801347663094955,0,0,0,0,1,1,2,3
1721,0.015175809094020071,fest.lib.id364,2013,0.6039825158473134,0,0,0,0,1,1,1,1
f7854,0.02800311567588931,fest.lib.id1888,2016,0.9014664491525963,0,0,0,0,1,1,1,3
tffnew2155,0.025235752602000935,fest.lib.id1736,2016,1.0,0,0,0,0,1,1,1,2
I1703776,0.010318945263527491,fest.lib.id1680,2016,0.013338138813084389,0,0,0,0,0,0,0,0
frnew1059,0.010470746031531416,fest.lib.id665,2017,0.318359506181511,0,0,0,0,0,1,0,1
N1100565,0.010182659053658118,fest.lib.id.na471,2010,0.05809860871885474,0,0,0,0,0,0,0,0
N1601413,0.011219045524521635,fest.lib.id364,2016,0.6039825158473134,0,0,0,0,1,1,1,1
tffnew2369,0.014242629041550894,fest.lib.id1736,2017,1.0,0,0,0,0,1,1,1,2
f7787,0.060880189484111356,imdbady00540,2016,0.008444396584726685,0,0,0,0,1,1,1,3
frnew1041,0.017440827256727475,fest.lib.id1391,2016,0.008034460864869747,0,0,0,0,0,0,0,0
56,0.013174912512255747,fest.lib.id1888,2013,0.9014664491525963,0,0,0,0,1,1,2,2
N1601476,0.011219045524521635,fest.lib.id364,2016,0.6039825158473134,0,0,0,0,1,1,1,1
frnew939,0.014540849899247999,fest.lib.id1342,2015,0.06876843098609271,0,0,0,0,0,0,0,0
tffnew47,0.051755978009420875,fest.lib.id1808,2011,0.1145501607898263,0,0,0,0,1,1,1,2
9361fnosuv,0.014281688965293133,fest.lib.id285,2016,0.39801347663094955,0,0,0,0,1,1,1,1
tffnew98,0.033326406004554325,fest.lib.id1183,2011,0.04617845839505119,0,0,0,0,1,1,1,2
tffnew1457,0.016347735499157304,fest.lib.id424,2014,0.005304605589729922,0,0,0,0,1,1,1,1
1482,0.011219045524521635,fest.lib.id364,2013,0.6039825158473134,0,0,0,0,1,1,1,1
1241,0.015911768336340622,fest.lib.id.na232,2012,0.007273826290746834,0,0,0,0,1,1,1,1
f8196,0.03601849643808534,fest.lib.id1888,2017,0.9014664491525963,0,0,0,0,1,1,1,3
tffnew2548,0.009336977626214061,fest.lib.id1736,2017,1.0,0,0,0,0,1,1,1,1
145,0.017361900650870305,fest.lib.id1736,2013,1.0,0,0,0,0,1,1,1,1
207,0.02680904270228586,fest.lib.id364,2013,0.6039825158473134,0,0,0,0,1,1,1,1
frnew734,0.02216149910762202,fest.lib.id1147,2013,0.04743769596462434,0,0,0,0,0,1,0,1
1290,0.015477118599033696,fest.lib.id1888,2013,0.9014664491525963,0,0,0,0,1,1,1,1
frnew399,0.016549619729039757,fest.lib.id1167,2011,0.14309594420744598,0,0,0,0,0,0,0,0
I1204535,0.025540344109996366,imdbady00494,2012,0.0020610849602815022,0,0,0,0,0,0,0,0
f17594,0.0182794761857961,fest.lib.id1888,2015,0.9014664491525963,0,0,0,0,1,1,1,1
tffnew1958,0.009336977626214061,fest.lib.id1736,2016,1.0,0,0,0,0,1,1,1,1
tffnew275,0.0871202204215374,fest.lib.id1808,2011,0.1145501607898263,0,0,0,0,1,1,1,3
f9001,0.05917601858135739,fest.lib.id285,2011,0.39801347663094955,0,0,0,0,1,1,2,3
N1501176,0.026287157379088027,id627,2015,0.06218359890861916,0,0,0,0,1,1,1,1
tffnew1328,0.028409741976371035,fest.lib.id1736,2014,1.0,0,0,0,0,1,1,1,1
f17493,0.05891385928742967,fest.lib.id.survey.na101,2014,0.021677342244600706,0,0,0,0,1,1,2,2
frnew1122,0.06622321055748737,fest.lib.id731,2017,0.3424863555939673,0,0,0,0,0,1,0,2
f9221,0.058872041504196504,fest.lib.id285,2015,0.39801347663094955,0,0,0,0,1,1,2,3
1650,0.01797814406280788,fest.lib.id364,2013,0.6039825158473134,0,0,0,0,1,1,1,1
1141,0.014207994647206098,fest.lib.id665,2013,0.318359506181511,0,0,0,0,0,1,0,1
idfnew1669,0.015311362263236136,fest.lib.id1768,2017,0.07352724707497833,0,0,0,0,1,1,1,1
f16679,0.013656985811085902,fest.lib.id958,2011,0.12075010945459504,0,0,0,0,0,0,0,0
f9253,0.17777553371663338,fest.lib.id285,2015,0.39801347663094955,0,0,0,0,1,1,3,4
idfnew1878,0.009940784625779017,fest.lib.id1888,1986,0.9014664491525963,0,0,0,0,1,1,1,1
idfnew714,0.009057156384076039,fest.lib.id1893,2015,0.016624421352887907,0,0,0,0,0,0,0,0
idfnew747,0.06457293280568238,fest.lib.id388,2014,0.10657216405781064,0,0,0,0,1,1,1,2
f8252,0.0184194947157196,fest.lib.id1888,2017,0.9014664491525963,0,0,0,0,1,1,1,1
idfnew181,0.01513756212689984,fest.lib.id731,2012,0.3424863555939673,0,0,0,0,0,1,0,1
f9095,0.038822113426706245,fest.lib.id285,2012,0.39801347663094955,0,0,0,0,1,1,1,3
tffnew1400,0.08528130853304758,fest.lib.id1736,2014,1.0,0,0,0,0,1,1,1,2
idfnew488,0.014511642058224219,fest.lib.id731,2013,0.3424863555939673,0,0,0,0,0,1,0,1
tffnew1181,0.04742543191628417,fest.lib.id1736,2014,1.0,0,0,0,0,1,1,1,4
1392,0.025201548951649947,fest.lib.id1888,2013,0.9014664491525963,0,0,0,0,1,1,1,2
322,0.018804833866162638,fest.lib.id1535,2012,0.08500246471603438,0,0,0,0,1,1,1,1
tffnew1908,0.02668135276239516,fest.lib.id1736,2015,1.0,0,0,0,0,1,1,1,3
frnew114,0.04116497708685093,fest.lib.id1658,2011,0.15002034797660702,0,0,0,0,0,1,0,2
f9180,0.012335947726019567,fest.lib.id285,2014,0.39801347663094955,0,0,0,0,1,1,1,1
frnew916,0.010052563122754302,fest.lib.id1510,2017,0.03750500301014553,0,0,0,0,0,0,0,0
frnew501,0.01406422591932021,fest.lib.id1134,2014,0.008795632174815715,0,0,0,0,0,1,0,1
tffnew1443,0.014411165532391546,fest.lib.id1736,2014,1.0,0,0,0,0,1,1,1,1
tffnew286,0.009336977626214061,fest.lib.id1736,2011,1.0,0,0,0,0,1,1,1,1
f8038,0.020328448933679445,fest.lib.id731,2016,0.3424863555939673,0,0,0,0,1,1,1,2
tffnew171,0.024564117470720504,fest.lib.id1808,2011,0.1145501607898263,0,0,0,0,1,1,1,1
tffnew1839,0.02614100766559307,fest.lib.id1736,2015,1.0,0,0,0,0,1,1,1,1
9188fnosuv,0.05757203037076607,fest.lib.id285,2014,0.39801347663094955,0,0,0,0,1,1,2,3
I1703284,0.010797706598987872,imdbady01502,2018,0.008770601214940592,0,0,0,0,0,0,0,0
f17118,0.04178105261414344,fest.lib.id1888,2014,0.9014664491525963,0,0,0,0,1,1,1,2
f17620,0.016127866109501218,fest.lib.id1888,2015,0.9014664491525963,0,0,0,0,1,1,1,1
1092,0.011852298978929426,fest.lib.id1183,2013,0.04617845839505119,0,0,0,0,1,1,1,1
tffnew2168,0.05493564452937784,fest.lib.id1736,2016,1.0,0,0,0,0,1,1,2,2
frnew774,0.02665335544079765,fest.lib.id665,2015,0.318359506181511,0,0,0,0,0,1,0,1
1556,0.036890679959379086,fest.lib.id285,2012,0.39801347663094955,0,0,0,0,1,1,2,2
f16542,0.018790966258980576,fest.lib.id1489,2011,0.11452150555649154,0,0,0,0,0,0,0,0
tffnew2531,0.02197896604988631,fest.lib.id1736,2017,1.0,0,0,0,0,1,1,1,1
868,0.05688594447098971,fest.lib.id1808,2013,0.1145501607898263,0,0,0,0,1,1,1,2
f16581,0.023860111504680714,fest.lib.id1888,2011,0.9014664491525963,0,0,0,0,1,1,1,1
frnew1044,0.07400330823796104,imdbady01678,2017,0.0022686028330807816,0,0,0,0,0,1,0,1
tffnew2179,0.011812997144127261,fest.lib.id285,2016,0.39801347663094955,0,0,0,0,1,1,1,2
I1602421,0.014559663032731361,fest.lib.id364,2016,0.6039825158473134,0,0,0,0,1,1,1,1
f17364,0.05484608047525638,fest.lib.id1888,2014,0.9014664491525963,0,0,0,0,1,1,1,1
I1705682,0.017931886104643757,fest.lib.id6734,2016,0.0033844799721552787,0,0,0,0,0,0,0,0
idfnew339,0.02095826079954384,fest.lib.id7487,2012,0.012710613311914044,0,0,0,0,0,0,0,0
idfnew1667,0.03318885105845205,fest.lib.id1888,2017,0.9014664491525963,0,0,0,0,1,1,1,1
748,0.011219045524521635,fest.lib.id364,2013,0.6039825158473134,0,0,0,0,1,1,1,1
tffnew283,0.012054604901182082,fest.lib.id1736,2011,1.0,0,0,0,0,1,1,1,1
78,0.05794236182816009,fest.lib.id1697,2013,0.05210166239461778,0,0,0,0,1,1,1,2
1426,0.016493787552627533,fest.lib.id1411,2013,0.026525914688567735,0,0,0,0,1,1,1,1
idfnew1286,0.02645992510557418,fest.lib.id1722,2003,0.10246538636036051,0,0,0,0,0,0,0,0
frnew917,0.0089990265530929,fest.lib.id1582,2015,0.04430384424256456,0,0,0,0,0,0,0,0
idfnew1858,0.011388705084712373,fest.lib.id174,2017,0.12232867487620556,0,0,0,0,0,0,0,0
tffnew1678,0.030247923586633783,fest.lib.id1736,2015,1.0,0,0,0,0,1,1,1,1
f9161,0.07055956695767157,fest.lib.id285,2014,0.39801347663094955,0,0,0,0,1,1,2,4
idfnew1629,0.017379432427633616,fest.lib.id874,2017,0.5062687909078113,0,0,0,0,1,1,1,1
f8275,0.009940784625779017,fest.lib.id1888,2017,0.9014664491525963,0,0,0,0,1,1,1,1
frnew652,0.013391529484470073,fest.lib.id1342,2013,0.06876843098609271,0,0,0,0,0,0,0,0
f8108,0.02456529113234905,fest.lib.id1888,2017,0.9014664491525963,0,0,0,0,1,1,1,1
frnew933,0.05454691846356624,fest.lib.id1658,2016,0.15002034797660702,0,0,0,0,0,1,0,2
1410,0.017199637802352376,fest.lib.id469,2012,0.019241998458219826,0,0,0,0,1,1,1,1
I1602858,0.010182659053658118,fest.lib.id.na471,2016,0.05809860871885474,0,0,0,0,0,0,0,0
f9298,0.029552725706500953,fest.lib.id285,2016,0.39801347663094955,0,0,0,0,1,1,1,1
9336fnosuv,0.012115152680173385,fest.lib.id285,1957,0.39801347663094955,0,0,0,0,1,1,1,1
1584,0.013836958831184415,fest.lib.id1613,1994,0.06430215101394857,0,0,0,0,1,1,1,1
tffnew1322,0.04115102788868037,fest.lib.id1736,2014,1.0,0,0,0,0,1,1,1,1
f9336,0.02164553427397592,fest.lib.id285,2017,0.39801347663094955,0,0,0,0,1,1,1,2
tffnew2644,0.054670155637944085,fest.lib.id1736,2017,1.0,0,0,0,0,1,1,1,1
104,0.009940784625779017,fest.lib.id1888,2013,0.9014664491525963,0,0,0,0,1,1,1,1
f9036,0.04550105211398303,fest.lib.id285,2011,0.39801347663094955,0,0,0,0,1,1,1,2
idfnew1616,0.015421457116893189,fest.lib.id1925,2017,0.0062764066254804825,0,0,0,0,1,1,1,1
f16814,0.023922570318710704,fest.lib.id1888,2012,0.9014664491525963,0,0,0,0,1,1,1,2
tffnew372,0.011845606281635017,fest.lib.id1736,2012,1.0,0,0,0,0,1,1,1,1
tffnew2022,0.009336977626214061,fest.lib.id1736,2016,1.0,0,0,0,0,1,1,1,1
idfnew355,0.011455038600128479,fest.lib.id.na353,2013,0.016235478259815785,0,0,0,0,0,0,0,0
tffnew485,0.04731458353198712,imdbady00020,2012,0.0011195806128611405,0,0,0,0,1,1,1,2
tffnew1354,0.022161096760751998,fest.lib.id1736,2014,1.0,0,0,0,0,1,1,2,2
idfnew367,0.016658296151216733,fest.lib.id874,2012,0.5062687909078113,0,0,0,0,1,1,1,1
tffnew2097,0.012233154439569632,fest.lib.id1582,2016,0.04430384424256456,0,0,0,0,1,1,1,1
idfnew878,0.012914002337738501,fest.lib.id874,2014,0.5062687909078113,0,0,0,0,1,1,1,1
411,0.02448278574251559,fest.lib.id874,2013,0.5062687909078113,0,0,0,0,1,1,1,1
f9020,0.033537594142686866,fest.lib.id285,2011,0.39801347663094955,0,0,0,0,1,1,2,3
tffnew300,0.027784173366782506,fest.lib.id285,2011,0.39801347663094955,0,0,0,0,1,1,2,2
tffnew1508,0.045228078629487994,fest.lib.id1736,2014,1.0,0,0,0,0,1,1,1,2
frnew218,0.009453311775069152,fest.lib.id206,2011,0.01882695794132455,0,0,0,0,0,0,0,0
1054,0.012446792571368931,fest.lib.id1888,2013,0.9014664491525963,0,0,0,0,1,1,1,1
tffnew1904,0.035980078872901645,fest.lib.id1296,1967,0.12314726966479073,0,0,0,0,1,1,2,2
f9166,0.030095573953710035,fest.lib.id285,2014,0.39801347663094955,0,0,0,0,1,1,1,1
frnew859,0.030609672839573575,fest.lib.id665,2016,0.318359506181511,0,0,0,0,0,1,0,1
idfnew1158,0.01533885494733365,fest.lib.id874,2015,0.5062687909078113,0,0,0,0,1,1,1,2
825,0.026001330526327398,fest.lib.id874,2013,0.5062687909078113,0,0,0,0,1,1,1,1
f17107,0.1487733227899976,fest.lib.id1888,2014,0.9014664491525963,0,0,0,0,1,1,1,1
f17092,0.013123427732726007,fest.lib.id1888,2014,0.9014664491525963,0,0,0,0,1,1,1,1
tffnew1165,0.009336977626214061,fest.lib.id1736,2014,1.0,0,0,0,0,1,1,1,1
861,0.12746818761769754,fest.lib.id364,2013,0.6039825158473134,0,0,0,0,1,1,1,2
f9210,0.02685590168211627,fest.lib.id285,2015,0.39801347663094955,0,0,0,0,1,1,1,1
frnew681,0.010234032831391644,fest.lib.id.na42,2014,0.06417041546238612,0,0,0,0,0,0,0,0
1399,0.03334508074277395,fest.lib.id1888,2013,0.9014664491525963,0,0,0,0,1,1,1,1
f17473,0.009940784625779017,fest.lib.id1888,2015,0.9014664491525963,0,0,0,0,1,1,1,1
f8097,0.027511848167077253,fest.lib.id1888,2017,0.9014664491525963,0,0,0,0,1,1,1,1
tffnew1588,0.026691919454885703,fest.lib.id974,2015,0.16229812321214043,0,0,0,0,1,1,1,2
tffnew60,0.03523430315341365,fest.lib.id1736,2011,1.0,0,0,0,0,1,1,1,2
tffnew2682,0.027589743721225052,fest.lib.id1736,2017,1.0,0,0,0,0,1,1,1,2
f7863,0.035264409751985824,fest.lib.id1888,2016,0.9014664491525963,0,0,0,0,1,1,1,1
frnew392,0.022482530431264004,fest.lib.id665,2012,0.318359506181511,0,0,0,0,0,1,0,1
frnew255,0.0089990265530929,fest.lib.id1582,2012,0.04430384424256456,0,0,0,0,0,0,0,0
frnew210,0.02302323980708942,fest.lib.id1286,2010,0.013204462507570871,0,0,0,0,0,0,0,0
f8330,0.1254078628566708,fest.lib.id1658,2017,0.15002034797660702,0,0,0,0,1,1,1,4
f17201,0.01645325163927063,fest.lib.id1888,2014,0.9014664491525963,0,0,0,0,1,1,1,1
idfnew521,0.018396951522372765,fest.lib.id1867,1993,0.01669590221864366,0,0,0,0,0,0,0,0
1110,0.012460257229509346,fest.lib.id1888,2013,0.9014664491525963,0,0,0,0,1,1,1,1
f17007,0.013218112670424753,fest.lib.id1888,2012,0.9014664491525963,0,0,0,0,1,1,1,1
tffnew405,0.04990693622604945,fest.lib.id1736,2012,1.0,0,0,0,0,1,1,1,1
1513,0.01867367962264996,fest.lib.id6558,2012,0.022927788110100236,0,0,0,0,1,1,1,1
N1500382,0.018387445889872924,id627,2015,0.06218359890861916,0,0,0,0,1,1,1,1
500,0.015446700904229593,fest.lib.id1808,1946,0.1145501607898263,0,0,0,0,1,1,1,1
idfnew1256,0.012662760517138077,fest.lib.id731,2011,0.3424863555939673,0,0,0,0,1,1,1,2
idfnew1841,0.016189050337264723,fest.lib.id874,2017,0.5062687909078113,0,0,0,0,1,1,1,2
f16708,0.01611775985565637,fest.lib.id7771,2011,0.04572868021300894,0,0,0,0,0,0,0,0
f16977,0.06401070433877445,fest.lib.id1888,2012,0.9014664491525963,0,0,0,0,1,1,1,2
f17408,0.053472557423415286,fest.lib.id1888,2015,0.9014664491525963,0,0,0,0,1,1,2,2
frnew215,0.010470746031531416,fest.lib.id665,2011,0.318359506181511,0,0,0,0,0,1,0,1
f9238,0.016976455015749098,fest.lib.id285,2015,0.39801347663094955,0,0,0,0,1,1,1,1
9195fnosuv,0.100135585990957,fest.lib.id285,2014,0.39801347663094955,0,0,0,0,1,1,2,4
f7755,0.028397523881993434,fest.lib.id1888,2016,0.9014664491525963,0,0,0,0,1,1,1,1
9301fnosuv,0.01481464337626605,fest.lib.id285,2015,0.39801347663094955,0,0,0,0,1,1,1,1
f17646,0.020167105688692708,fest.lib.id1888,2015,0.9014664491525963,0,0,0,0,1,1,1,1
idfnew1522,0.00995575178972834,fest.lib.id874,2016,0.5062687909078113,0,0,0,0,1,1,1,1
f8157,0.1241245006769146,fest.lib.id1658,2017,0.15002034797660702,0,0,0,0,1,1,1,4
369,0.053722660117956504,fest.lib.id1808,2013,0.1145501607898263,0,0,0,0,1,1,1,3
tffnew58,0.029696960825434385,fest.lib.id1808,2011,0.1145501607898263,0,0,0,0,1,1,1,1
tffnew1459,0.10496607425447092,fest.lib.id1736,2014,1.0,0,0,0,0,1,1,1,1
1675,0.12636513088630685,fest.lib.id731,2006,0.3424863555939673,0,0,0,0,1,1,2,3
frnew337,0.028882471191252007,fest.lib.id1168,2011,0.0035872905474984475,0,0,0,0,0,1,0,1
I1701992,0.017436220502474207,fest.lib.id1613,2016,0.06430215101394857,0,0,0,0,0,0,0,0
f9372,0.021554823905335488,fest.lib.id285,2017,0.39801347663094955,0,0,0,0,1,1,1,1
tffnew2556,0.020647353002334317,fest.lib.id1736,2017,1.0,0,0,0,0,1,1,1,1
idfnew1318,0.01504116958272749,fest.lib.id1808,1988,0.1145501607898263,0,0,0,0,1,1,1,1
1580,0.017866517465794707,fest.lib.id1411,2005,0.026525914688567735,0,0,0,0,1,1,1,1
1084,0.015298854838442422,fest.lib.id.na471,2012,0.05809860871885474,0,0,0,0,1,1,1,1
1282,0.05472837931351594,fest.lib.id33,1965,0.048734666620580576,0,0,0,0,1,1,1,2
f16849,0.016695741750885503,fest.lib.id1888,2012,0.9014664491525963,0,0,0,0,1,1,1,1
698,0.016783279636150082,fest.lib.id247,2012,0.007806631266260427,0,0,0,0,1,1,1,1
f8197,0.009940784625779017,fest.lib.id1888,2017,0.9014664491525963,0,0,0,0,1,1,1,1
tffnew419,0.009336977626214061,fest.lib.id1736,2012,1.0,0,0,0,0,1,1,1,1
tffnew2563,0.02356162108855722,fest.lib.id1736,2017,1.0,0,0,0,0,1,1,1,1
frnew651,0.04906753340230817,fest.lib.id285,2013,0.39801347663094955,0,0,0,0,1,1,1,3
idfnew1888,0.013436113466713197,fest.lib.id997,2017,0.06166273990342565,0,0,0,0,1,1,1,1
1336,0.013174912512255747,fest.lib.id1736,2012,1.0,0,0,0,0,1,1,2,2
tffnew2027,0.044323991599129246,fest.lib.id1658,1991,0.15002034797660702,0,0,0,0,1,1,1,2
frnew380,0.023519405175524,id238,2009,0.0408858975952493,0,0,0,0,0,0,0,0
f9185,0.03186388557915344,fest.lib.id285,2014,0.39801347663094955,0,0,0,0,1,1,2,2
I1203546,0.01761846717433405,fest.lib.id364,2012,0.6039825158473134,0,0,0,0,1,1,1,1
1296,0.009940784625779017,fest.lib.id1888,2013,0.9014664491525963,0,0,0,0,1,1,1,1
f9326,0.07785216257572534,fest.lib.id285,2017,0.39801347663094955,0,0,0,0,1,1,1,2
idfnew1536,0.012921029691694933,fest.lib.id.na240,2016,0.06203455950095228,0,0,0,0,1,1,1,1
tffnew251,0.009336977626214061,fest.lib.id1736,2011,1.0,0,0,0,0,1,1,1,1
f17614,0.023208443764432478,fest.lib.id1888,2015,0.9014664491525963,0,0,0,0,1,1,1,1
f16805,0.023301213677263198,fest.lib.id665,1997,0.318359506181511,0,0,0,0,1,1,1,2
tffnew2528,0.01447930717404757,fest.lib.id437,2017,0.04486369651905941,0,0,0,0,1,1,1,1
I1700602,0.018024715216082295,fest.lib.id925,2016,0.0022328413788779014,0,0,0,0,0,0,0,0
I1203807,0.009087784291118568,fest.lib.id744,2011,0.03530890126958436,0,0,0,0,0,0,0,0
idfnew1257,0.00888480564781314,fest.lib.id1832,2015,0.10684151432045275,0,0,0,0,0,0,0,0
f8093,0.009940784625779017,fest.lib.id1888,2017,0.9014664491525963,0,0,0,0,1,1,1,1
tffnew1926,0.014395785440876852,fest.lib.id1808,2015,0.1145501607898263,0,0,0,0,1,1,1,1
f8209,0.017484601450306374,fest.lib.id1888,2017,0.9014664491525963,0,0,0,0,1,1,1,1
idfnew1357,0.00882047701470535,fest.lib.id.na50,2017,0.08438403960319157,0,0,0,0,0,0,0,0
tffnew1641,0.01185605512446895,fest.lib.id1736,2015,1.0,0,0,0,0,1,1,1,1
f9296,0.039602188264953805,fest.lib.id174,2016,0.12232867487620556,0,0,0,0,1,1,1,1
1613,0.01905187778623233,fest.lib.id1411,2001,0.026525914688567735,0,0,0,0,1,1,1,1
frnew448,0.014517552437582126,fest.lib.id1559,2013,0.01396952645427298,0,0,0,0,0,1,0,1
f17691,0.028446595185667757,fest.lib.id1658,2015,0.15002034797660702,0,0,0,0,1,1,1,1
tffnew2228,0.03823762359678414,fest.lib.id285,2016,0.39801347663094955,0,0,0,0,1,1,2,2
727,0.024921299367003245,fest.lib.id744,2012,0.03530890126958436,0,0,0,0,0,1,0,1
f17125,0.009940784625779017,fest.lib.id1888,2014,0.9014664491525963,0,0,0,0,1,1,1,1
f17292,0.009940784625779017,fest.lib.id1888,2014,0.9014664491525963,0,0,0,0,1,1,1,1
f9325,0.06617465711108979,fest.lib.id285,2017,0.39801347663094955,0,0,0,0,1,1,2,3
f8125,0.014965480172497037,fest.lib.id1888,2017,0.9014664491525963,0,0,0,0,1,1,1,1
frnew90,0.01769089023132451,fest.lib.id.ch859,2011,0.020422489926764233,0,0,0,0,0,1,0,1
N1400840,0.011219045524521635,fest.lib.id364,2014,0.6039825158473134,0,0,0,0,1,1,1,1
f9197,0.09893573168356731,fest.lib.id285,2015,0.39801347663094955,0,0,0,0,1,1,2,4
tffnew1993,0.024368497381148952,fest.lib.id1697,2016,0.05210166239461778,0,0,0,0,1,1,1,2
f17410,0.02687872777703302,fest.lib.id1736,2014,1.0,0,0,0,0,1,1,1,1
idfnew729,0.02447931260936819,fest.lib.id1658,2014,0.15002034797660702,0,0,0,0,0,1,0,1
f9184,0.04603321576608479,fest.lib.id285,2014,0.39801347663094955,0,0,0,0,1,1,3,3
idfnew1316,0.008809858467147066,fest.lib.id731,2017,0.3424863555939673,0,0,0,0,0,1,0,1
f16483,0.017873593548631137,fest.lib.id1888,2011,0.9014664491525963,0,0,0,0,1,1,2,2
402,0.013630293967189146,fest.lib.id1342,2013,0.06876843098609271,0,0,0,0,1,1,1,1
frnew856,0.010470746031531416,fest.lib.id665,2016,0.318359506181511,0,0,0,0,0,1,0,1
tffnew1709,0.024559782721997183,fest.lib.id1736,2015,1.0,0,0,0,0,1,1,1,1
tffnew2288,0.012143814294826444,fest.lib.id1736,2016,1.0,0,0,0,0,1,1,1,1
frnew1027,0.013755608104065543,imdbady00391,2017,0.0032900111386910042,0,0,0,0,0,0,0,0
frnew685,0.012587188269757578,fest.lib.id1074,2015,0.045751935521372585,0,0,0,0,0,0,0,0
f9199,0.0324086855295245,fest.lib.id285,2015,0.39801347663094955,0,0,0,0,1,1,2,2
idfnew1458,0.05402283791818411,fest.lib.id1658,2016,0.15002034797660702,0,0,0,0,1,1,1,2
tffnew1186,0.009336977626214061,fest.lib.id1736,2014,1.0,0,0,0,0,1,1,1,1
frnew451,0.058017698881448115,imdbady00344,2013,0.0012428076033759103,0,0,0,0,0,1,0,1
frnew236,0.03607157909209056,fest.lib.id1888,1997,0.9014664491525963,0,0,0,0,1,1,1,1
tffnew1359,0.029489600097196512,fest.lib.id1736,2014,1.0,0,0,0,0,1,1,1,1
1507,0.029138158942615153,fest.lib.id1411,2013,0.026525914688567735,0,0,0,0,1,1,1,1
1018,0.021157262700325915,fest.lib.id1736,2013,1.0,0,0,0,0,1,1,1,2
tffnew1962,0.03476440838789609,fest.lib.id1736,2016,1.0,0,0,0,0,1,1,2,4
f7835,0.018246874922367526,fest.lib.id1736,2015,1.0,0,0,0,0,1,1,2,2
f16398,0.0182565860945814,fest.lib.id1736,2010,1.0,0,0,0,0,1,1,2,2
I1103328,0.009610601098554416,fest.lib.id.na236,2010,0.016167791167439913,0,0,0,0,0,0,0,0
idfnew1549,0.013922399249431849,fest.lib.id874,2016,0.5062687909078113,0,0,0,0,1,1,1,1
886,0.047014528062170574,fest.lib.id1658,2013,0.15002034797660702,0,0,0,0,1,1,1,1
9470fnosuv,0.061024096433354436,fest.lib.id285,2017,0.39801347663094955,0,0,0,0,1,1,1,1
idfnew366,0.014134851761124483,id401,2012,0.07211320128732311,0,0,0,0,0,1,0,1
tffnew2316,0.04381525584032583,fest.lib.id1697,2016,0.05210166239461778,0,0,0,0,1,1,1,3
idfnew882,0.018555778479461993,fest.lib.id174,2008,0.12232867487620556,0,0,0,0,1,1,1,1
tffnew184,0.02886627736486161,fest.lib.id1736,2011,1.0,0,0,0,0,1,1,1,1
idfnew866,0.016578984840248272,fest.lib.id.na240,2014,0.06203455950095228,0,0,0,0,1,1,1,1
f17498,0.0644547503103429,fest.lib.id1808,2014,0.1145501607898263,0,0,0,0,1,1,1,2
I1405468,0.019290911787176814,fest.lib.id364,2014,0.6039825158473134,0,0,0,0,1,1,1,1
f17139,0.015462420568078351,fest.lib.id1888,2014,0.9014664491525963,0,0,0,0,1,1,1,1
frnew582,0.05081150596578403,fest.lib.id1503,2013,0.02528824098579947,0,0,0,0,0,1,0,1
idfnew255,0.0092720581062447,fest.lib.id.na375,2012,0.19236865604671277,0,0,0,0,0,0,0,0
f9218,0.11187317012748865,fest.lib.id285,2015,0.39801347663094955,0,0,0,0,1,1,2,4
frnew349,0.016307842310616633,fest.lib.id285,2011,0.39801347663094955,0,0,0,0,1,1,1,1
idfnew230,0.023557509623498958,id097,2011,0.020373317099565996,0,0,0,0,0,0,0,0
frnew100,0.010470746031531416,fest.lib.id665,2011,0.318359506181511,0,0,0,0,0,1,0,1
519,0.009940784625779017,fest.lib.id1888,2013,0.9014664491525963,0,0,0,0,1,1,1,1
I1503139,0.011219045524521635,fest.lib.id364,2015,0.6039825158473134,0,0,0,0,1,1,1,1
tffnew2523,0.016303052059876456,fest.lib.id1808,2017,0.1145501607898263,0,0,0,0,1,1,1,1
I1602256,0.010193479101432782,fest.lib.id.survey.na368,2016,0.019417545992852517,0,0,0,0,0,0,0,0
I1604462,0.011661544938034455,fest.lib.id1848,2015,0.004787357399912215,0,0,0,0,0,0,0,0
idfnew1712,0.019088657712108766,fest.lib.id1658,2017,0.15002034797660702,0,0,0,0,1,1,1,1
tffnew1802,0.009336977626214061,fest.lib.id1736,2015,1.0,0,0,0,0,1,1,1,1
1672,0.011219045524521635,fest.lib.id364,2013,0.6039825158473134,0,0,0,0,1,1,1,1
I1505852,0.011219045524521635,fest.lib.id364,2015,0.6039825158473134,0,0,0,0,1,1,1,1
460,0.009940784625779017,fest.lib.id1888,2013,0.9014664491525963,0,0,0,0,1,1,1,1
766,0.059649696383671694,fest.lib.id285,2013,0.39801347663094955,0,0,0,0,1,1,1,2
f17428,0.017777252303866065,fest.lib.id1888,2015,0.9014664491525963,0,0,0,0,1,1,1,1
1238,0.013790559780536045,fest.lib.id1888,2013,0.9014664491525963,0,0,0,0,1,1,1,1
f16929,0.012491661697776352,fest.lib.id1291,2011,0.014747440729239914,0,0,0,0,1,1,1,1
idfnew628,0.00995575178972834,fest.lib.id874,2012,0.5062687909078113,0,0,0,0,1,1,1,1
tffnew2599,0.01979867291729387,fest.lib.id1736,2017,1.0,0,0,0,0,1,1,1,2
tffnew472,0.03744931499381292,fest.lib.id1736,2012,1.0,0,0,0,0,1,1,1,3
f9191,0.061447336599951524,fest.lib.id285,2015,0.39801347663094955,0,0,0,0,1,1,1,3
idfnew1787,0.00995575178972834,fest.lib.id874,2017,0.5062687909078113,0,0,0,0,1,1,1,1
372,0.016310839413644133,fest.lib.id1658,2011,0.15002034797660702,0,0,0,0,1,1,1,1
1022,0.015085512329825903,fest.lib.id1888,2013,0.9014664491525963,0,0,0,0,1,1,1,1
f7757,0.012343784927142073,fest.lib.id1888,2016,0.9014664491525963,0,0,0,0,1,1,1,2
tffnew1549,0.047301616732393525,fest.lib.id1736,2015,1.0,0,0,0,0,1,1,1,1
idfnew492,0.05570331470710202,fest.lib.id285,2010,0.39801347663094955,0,0,0,0,1,1,3,4
tffnew2005,0.07051792479802442,fest.lib.id1736,2016,1.0,0,0,0,0,1,1,1,1
I1202713,0.00862232234346766,fest.lib.id217,2011,0.13475573540038221,0,0,0,0,0,0,0,0
f17245,0.01855478732916149,fest.lib.id217,2013,0.13475573540038221,0,0,0,0,0,0,0,0
tffnew1379,0.016985167836035524,fest.lib.id1736,2014,1.0,0,0,0,0,1,1,1,1
1152,0.015608956484008708,fest.lib.id1888,2013,0.9014664491525963,0,0,0,0,1,1,1,1
frnew965,0.01334578928664812,fest.lib.id1510,2017,0.03750500301014553,0,0,0,0,0,0,0,0
835,0.045252110324573616,fest.lib.id997,2013,0.06166273990342565,0,0,0,0,1,1,1,1
82,0.023065116615206323,fest.lib.id1888,2013,0.9014664491525963,0,0,0,0,1,1,1,1
f9276,0.0850662525989126,fest.lib.id285,2016,0.39801347663094955,0,0,0,0,1,1,2,5
tffnew1246,0.014248243125529607,fest.lib.id1732,2014,0.16442851051533133,0,0,0,0,0,0,0,0
idfnew1225,0.0092720581062447,fest.lib.id.na375,2016,0.19236865604671277,0,0,0,0,0,0,0,0
112,0.013733839379406849,fest.lib.id1648,2012,0.20248827622358084,0,0,0,0,1,1,1,2
1076,0.01429911161005574,fest.lib.id7565,2013,0.019834951648108362,0,0,0,0,0,1,0,1
frnew287,0.07310143006343126,imdbady00540,2011,0.008444396584726685,0,0,0,0,0,1,0,1
N1100288,0.02024527470581521,fest.lib.id285,2010,0.39801347663094955,0,0,0,0,1,1,1,1
idfnew681,0.015840779690805475,fest.lib.id1821,2012,0.15848479903885174,0,0,0,0,1,1,1,1
f16946,0.015027236635676403,fest.lib.id1888,2012,0.9014664491525963,0,0,0,0,1,1,1,1
1375,0.010470746031531416,fest.lib.id665,2013,0.318359506181511,0,0,0,0,0,1,0,1
373,0.016500782405346172,fest.lib.id1888,2013,0.9014664491525963,0,0,0,0,1,1,1,1
tffnew395,0.014498548560356381,fest.lib.id909,2012,0.13015898047987368,0,0,0,0,0,0,0,0
1628,0.014225977270276628,fest.lib.id1050,2012,0.10887639162499597,0,0,0,0,1,1,1,1
tffnew2589,0.017501806847407007,fest.lib.id1050,2017,0.10887639162499597,0,0,0,0,1,1,1,1
frnew21,0.05016845157562781,fest.lib.id1704,2009,0.0826856495616202,0,0,0,0,1,1,1,2
1445,0.009298203289242048,fest.lib.id285,2013,0.39801347663094955,0,0,0,0,1,1,1,1
tffnew2190,0.02718658503576741,fest.lib.id1736,2016,1.0,0,0,0,0,1,1,1,3
tffnew1809,0.014583501171715495,fest.lib.id1736,2015,1.0,0,0,0,0,1,1,1,2
frnew396,0.008872099720888581,fest.lib.id268,2013,0.03638586113407253,0,0,0,0,0,0,0,0
frnew1034,0.04324860689381568,fest.lib.id1768,2017,0.07352724707497833,0,0,0,0,0,1,0,2
tffnew1676,0.048142248778505856,fest.lib.id285,2015,0.39801347663094955,0,0,0,0,1,1,2,2
tffnew1759,0.054837650242928575,fest.lib.id1736,2015,1.0,0,0,0,0,1,1,1,3
idfnew1062,0.03334110388578632,fest.lib.id1768,2015,0.07352724707497833,0,0,0,0,1,1,1,1
f9321,0.022017143345073747,fest.lib.id285,2016,0.39801347663094955,0,0,0,0,1,1,1,1
101,0.023315602789010365,fest.lib.id1888,2013,0.9014664491525963,0,0,0,0,1,1,1,2
tffnew1777,0.02096560860157467,fest.lib.id974,2015,0.16229812321214043,0,0,0,0,1,1,1,1
tffnew1789,0.009336977626214061,fest.lib.id1736,2015,1.0,0,0,0,0,1,1,1,1
f17586,0.03960478869859673,fest.lib.id1888,2015,0.9014664491525963,0,0,0,0,1,1,1,3
tffnew84,0.04409647943014918,fest.lib.id285,2011,0.39801347663094955,0,0,0,0,1,1,1,3
612,0.023189685278550934,fest.lib.id59,2012,0.0023240596807887095,0,0,0,0,1,1,1,1
tffnew327,0.014366449411974333,id401,2011,0.07211320128732311,0,0,0,0,0,0,0,0
f17478,0.04371357925042688,fest.lib.id1888,2015,0.9014664491525963,0,0,0,0,1,1,1,4
frnew989,0.012041147627781853,fest.lib.id1342,2017,0.06876843098609271,0,0,0,0,0,0,0,0
idfnew458,0.014785903502266818,fest.lib.id388,2012,0.10657216405781064,0,0,0,0,0,1,0,1
tffnew1710,0.030324015195185443,fest.lib.id1808,2015,0.1145501607898263,0,0,0,0,1,1,1,1
642,0.02233854834685777,fest.lib.id117,2012,0.039048634073661166,0,0,0,0,1,1,1,1
I1403360,0.011219045524521635,fest.lib.id364,2014,0.6039825158473134,0,0,0,0,1,1,1,1
f8081,0.02939651370624418,fest.lib.id1658,2017,0.15002034797660702,0,0,0,0,1,1,1,1
f17205,0.023891301806915437,fest.lib.id1888,2014,0.9014664491525963,0,0,0,0,1,1,1,1
tffnew2040,0.009336977626214061,fest.lib.id1736,2016,1.0,0,0,0,0,1,1,1,1
f8124,0.03134401131022004,fest.lib.id1888,2017,0.9014664491525963,0,0,0,0,1,1,1,1
N1701145,0.017611386875982012,fest.lib.id364,2017,0.6039825158473134,0,0,0,0,1,1,1,1
tffnew343,0.030311811680637464,fest.lib.id1808,2011,0.1145501607898263,0,0,0,0,1,1,1,2
tffnew2559,0.015483490520139332,fest.lib.id1736,2017,1.0,0,0,0,0,1,1,1,1
f8148,0.033504541626377365,fest.lib.id1888,2017,0.9014664491525963,0,0,0,0,1,1,1,1
I1505705,0.026674929795954292,fest.lib.id997,2014,0.06166273990342565,0,0,0,0,1,1,1,1
323,0.024506885509647452,fest.lib.id1294,2010,0.0020077259316430567,0,0,0,0,0,1,0,1
idfnew1370,0.05482360456244279,fest.lib.id1050,2015,0.10887639162499597,0,0,0,0,0,1,0,1
1446,0.015538103018890505,fest.lib.id285,2013,0.39801347663094955,0,0,0,0,1,1,1,1
idfnew373,0.00853454313085988,fest.lib.id1741,2013,0.03903597476384243,0,0,0,0,0,0,0,0
frnew1035,0.03334595817017758,fest.lib.id1050,1985,0.10887639162499597,0,0,0,0,1,1,1,2
frnew422,0.010234032831391644,fest.lib.id.na42,2013,0.06417041546238612,0,0,0,0,0,0,0,0
tffnew1624,0.027264816871883667,fest.lib.id8298,2015,0.0032517564663846962,0,0,0,0,1,1,1,1
f8179,0.023623087073173458,fest.lib.id1736,2016,1.0,0,0,0,0,1,1,2,2
f17138,0.009940784625779017,fest.lib.id1888,2014,0.9014664491525963,0,0,0,0,1,1,1,1
frnew560,0.026969817622062305,fest.lib.id922,2013,0.004693408449177611,0,0,0,0,0,1,0,2
1137,0.009298203289242048,fest.lib.id285,2013,0.39801347663094955,0,0,0,0,1,1,1,1
tffnew1701,0.011778445505678027,fest.lib.id958,2015,0.12075010945459504,0,0,0,0,1,1,1,1
f9229,0.057963462110288626,fest.lib.id285,2015,0.39801347663094955,0,0,0,0,1,1,1,1
I1102160,0.009375240145437233,fest.lib.id.na47,2011,0.014149528567519845,0,0,0,0,0,0,0,0
668,0.03945001142500156,fest.lib.id7571,2012,0.008930907721097961,0,0,0,0,0,1,0,1
497,0.02377577117663703,fest.lib.id1888,2013,0.9014664491525963,0,0,0,0,1,1,1,2
tffnew1527,0.058659720383080864,fest.lib.id1808,2015,0.1145501607898263,0,0,0,0,1,1,1,2
1257,0.0398563222548492,fest.lib.id1736,2013,1.0,0,0,0,0,1,1,1,1
tffnew2073,0.05295682462712098,fest.lib.id1050,2016,0.10887639162499597,0,0,0,0,1,1,1,3
tffnew1933,0.01948582906211917,fest.lib.id1736,2015,1.0,0,0,0,0,1,1,1,2
frnew263,0.06057141381919403,fest.lib.id7629,2002,0.06028313339580977,0,0,0,0,0,0,0,0
idfnew1443,0.04970331180192494,fest.lib.id1658,2016,0.15002034797660702,0,0,0,0,1,1,2,3
tffnew1818,0.020538436729465672,fest.lib.id1736,2015,1.0,0,0,0,0,1,1,1,1
frnew1130,0.03686607473380061,fest.lib.id1768,2017,0.07352724707497833,0,0,0,0,0,0,0,0
1573,0.017858885787466156,fest.lib.id364,2013,0.6039825158473134,0,0,0,0,1,1,1,1
frnew96,0.010234032831391644,fest.lib.id.na42,2011,0.06417041546238612,0,0,0,0,0,0,0,0
f17065,0.0321338564103222,fest.lib.id1658,2014,0.15002034797660702,0,0,0,0,1,1,1,1
tffnew2200,0.02542732675678146,fest.lib.id7329,2016,0.0249989754597084,0,0,0,0,1,1,1,1
230,0.020267232999996537,fest.lib.id285,2011,0.39801347663094955,0,0,0,0,1,1,1,1
146,0.01652356539229221,fest.lib.id.na334,2013,0.00800421354103605,0,0,0,0,1,1,1,1
f9128,0.03433016462024464,fest.lib.id285,2014,0.39801347663094955,0,0,0,0,1,1,1,2
N1700962,0.011219045524521635,fest.lib.id364,2017,0.6039825158473134,0,0,0,0,1,1,1,1
tffnew2154,0.09458317517020463,fest.lib.id285,2016,0.39801347663094955,0,0,0,0,1,1,2,4
tffnew2250,0.01199601079616015,fest.lib.id1736,2016,1.0,0,0,0,0,1,1,1,1
381,0.026420537742731554,fest.lib.id1736,2013,1.0,0,0,0,0,1,1,1,1
idfnew1526,0.01287633386805322,fest.lib.id388,2017,0.10657216405781064,0,0,0,0,0,0,0,0
I1403324,0.036179406516230216,fest.lib.id.na213,2013,0.0192305499949209,0,0,0,0,1,1,1,1
I1100877,0.009342835190498234,fest.lib.id.na292,2011,0.07612469051374422,0,0,0,0,0,0,0,0
tffnew307,0.016157718489864872,fest.lib.id1894,2011,0.07073302680059652,0,0,0,0,0,0,0,0
tffnew2476,0.01429990524506416,fest.lib.id1736,2017,1.0,0,0,0,0,1,1,1,2
tffnew1791,0.015896888403614806,fest.lib.id1736,2015,1.0,0,0,0,0,1,1,2,3
frnew878,0.010240986636434062,fest.lib.id1474,2017,0.016663416321392677,0,0,0,0,0,0,0,0
I1505538,0.0202592292747565,fest.lib.id1565,2014,0.03422279893718779,0,0,0,0,1,1,1,1
tffnew240,0.029174902631345416,fest.lib.id974,2011,0.16229812321214043,0,0,0,0,1,1,1,1
frnew682,0.01493140628595089,fest.lib.id.na296,2014,0.008893172428030251,0,0,0,0,0,0,0,0
idfnew71,0.02590867459634069,fest.lib.id1697,2011,0.05210166239461778,0,0,0,0,1,1,1,1
f17094,0.048253929361290235,fest.lib.id1888,2014,0.9014664491525963,0,0,0,0,1,1,1,1
1249,0.05934055783456276,fest.lib.id1697,2013,0.05210166239461778,0,0,0,0,1,1,3,3
f7962,0.009940784625779017,fest.lib.id1888,2016,0.9014664491525963,0,0,0,0,1,1,1,1
frnew901,0.018408956000474496,fest.lib.id1658,2016,0.15002034797660702,0,0,0,0,0,0,0,0
f16795,0.009940784625779017,fest.lib.id1888,2012,0.9014664491525963,0,0,0,0,1,1,1,1
frnew870,0.01318071960430242,fest.lib.id1618,2016,0.023481760681616358,0,0,0,0,0,0,0,0
537,0.04341619002896053,fest.lib.id1736,2013,1.0,0,0,0,0,1,1,1,3
idfnew743,0.03357994019913738,fest.lib.id874,1999,0.5062687909078113,0,0,0,0,1,1,2,2
tffnew2343,0.08136513076249346,fest.lib.id.na282,2016,0.006192364029310684,0,0,0,0,1,1,1,4
tffnew2317,0.012079209633487877,fest.lib.id1736,2016,1.0,0,0,0,0,1,1,1,1
f9043,0.023651866398828474,fest.lib.id285,2011,0.39801347663094955,0,0,0,0,1,1,1,1
f16488,0.056008576075340516,fest.lib.id1632,2010,0.0038724131065502594,0,0,0,0,1,1,1,4
f8320,0.034646963399336,fest.lib.id1888,2017,0.9014664491525963,0,0,0,0,1,1,1,1
N1700204,0.010141894241427698,fest.lib.id251,2016,0.030214209572879583,0,0,0,0,0,0,0,0
idfnew1649,0.027465725761046403,fest.lib.id33,2017,0.048734666620580576,0,0,0,0,0,0,0,0
idfnew998,0.054221105422812214,fest.lib.id1658,2015,0.15002034797660702,0,0,0,0,0,1,0,1
1038,0.0204456747020978,fest.lib.id.survey.na41,2004,0.07660484868927712,0,0,0,0,1,1,1,1
tffnew1842,0.03617310847564061,fest.lib.id1808,2015,0.1145501607898263,0,0,0,0,1,1,1,2
frnew526,0.05613797040511154,fest.lib.id744,2013,0.03530890126958436,0,0,0,0,0,1,0,1
9355fnosuv,0.017638777821722768,fest.lib.id1648,1990,0.20248827622358084,0,0,0,0,1,1,1,2
320,0.01681888469312296,fest.lib.id874,2013,0.5062687909078113,0,0,0,0,1,1,1,1
I1502214,0.021498087157376555,fest.lib.id1899,2014,0.020175366079478816,0,0,0,0,1,1,1,1
idfnew442,0.00995575178972834,fest.lib.id874,2012,0.5062687909078113,0,0,0,0,1,1,1,1
idfnew1813,0.018450045627008752,fest.lib.id.na240,2017,0.06203455950095228,0,0,0,0,1,1,1,1
N1100163,0.008580483785599335,fest.lib.id1732,2011,0.16442851051533133,0,0,0,0,0,0,0,0
idfnew236,0.020168865623594472,fest.lib.id1890,2011,0.017783632446809833,0,0,0,0,1,1,1,1
frnew905,0.045359741222164955,fest.lib.id285,2015,0.39801347663094955,0,0,0,0,1,1,1,2
f9085,0.03542813438635184,fest.lib.id285,2012,0.39801347663094955,0,0,0,0,1,1,2,3
idfnew440,0.01267337906469636,fest.lib.id874,2012,0.5062687909078113,0,0,0,0,1,1,1,1
f17287,0.009940784625779017,fest.lib.id1888,2014,0.9014664491525963,0,0,0,0,1,1,1,1
tffnew178,0.03695321374575935,fest.lib.id1736,2011,1.0,0,0,0,0,1,1,1,3
idfnew1886,0.01766147165644183,fest.lib.id1050,2017,0.10887639162499597,0,0,0,0,0,1,0,1
f16696,0.03379459193485097,fest.lib.id415,2011,0.03975869785403128,0,0,0,0,0,0,0,0
frnew798,0.009568659479124124,fest.lib.id7780,2015,0.020967976332882988,0,0,0,0,0,0,0,0
f16917,0.017849584957521456,fest.lib.id364,2012,0.6039825158473134,0,0,0,0,1,1,2,2
idfnew1087,0.01596248844511032,fest.lib.id874,2015,0.5062687909078113,0,0,0,0,1,1,1,1
frnew938,0.024506885509647452,fest.lib.id665,2016,0.318359506181511,0,0,0,0,0,1,0,1
f16432,0.015099782607083124,fest.lib.id1888,2011,0.9014664491525963,0,0,0,0,1,1,1,1
f8368,0.02880310847149456,fest.lib.id1888,2017,0.9014664491525963,0,0,0,0,1,1,1,1
tffnew2550,0.012463274970686652,fest.lib.id1736,2017,1.0,0,0,0,0,1,1,1,1
f9328,0.054995683681601036,fest.lib.id285,2017,0.39801347663094955,0,0,0,0,1,1,2,3
f17115,0.03132039593015135,fest.lib.id7160,2013,0.08755778354559723,0,0,0,0,1,1,1,1
721,0.08797630863589084,fest.lib.id874,2013,0.5062687909078113,0,0,0,0,1,1,1,1
tffnew434,0.019285155615350543,fest.lib.id1894,2012,0.07073302680059652,0,0,0,0,1,1,1,1
tffnew2648,0.012532331175718779,fest.lib.id285,2017,0.39801347663094955,0,0,0,0,1,1,2,2
352,0.015477499195455078,fest.lib.id909,2013,0.13015898047987368,0,0,0,0,1,1,1,1
tffnew2560,0.015331070436703936,fest.lib.id1736,2017,1.0,0,0,0,0,1,1,1,1
255,0.05733919398226997,fest.lib.id.na90,2012,0.015772236282366865,0,0,0,0,1,1,1,4
tffnew1969,0.03032796109129674,fest.lib.id511,2016,0.03865647562362998,0,0,0,0,1,1,1,1
tffnew352,0.02235653411916546,fest.lib.id1489,2012,0.11452150555649154,0,0,0,0,0,1,0,1
idfnew136,0.008525106378601661,fest.lib.id1664,2011,0.15064075420920695,0,0,0,0,0,0,0,0
idfnew1533,0.043145011576479896,fest.lib.id1808,2016,0.1145501607898263,0,0,0,0,1,1,1,3
I1404933,0.013790101595809724,fest.lib.id364,2014,0.6039825158473134,0,0,0,0,1,1,1,1
1594,0.011219045524521635,fest.lib.id364,2013,0.6039825158473134,0,0,0,0,1,1,1,1
9493fnosuv,0.09608785244026906,fest.lib.id285,2017,0.39801347663094955,0,0,0,0,1,1,1,3
131,0.010470746031531416,fest.lib.id665,2013,0.318359506181511,0,0,0,0,0,1,0,1
tffnew1861,0.043008682777258195,fest.lib.id1736,2015,1.0,0,0,0,0,1,1,1,2
f9262,0.38609568670539574,fest.lib.id285,2016,0.39801347663094955,0,0,0,0,1,1,3,4
idfnew928,0.03432925373152776,fest.lib.id874,2014,0.5062687909078113,0,0,0,0,1,1,1,2
I1105180,0.022740393678432932,imdbady01432,2010,0.001916740326644591,0,0,0,0,0,0,0,0
idfnew462,0.010194071331664917,fest.lib.id746,2013,0.007062345870089662,0,0,0,0,0,0,0,0
I1600833,0.17320829704158763,imdbady00358,2015,0.0016370674459598045,0,0,0,0,1,1,1,1
I1405769,0.011219045524521635,fest.lib.id364,2014,0.6039825158473134,0,0,0,0,1,1,1,1
f9340,0.027510840210594634,fest.lib.id285,2017,0.39801347663094955,0,0,0,0,1,1,1,1
idfnew381,0.018619726104904043,id401,2012,0.07211320128732311,0,0,0,0,0,0,0,0
1226,0.027614208179099764,fest.lib.id874,2013,0.5062687909078113,0,0,0,0,1,1,1,1
417,0.020723147884460676,fest.lib.id1888,2013,0.9014664491525963,0,0,0,0,1,1,1,1
f7969,0.012484072923610768,fest.lib.id1296,2015,0.12314726966479073,0,0,0,0,1,1,1,1
idfnew818,0.00995575178972834,fest.lib.id874,2014,0.5062687909078113,0,0,0,0,1,1,1,1
f9246,0.04931609436799676,fest.lib.id285,2015,0.39801347663094955,0,0,0,0,1,1,2,2
frnew563,0.010470746031531416,fest.lib.id665,2014,0.318359506181511,0,0,0,0,0,1,0,1
tffnew1200,0.048714805246849846,fest.lib.id1736,2014,1.0,0,0,0,0,1,1,1,1
579,0.021914792526986627,fest.lib.id305,2012,0.033467502671182564,0,0,0,0,0,1,0,1
tffnew1474,0.012245701368108087,fest.lib.id1736,2014,1.0,0,0,0,0,1,1,1,1
frnew1086,0.03003327630075246,fest.lib.id744,2017,0.03530890126958436,0,0,0,0,0,1,0,1
tffnew1942,0.035500091610703166,fest.lib.id6352,2016,0.00850150382254969,0,0,0,0,1,1,2,2
f7802,0.02114938356891091,fest.lib.id1888,2016,0.9014664491525963,0,0,0,0,1,1,1,1
f9079,0.03392165333003715,fest.lib.id285,2012,0.39801347663094955,0,0,0,0,1,1,1,2
tffnew2162,0.04751168260658764,fest.lib.id.na.ch163,2016,0.02124090626912694,0,0,0,0,1,1,1,2
idfnew39,0.009068127641703923,fest.lib.id.na240,2012,0.06203455950095228,0,0,0,0,0,0,0,0
tffnew509,0.04171052722083074,fest.lib.id1577,2012,0.033539337390164,0,0,0,0,1,1,1,2
tffnew2232,0.04801709776919229,fest.lib.id1808,2016,0.1145501607898263,0,0,0,0,1,1,1,1
tffnew2602,0.014274852450271967,fest.lib.id1736,2017,1.0,0,0,0,0,1,1,1,1
tffnew227,0.011926253773449969,fest.lib.id1115,2010,0.08905067793670396,0,0,0,0,1,1,1,1
tffnew1399,0.009940784625779017,fest.lib.id1888,2014,0.9014664491525963,0,0,0,0,1,1,1,1
1515,0.018683750221938532,fest.lib.id364,2013,0.6039825158473134,0,0,0,0,1,1,1,1
frnew264,0.03098897051867532,fest.lib.id201,2011,0.004249649471627779,0,0,0,0,0,0,0,0
570,0.012737707697804152,fest.lib.id1832,2013,0.10684151432045275,0,0,0,0,1,1,1,1
f7955,0.02552594337088759,fest.lib.id1888,2016,0.9014664491525963,0,0,0,0,1,1,1,1
idfnew350,0.012971844237702743,fest.lib.id1890,2012,0.017783632446809833,0,0,0,0,0,0,0,0
28,0.058938753701634046,fest.lib.id1658,2013,0.15002034797660702,0,0,0,0,1,1,1,3
N1700645,0.02929060830985618,fest.lib.id364,2016,0.6039825158473134,0,0,0,0,1,1,1,1
f9227,0.04485309460000966,fest.lib.id285,2015,0.39801347663094955,0,0,0,0,1,1,1,2
idfnew17,0.00984460022084339,fest.lib.id1853,2012,0.012387996649593459,0,0,0,0,0,0,0,0
I1403114,0.011219045524521635,fest.lib.id364,2014,0.6039825158473134,0,0,0,0,1,1,1,1
f8326,0.03424399319292289,fest.lib.id1658,2017,0.15002034797660702,0,0,0,0,1,1,1,1
1173,0.012481372414924299,fest.lib.id1736,2013,1.0,0,0,0,0,1,1,1,1
idfnew224,0.013124960156235713,fest.lib.id874,2011,0.5062687909078113,0,0,0,0,1,1,1,1
tffnew67,0.01191129273677928,fest.lib.id1736,2011,1.0,0,0,0,0,1,1,1,1
964,0.020743401204163958,fest.lib.id.na176,2012,0.004633344458919006,0,0,0,0,1,1,1,1
frnew825,0.02424431502097407,fest.lib.id342,2015,0.030199973620409305,0,0,0,0,0,0,0,0
I1600322,0.03546622929559299,fest.lib.id1658,2015,0.15002034797660702,0,0,0,0,1,1,1,1
idfnew1259,0.08549255037937417,fest.lib.id1768,2015,0.07352724707497833,0,0,0,0,1,1,1,1
f16850,0.009940784625779017,fest.lib.id1888,2012,0.9014664491525963,0,0,0,0,1,1,1,1
f17167,0.04489776365469842,fest.lib.id1888,2014,0.9014664491525963,0,0,0,0,1,1,1,3
N1600165,0.011219045524521635,fest.lib.id364,2016,0.6039825158473134,0,0,0,0,1,1,1,1
f8344,0.012836961439134587,fest.lib.id1888,2017,0.9014664491525963,0,0,0,0,1,1,1,1
f9281,0.030643363464310625,fest.lib.id285,2016,0.39801347663094955,0,0,0,0,1,1,1,1
I1703100,0.016401692798835635,imdbady01438,2016,0.021585913397982007,0,0,0,0,0,0,0,0
I1100450,0.008576150903567963,fest.lib.id4680,2010,0.1366072752245275,0,0,0,0,0,0,0,0
f7924,0.014001227989223418,fest.lib.id909,2016,0.13015898047987368,0,0,0,0,0,0,0,0
I1504954,0.028327745071851724,fest.lib.id1050,2014,0.10887639162499597,0,0,0,0,1,1,1,1
tffnew2102,0.03896852834126537,fest.lib.id285,1996,0.39801347663094955,0,0,0,0,1,1,2,2
572,0.013398268763975698,fest.lib.id1888,2013,0.9014664491525963,0,0,0,0,1,1,1,1
480,0.009298203289242048,fest.lib.id285,2013,0.39801347663094955,0,0,0,0,1,1,1,1
23,0.06788562253117487,fest.lib.id1888,2013,0.9014664491525963,0,0,0,0,1,1,1,2
f17261,0.02886400573368059,fest.lib.id1888,2014,0.9014664491525963,0,0,0,0,1,1,1,2
tffnew2125,0.018890393982234414,fest.lib.id1736,2016,1.0,0,0,0,0,1,1,1,1
idfnew904,0.028380838925106736,fest.lib.id1658,2014,0.15002034797660702,0,0,0,0,1,1,1,1
tffnew1688,0.014485454233087763,fest.lib.id1736,2015,1.0,0,0,0,0,1,1,1,2
frnew873,0.018055321507297023,fest.lib.id342,2015,0.030199973620409305,0,0,0,0,0,0,0,0
frnew999,0.01579671956543688,fest.lib.id7505,2016,0.06371828239502825,0,0,0,0,0,1,0,1
f16622,0.07538156231257548,fest.lib.id1888,2011,0.9014664491525963,0,0,0,0,1,1,2,2
idfnew745,0.03649842843912592,id401,2014,0.07211320128732311,0,0,0,0,0,1,0,2
tffnew2387,0.03792826154625,fest.lib.id1808,2017,0.1145501607898263,0,0,0,0,1,1,1,2
1049,0.013082783625046314,fest.lib.id1888,2013,0.9014664491525963,0,0,0,0,1,1,1,1
17,0.024392393532537623,fest.lib.id1888,2013,0.9014664491525963,0,0,0,0,1,1,1,1
tffnew1376,0.04009931196409173,id420,2014,0.002489258098929387,0,0,0,0,1,1,1,1
951,0.010470746031531416,fest.lib.id665,2013,0.318359506181511,0,0,0,0,0,1,0,1
frnew393,0.013888721219388833,fest.lib.id665,2012,0.318359506181511,0,0,0,0,0,1,0,1
163,0.016849268706718382,fest.lib.id1736,2013,1.0,0,0,0,0,1,1,1,2
frnew385,0.015220769684830913,fest.lib.id7570,2012,0.0064461437289031484,0,0,0,0,0,0,0,0
frnew924,0.010470746031531416,fest.lib.id665,2016,0.318359506181511,0,0,0,0,0,1,0,1
frnew53,0.008822212633574487,fest.lib.id1658,2011,0.15002034797660702,0,0,0,0,0,0,0,0
frnew796,0.017246384470265833,fest.lib.id1582,2015,0.04430384424256456,0,0,0,0,0,1,0,1
I1103118,0.022309452812995498,fest.lib.id98,2010,0.006101940469449665,0,0,0,0,0,0,0,0
I1102135,0.012090816189710286,fest.lib.id.na292,2011,0.07612469051374422,0,0,0,0,0,0,0,0
tffnew2083,0.027689807158055482,fest.lib.id1050,2016,0.10887639162499597,0,0,0,0,1,1,1,2
750,0.027523712829653452,fest.lib.id1662,2013,0.015146563673507158,0,0,0,0,0,1,0,1
frnew163,0.03238758163827476,fest.lib.id206,2011,0.01882695794132455,0,0,0,0,0,1,0,1
f17374,0.08067848509447524,fest.lib.id1888,2015,0.9014664491525963,0,0,0,0,1,1,1,3
f9188,0.04890155337403953,fest.lib.id285,2015,0.39801347663094955,0,0,0,0,1,1,1,3
frnew355,0.03664674093545398,fest.lib.id1658,2012,0.15002034797660702,0,0,0,0,0,1,0,1
frnew998,0.523625109964607,fest.lib.id1180,2016,0.022425458764178004,0,0,0,0,0,1,0,1
589,0.036118063522425074,fest.lib.id.na241,2012,0.0014891246342239603,0,0,0,0,0,1,0,1
1330,0.009336977626214061,fest.lib.id1736,2013,1.0,0,0,0,0,1,1,1,1
frnew23,0.010470746031531416,fest.lib.id665,2011,0.318359506181511,0,0,0,0,0,1,0,1
1616,0.011219045524521635,fest.lib.id364,1995,0.6039825158473134,0,0,0,0,1,1,1,1
1232,0.0451761413679439,fest.lib.id1658,2013,0.15002034797660702,0,0,0,0,1,1,2,2
I1503122,0.014225977270276628,fest.lib.id1050,2014,0.10887639162499597,0,0,0,0,1,1,1,1
f17365,0.02744356347974967,fest.lib.id1888,2015,0.9014664491525963,0,0,0,0,1,1,1,1
tffnew1167,0.01172958256464659,fest.lib.id1736,2014,1.0,0,0,0,0,1,1,1,1
frnew596,0.05664168683982778,imdbady00024,2013,0.0022039462300837962,0,0,0,0,0,1,0,1
1302,0.017656448665700302,fest.lib.id1658,2005,0.15002034797660702,0,0,0,0,1,1,1,2
233,0.009336977626214061,fest.lib.id1736,2013,1.0,0,0,0,0,1,1,1,1
N1200604,0.011219045524521635,fest.lib.id364,2012,0.6039825158473134,0,0,0,0,1,1,1,1
tffnew2223,0.009336977626214061,fest.lib.id1736,2016,1.0,0,0,0,0,1,1,1,1
tffnew221,0.023456500829934758,fest.lib.id1736,2011,1.0,0,0,0,0,1,1,1,1
f17380,0.025232703275873583,fest.lib.id1736,2014,1.0,0,0,0,0,1,1,1,2
N1101367,0.012614009647801643,fest.lib.id1411,2011,0.026525914688567735,0,0,0,0,0,0,0,0
tffnew499,0.024834642420649814,fest.lib.id1736,2012,1.0,0,0,0,0,1,1,1,2
frnew548,0.029217046497520136,id201,2014,0.014079317259357451,0,0,0,0,0,1,0,1
frnew912,0.008979119489950406,imdbady01438,2016,0.021585913397982007,0,0,0,0,0,0,0,0
f16803,0.01913403339630531,fest.lib.id.na120,2011,0.04508871310438658,0,0,0,0,1,1,1,1
tffnew330,0.012661338122132446,fest.lib.id1736,2011,1.0,0,0,0,0,1,1,1,1
378,0.014650256022472965,fest.lib.id117,2005,0.039048634073661166,0,0,0,0,1,1,1,1
idfnew950,0.025049057653198682,fest.lib.id1894,2014,0.07073302680059652,0,0,0,0,0,0,0,0
f16799,0.009940784625779017,fest.lib.id1888,2012,0.9014664491525963,0,0,0,0,1,1,1,1
f8079,0.034939531163379035,fest.lib.id1888,2017,0.9014664491525963,0,0,0,0,1,1,1,2
tffnew1242,0.055218150283578814,fest.lib.id1808,2014,0.1145501607898263,0,0,0,0,1,1,1,3
tffnew14,0.009336977626214061,fest.lib.id1736,2011,1.0,0,0,0,0,1,1,1,1
N1501375,0.016940101984809764,fest.lib.id463,2014,0.0779767084966147,0,0,0,0,1,1,1,1
idfnew1721,0.040827367259286616,fest.lib.id1808,2017,0.1145501607898263,0,0,0,0,1,1,1,2
f9347,0.061903143237931085,fest.lib.id285,2017,0.39801347663094955,0,0,0,0,1,1,2,4
idfnew411,0.021587847789740267,fest.lib.id874,2012,0.5062687909078113,0,0,0,0,1,1,1,1
f17079,0.009940784625779017,fest.lib.id1888,2014,0.9014664491525963,0,0,0,0,1,1,1,1
f17241,0.04465470790580052,fest.lib.id1888,2014,0.9014664491525963,0,0,0,0,1,1,1,1
tffnew32,0.009336977626214061,fest.lib.id1736,2011,1.0,0,0,0,0,1,1,1,1
f16371,0.03130317449017661,fest.lib.id1888,2011,0.9014664491525963,0,0,0,0,1,1,1,1
620,0.06851141319767531,fest.lib.id1658,2013,0.15002034797660702,0,0,0,0,1,1,1,2
idfnew1386,0.0092720581062447,fest.lib.id.na375,2017,0.19236865604671277,0,0,0,0,0,0,0,0
f9183,0.009298203289242048,fest.lib.id285,2014,0.39801347663094955,0,0,0,0,1,1,1,1
idfnew169,0.009913175066482455,fest.lib.id1674,2012,0.018646473978450793,0,0,0,0,0,0,0,0
f8333,0.03009217635023384,fest.lib.id1888,2017,0.9014664491525963,0,0,0,0,1,1,2,2
idfnew1511,0.024378884459038037,fest.lib.id874,2016,0.5062687909078113,0,0,0,0,1,1,1,1
frnew271,0.01321769878256035,fest.lib.id632,2011,0.019369471425451527,0,0,0,0,0,0,0,0
635,0.02500617825351922,fest.lib.id1888,2013,0.9014664491525963,0,0,0,0,1,1,1,1
tffnew2697,0.028012986677886712,fest.lib.id117,2017,0.039048634073661166,0,0,0,0,1,1,2,2
847,0.055453678498677536,fest.lib.id1697,2013,0.05210166239461778,0,0,0,0,1,1,1,1
f8231,0.10258008714144763,imdbady00540,1990,0.008444396584726685,0,0,0,0,1,1,2,2
tffnew1619,0.011880265924045811,fest.lib.id1736,2015,1.0,0,0,0,0,1,1,1,1
idfnew207,0.00995575178972834,fest.lib.id874,2011,0.5062687909078113,0,0,0,0,1,1,1,1
f7746,0.019728728709733984,fest.lib.id1888,2016,0.9014664491525963,0,0,0,0,1,1,1,1
N1400512,0.0218917985516491,fest.lib.id.na365,2013,0.053889133022886754,0,0,0,0,1,1,1,1
1325,0.05309743142424607,fest.lib.id1658,2013,0.15002034797660702,0,0,0,0,1,1,1,2
f17522,0.04006003296305968,fest.lib.id1736,2014,1.0,0,0,0,0,1,1,2,2
idfnew1488,0.02245846154269912,fest.lib.id1735,2016,0.06336170154920864,0,0,0,0,0,0,0,0
tffnew2464,0.009336977626214061,fest.lib.id1736,2017,1.0,0,0,0,0,1,1,1,1
idfnew1169,0.01634156855497202,fest.lib.id1697,2015,0.05210166239461778,0,0,0,0,1,1,1,1
f7769,0.013596082171482896,imdbady00597,2016,0.003850729665017153,0,0,0,0,0,0,0,0
f16844,0.04318487382082316,fest.lib.id1888,2012,0.9014664491525963,0,0,0,0,1,1,1,2
883,0.03692275265740743,fest.lib.id1296,1967,0.12314726966479073,0,0,0,0,1,1,2,2
N1700022,0.018896586959355754,fest.lib.id.na365,2016,0.053889133022886754,0,0,0,0,1,1,1,1
frnew836,0.024347157651137655,fest.lib.id1559,2015,0.01396952645427298,0,0,0,0,0,0,0,0
f8051,0.009940784625779017,fest.lib.id1888,2017,0.9014664491525963,0,0,0,0,1,1,1,1
1646,0.015298854838442422,fest.lib.id.na471,2012,0.05809860871885474,0,0,0,0,1,1,1,1
f17373,0.009940784625779017,fest.lib.id1888,2015,0.9014664491525963,0,0,0,0,1,1,1,1
1535,0.022182536313270145,fest.lib.id1249,2012,0.00871323056192924,0,0,0,0,1,1,1,1
tffnew2354,0.041893518372932606,fest.lib.id1736,2017,1.0,0,0,0,0,1,1,1,2
I1104489,0.019622447250068665,fest.lib.id814,2010,0.0024078489250635273,0,0,0,0,1,1,1,1
I1100203,0.01217879859348392,fest.lib.id7160,2010,0.08755778354559723,0,0,0,0,0,0,0,0
f9223,0.06551736949287697,fest.lib.id285,2015,0.39801347663094955,0,0,0,0,1,1,1,1
idfnew1674,0.00882047701470535,fest.lib.id.na50,2018,0.08438403960319157,0,0,0,0,0,0,0,0
29,0.048611713850818694,fest.lib.id1888,2013,0.9014664491525963,0,0,0,0,1,1,1,3
680,0.020268052645451326,fest.lib.id1888,2013,0.9014664491525963,0,0,0,0,1,1,1,1
532,0.06803015297600071,fest.lib.id974,2013,0.16229812321214043,0,0,0,0,1,1,1,2
tffnew2202,0.02762838037120733,fest.lib.id1577,2016,0.033539337390164,0,0,0,0,1,1,1,1
952,0.009336977626214061,fest.lib.id1736,2013,1.0,0,0,0,0,1,1,1,1
197,0.037697234832656495,fest.lib.id285,2013,0.39801347663094955,0,0,0,0,1,1,1,1
803,0.03868321605533017,fest.lib.id285,2013,0.39801347663094955,0,0,0,0,1,1,1,2
N1601459,0.011219045524521635,fest.lib.id364,2016,0.6039825158473134,0,0,0,0,1,1,1,1
1030,0.041374699075523574,fest.lib.id117,2013,0.039048634073661166,0,0,0,0,1,1,2,3
f9172,0.03181453769620251,fest.lib.id285,2014,0.39801347663094955,0,0,0,0,1,1,2,2
tffnew195,0.0488444068877269,fest.lib.id1697,2012,0.05210166239461778,0,0,0,0,1,1,1,2
tffnew2174,0.009336977626214061,fest.lib.id1736,2016,1.0,0,0,0,0,1,1,1,1
f7933,0.03655392866446399,fest.lib.id1888,2016,0.9014664491525963,0,0,0,0,1,1,1,1
133,0.032389577393392585,fest.lib.id285,2013,0.39801347663094955,0,0,0,0,1,1,1,1
f9249,0.03954155863950977,id401,2015,0.07211320128732311,0,0,0,0,1,1,1,2
f16879,0.0162632590736992,fest.lib.id731,2012,0.3424863555939673,0,0,0,0,1,1,1,2
f16509,0.016429153543319162,fest.lib.id216,2011,0.011601333047554022,0,0,0,0,0,0,0,0
I1702204,0.045504147708127024,fest.lib.id39,2016,0.09626611562864955,0,0,0,0,0,0,0,0
f16866,0.009940784625779017,fest.lib.id1888,2012,0.9014664491525963,0,0,0,0,1,1,1,1
tffnew78,0.011925288327863848,fest.lib.id1736,2011,1.0,0,0,0,0,1,1,1,1
I1202671,0.017592530424170704,fest.lib.id280,2011,0.011793678950720476,0,0,0,0,0,0,0,0
f7776,0.041966871617047326,fest.lib.id1050,2015,0.10887639162499597,0,0,0,0,1,1,2,3
f16557,0.01107919752077712,fest.lib.id.na215,2011,0.07270284889751268,0,0,0,0,0,0,0,0
idfnew965,0.02486092521765023,fest.lib.id1722,1999,0.10246538636036051,0,0,0,0,0,0,0,0
idfnew1713,0.018191382547887644,fest.lib.id1808,2017,0.1145501607898263,0,0,0,0,1,1,1,1
idfnew979,0.015831968883645447,fest.lib.id.na375,2014,0.19236865604671277,0,0,0,0,1,1,1,2
f16567,0.008576150903567963,fest.lib.id4680,2010,0.1366072752245275,0,0,0,0,0,0,0,0
idfnew1777,0.010069497199440837,fest.lib.id.na120,2018,0.04508871310438658,0,0,0,0,0,0,0,0
231,0.011804211234831961,fest.lib.id285,2013,0.39801347663094955,0,0,0,0,1,1,1,1
f8356,0.024934494959174675,fest.lib.id1888,2017,0.9014664491525963,0,0,0,0,1,1,1,2
idfnew597,0.030760526689163382,fest.lib.id874,2010,0.5062687909078113,0,0,0,0,1,1,1,1
tffnew179,0.017062397194719258,fest.lib.id1736,2011,1.0,0,0,0,0,1,1,1,1
idfnew1342,0.031105827032468666,id401,2016,0.07211320128732311,0,0,0,0,1,1,1,2
f8092,0.017558403674966108,fest.lib.id1888,2017,0.9014664491525963,0,0,0,0,1,1,1,1
tffnew1414,0.015023394589019105,fest.lib.id1736,2014,1.0,0,0,0,0,1,1,1,1
frnew142,0.018975513912815184,fest.lib.id1342,2010,0.06876843098609271,0,0,0,0,0,1,0,1
N1400853,0.014538296272830502,id627,2014,0.06218359890861916,0,0,0,0,1,1,1,1
f17535,0.020325669050115434,fest.lib.id1888,2015,0.9014664491525963,0,0,0,0,1,1,1,1
idfnew1436,0.012851328513082537,fest.lib.id436,2016,0.022565297608912495,0,0,0,0,1,1,1,1
tffnew1238,0.028467828103914624,fest.lib.id1050,2014,0.10887639162499597,0,0,0,0,1,1,1,2
tffnew1491,0.02789570113629131,fest.lib.id1736,2014,1.0,0,0,0,0,1,1,1,1
tffnew378,0.041085798133130465,fest.lib.id285,2012,0.39801347663094955,0,0,0,0,1,1,2,3
frnew665,0.026473383317754517,fest.lib.id365,2006,0.0812771382038422,0,0,0,0,0,0,0,0
tffnew172,0.009336977626214061,fest.lib.id1736,2011,1.0,0,0,0,0,1,1,1,1
f17211,0.05913991472865442,fest.lib.id1888,2014,0.9014664491525963,0,0,0,0,1,1,1,1
f8034,0.012449413281199972,fest.lib.id1888,2016,0.9014664491525963,0,0,0,0,1,1,1,1
tffnew1189,0.03501347381213464,fest.lib.id1736,2014,1.0,0,0,0,0,1,1,1,1
652,0.023530970596372568,fest.lib.id1736,1977,1.0,0,0,0,0,1,1,2,3
f7875,0.02296854033216164,fest.lib.id.na168,2015,0.007437157678461283,0,0,0,0,1,1,1,1
frnew777,0.036066734300617354,fest.lib.id1658,2015,0.15002034797660702,0,0,0,0,0,1,0,2
idfnew364,0.01697630983518416,fest.lib.id1890,2012,0.017783632446809833,0,0,0,0,1,1,1,1
f17559,0.03188510152128795,fest.lib.id1888,2015,0.9014664491525963,0,0,0,0,1,1,1,1
f7920,0.025463426544421387,fest.lib.id1888,2016,0.9014664491525963,0,0,0,0,1,1,2,2
f9133,0.1158354031370703,fest.lib.id285,2014,0.39801347663094955,0,0,0,0,1,1,1,3
1360,0.01897995497701991,fest.lib.id364,2013,0.6039825158473134,0,0,0,0,1,1,1,1
idfnew1889,0.019550246260454006,fest.lib.id874,2017,0.5062687909078113,0,0,0,0,1,1,1,1
414,0.033312823581867025,fest.lib.id1888,2013,0.9014664491525963,0,0,0,0,1,1,1,1
50,0.05442903058612208,fest.lib.id1736,2013,1.0,0,0,0,0,1,1,1,2
f16766,0.009940784625779017,fest.lib.id1888,2012,0.9014664491525963,0,0,0,0,1,1,1,1
f8107,0.01617593155662285,fest.lib.id1491,2016,0.0047056437865132415,0,0,0,0,1,1,1,1
f17067,0.025451934648105825,fest.lib.id1296,2013,0.12314726966479073,0,0,0,0,1,1,1,1
tffnew2157,0.016894984605423345,fest.lib.id1808,2016,0.1145501607898263,0,0,0,0,1,1,1,1
idfnew1693,0.02070947848650605,fest.lib.id874,2017,0.5062687909078113,0,0,0,0,1,1,1,1
idfnew890,0.053176732630302724,fest.lib.id4680,1971,0.1366072752245275,0,0,0,0,1,1,1,2
N1400648,0.011219045524521635,fest.lib.id364,2014,0.6039825158473134,0,0,0,0,1,1,1,1
1320,0.040060479544799,fest.lib.id1736,2013,1.0,0,0,0,0,1,1,1,1
f16722,0.01758591442618906,fest.lib.id1888,2011,0.9014664491525963,0,0,0,0,1,1,1,1
f17129,0.025249144885411738,imdbady00413,2013,0.00543824698870017,0,0,0,0,1,1,1,1
tffnew1680,0.015020140610007338,fest.lib.id1736,2015,1.0,0,0,0,0,1,1,1,1
f16725,0.04522584925002196,fest.lib.id319,2010,0.0028108641938900595,0,0,0,0,1,1,1,2
idfnew1619,0.028120250070712373,fest.lib.id436,2017,0.022565297608912495,0,0,0,0,1,1,1,1
idfnew1252,0.01892741898982419,fest.lib.id874,2015,0.5062687909078113,0,0,0,0,1,1,1,2
f16570,0.012452410736302493,fest.lib.id1888,2011,0.9014664491525963,0,0,0,0,1,1,1,1
I1502151,0.02893481901123617,fest.lib.id276,2014,0.01534232887727003,0,0,0,0,1,1,1,1
idfnew1064,0.026402328648573746,fest.lib.id874,2015,0.5062687909078113,0,0,0,0,1,1,1,1
tffnew2501,0.01473173355634644,fest.lib.id1736,2017,1.0,0,0,0,0,1,1,1,1
1219,0.014671416374557208,fest.lib.id7160,2013,0.08755778354559723,0,0,0,0,1,1,1,1
tffnew1501,0.061615397656965804,fest.lib.id1050,2014,0.10887639162499597,0,0,0,0,1,1,1,2
f8304,0.011847703242074455,fest.lib.id.na375,2017,0.19236865604671277,0,0,0,0,0,1,0,1
frnew357,0.011869875436800587,fest.lib.id1658,2012,0.15002034797660702,0,0,0,0,0,0,0,0
I1502272,0.009015978358747742,fest.lib.id2024,2015,0.03447105478829865,0,0,0,0,0,0,0,0
frnew24,0.021640213831340856,fest.lib.id1013,2010,0.03395517165584926,0,0,0,0,0,1,0,1
tffnew442,0.016494920626000772,fest.lib.id1736,2012,1.0,0,0,0,0,1,1,1,1
idfnew682,0.00995575178972834,fest.lib.id874,2009,0.5062687909078113,0,0,0,0,1,1,1,1
1263,0.016960364648059147,fest.lib.id1736,2013,1.0,0,0,0,0,1,1,1,1
559,0.009940784625779017,fest.lib.id1888,2013,0.9014664491525963,0,0,0,0,1,1,1,1
f9316,0.015798255156572235,fest.lib.id285,2016,0.39801347663094955,0,0,0,0,1,1,1,1
f7797,0.025524206015520547,fest.lib.id1888,2016,0.9014664491525963,0,0,0,0,1,1,1,1
629,0.012410864167399505,fest.lib.id1535,2012,0.08500246471603438,0,0,0,0,1,1,1,1
idfnew493,0.02544440184386894,fest.lib.id1189,2012,0.020835876703816147,0,0,0,0,0,1,0,1
tffnew2621,0.03263646602510858,fest.lib.id1736,2017,1.0,0,0,0,0,1,1,1,2
f16579,0.03274932523356914,fest.lib.id1658,2011,0.15002034797660702,0,0,0,0,1,1,1,2
idfnew1590,0.0092720581062447,fest.lib.id.na375,2016,0.19236865604671277,0,0,0,0,0,0,0,0
idfnew975,0.017197930239017393,fest.lib.id974,2014,0.16229812321214043,0,0,0,0,0,0,0,0
tffnew2219,0.012381438926769935,fest.lib.id6727,1987,0.003602873785571368,0,0,0,0,0,0,0,0
tffnew328,0.009336977626214061,fest.lib.id1736,2011,1.0,0,0,0,0,1,1,1,1
f8058,0.014163482810669923,fest.lib.id1888,2017,0.9014664491525963,0,0,0,0,1,1,1,1
1683,0.011219045524521635,fest.lib.id364,2005,0.6039825158473134,0,0,0,0,1,1,1,1
f9149,0.06380043406040252,fest.lib.id285,2014,0.39801347663094955,0,0,0,0,1,1,1,2
854,0.009336977626214061,fest.lib.id1736,2013,1.0,0,0,0,0,1,1,1,1
f9309,0.06905940760894766,fest.lib.id285,2016,0.39801347663094955,0,0,0,0,1,1,1,3
238,0.018120773144497174,fest.lib.id1736,2013,1.0,0,0,0,0,1,1,1,1
f7853,0.02623767474307461,fest.lib.id1888,2016,0.9014664491525963,0,0,0,0,1,1,1,1
924,0.02327278365958499,fest.lib.id1888,2012,0.9014664491525963,0,0,0,0,1,1,2,2
f16915,0.03131411851323397,id627,2012,0.06218359890861916,0,0,0,0,1,1,1,1
tffnew441,0.030346294968859024,fest.lib.id1808,2012,0.1145501607898263,0,0,0,0,0,1,0,1
f17229,0.017659376586935612,fest.lib.id1543,2014,0.07586793383075503,0,0,0,0,0,1,0,1
tffnew21,0.018438668303432135,fest.lib.id1736,2011,1.0,0,0,0,0,1,1,1,1
tffnew2577,0.009336977626214061,fest.lib.id1736,2018,1.0,0,0,0,0,1,1,1,1
f17156,0.01808635425841986,fest.lib.id4680,2013,0.1366072752245275,0,0,0,0,1,1,1,1
f9319,0.012360226579584091,fest.lib.id285,2016,0.39801347663094955,0,0,0,0,1,1,1,1
idfnew1641,0.030761406330621154,imdbady00973,1996,0.0012729517532788265,0,0,0,0,1,1,1,1
tffnew2610,0.03682276952725409,fest.lib.id4680,2017,0.1366072752245275,0,0,0,0,1,1,1,1
idfnew676,0.009760804888290666,fest.lib.id1956,2013,0.016853238613655553,0,0,0,0,0,0,0,0
frnew281,0.009486711958073508,fest.lib.id1148,2012,0.021450340112936533,0,0,0,0,0,0,0,0
tffnew1782,0.11287614442926361,fest.lib.id525,2015,0.0066053951913533915,0,0,0,0,1,1,1,2
tffnew1110,0.049195689917360334,fest.lib.id1736,2014,1.0,0,0,0,0,1,1,1,3
idfnew1607,0.027244446580691695,fest.lib.id1050,2016,0.10887639162499597,0,0,0,0,1,1,1,2
tffnew2062,0.027297768719025096,fest.lib.id1808,2016,0.1145501607898263,0,0,0,0,1,1,1,1
9065fnosuv,0.012352452647887107,fest.lib.id285,2011,0.39801347663094955,0,0,0,0,1,1,1,1
frnew176,0.023118097335001163,fest.lib.id665,2011,0.318359506181511,0,0,0,0,0,1,0,1
idfnew46,0.05099107929083016,fest.lib.id1540,2002,0.05973852230628165,0,0,0,0,1,1,1,1
22,0.009940784625779017,fest.lib.id1888,2013,0.9014664491525963,0,0,0,0,1,1,1,1
f8349,0.020972749461081526,fest.lib.id731,2017,0.3424863555939673,0,0,0,0,1,1,1,2
frnew507,0.022514314085070947,fest.lib.id665,2014,0.318359506181511,0,0,0,0,0,1,0,1
511,0.009940784625779017,fest.lib.id1888,2013,0.9014664491525963,0,0,0,0,1,1,1,1
f9327,0.08287327794797501,fest.lib.id285,2017,0.39801347663094955,0,0,0,0,1,1,2,4
9335fnosuv,0.014971190884608769,fest.lib.id285,1946,0.39801347663094955,0,0,0,0,1,1,1,1
I1603092,0.03460461740277089,fest.lib.id7494,2015,0.0022288014400094077,0,0,0,0,1,1,1,1
f8341,0.034388514646293514,fest.lib.id.survey.na101,2016,0.021677342244600706,0,0,0,0,1,1,1,1
f17080,0.03730628823093821,fest.lib.id1888,2014,0.9014664491525963,0,0,0,0,1,1,1,2
frnew421,0.013388073528827893,imdbady00398,2012,0.006266262331236854,0,0,0,0,0,0,0,0
I1500663,0.017691568795450727,fest.lib.id1359,2014,0.03713247974486391,0,0,0,0,1,1,1,1
f17590,0.02814511675024981,fest.lib.id895,2014,0.03059247055336556,0,0,0,0,1,1,1,1
idfnew565,0.06238039914243564,fest.lib.id874,2012,0.5062687909078113,0,0,0,0,1,1,1,1
236,0.036663330667052,fest.lib.id1658,2010,0.15002034797660702,0,0,0,0,1,1,1,2
tffnew1699,0.070321396905731,fest.lib.id1736,2015,1.0,0,0,0,0,1,1,1,3
f16407,0.019792884960160018,fest.lib.id217,2010,0.13475573540038221,0,0,0,0,1,1,1,1
1542,0.01373067163504511,fest.lib.id364,2013,0.6039825158473134,0,0,0,0,1,1,1,1
idfnew1006,0.025080541259199503,fest.lib.id.na240,2015,0.06203455950095228,0,0,0,0,1,1,1,1
I1704387,0.02139810488606524,fest.lib.id231,2016,0.002103422488045798,0,0,0,0,1,1,1,1
idfnew1045,0.09461528739097397,fest.lib.id1658,2015,0.15002034797660702,0,0,0,0,1,1,1,3
f17130,0.016489800303297913,fest.lib.id217,2013,0.13475573540038221,0,0,0,0,1,1,1,1
f9073,0.08196643430440148,fest.lib.id285,2012,0.39801347663094955,0,0,0,0,1,1,1,2
f17194,0.08330986509438455,fest.lib.id1888,2014,0.9014664491525963,0,0,0,0,1,1,1,3
idfnew944,0.016800978667145732,fest.lib.id1191,1994,0.04049416195128062,0,0,0,0,0,0,0,0
f17174,0.012455578480664229,fest.lib.id1888,2014,0.9014664491525963,0,0,0,0,1,1,1,2
tffnew374,0.009463822396557742,fest.lib.id.na382,2013,0.0062959219950138685,0,0,0,0,0,0,0,0
idfnew1314,0.01136071047587536,fest.lib.id1697,2016,0.05210166239461778,0,0,0,0,0,0,0,0
I1603219,0.02667434961148053,fest.lib.id7289,2015,0.008622129187819539,0,0,0,0,0,0,0,0
tffnew1570,0.02060735633808679,fest.lib.id1736,2015,1.0,0,0,0,0,1,1,1,1
f8137,0.012361440636033389,fest.lib.id1888,2017,0.9014664491525963,0,0,0,0,1,1,1,1
frnew276,0.010470746031531416,fest.lib.id665,2012,0.318359506181511,0,0,0,0,0,1,0,1
f16965,0.03529316059653429,fest.lib.id958,2011,0.12075010945459504,0,0,0,0,1,1,1,1
1626,0.011219045524521635,fest.lib.id364,2013,0.6039825158473134,0,0,0,0,1,1,1,1
f7873,0.020475376713242444,fest.lib.id1888,2016,0.9014664491525963,0,0,0,0,1,1,1,2
f9235,0.023221198770630374,fest.lib.id285,2015,0.39801347663094955,0,0,0,0,1,1,1,1
tffnew2425,0.03928610892995369,fest.lib.id1736,2017,1.0,0,0,0,0,1,1,1,2
tffnew1894,0.02444127279941566,fest.lib.id1808,2015,0.1145501607898263,0,0,0,0,1,1,1,3
f9004,0.062343133948334434,fest.lib.id285,2011,0.39801347663094955,0,0,0,0,1,1,2,2
tffnew1704,0.05098379005564731,fest.lib.id285,2015,0.39801347663094955,0,0,0,0,1,1,2,4
f8260,0.027001882684447674,fest.lib.id1658,2017,0.15002034797660702,0,0,0,0,1,1,1,1
tffnew2010,0.014739228388165954,fest.lib.id1736,2016,1.0,0,0,0,0,1,1,1,2
idfnew1374,0.019316788026660033,fest.lib.id874,2016,0.5062687909078113,0,0,0,0,1,1,1,1
f16758,0.02456509025192683,fest.lib.id1888,2011,0.9014664491525963,0,0,0,0,1,1,1,1
tffnew54,0.027932303341841602,fest.lib.id1736,2011,1.0,0,0,0,0,1,1,1,2
f8221,0.027478843312068624,fest.lib.id217,2016,0.13475573540038221,0,0,0,0,1,1,1,1
812,0.015435141048311797,fest.lib.id364,2013,0.6039825158473134,0,0,0,0,1,1,1,1
1347,0.04288975456998564,fest.lib.id1808,2013,0.1145501607898263,0,0,0,0,1,1,1,1
idfnew1053,0.021139632625630417,fest.lib.id.na240,2015,0.06203455950095228,0,0,0,0,0,0,0,0
tffnew2668,0.09448428111941409,fest.lib.id1291,2017,0.014747440729239914,0,0,0,0,1,1,1,3
tffnew2007,0.038856525600425455,fest.lib.id1736,2016,1.0,0,0,0,0,1,1,1,1
1328,0.05496994858277592,fest.lib.id1658,2013,0.15002034797660702,0,0,0,0,0,1,0,2
I1703756,0.01275374072481142,fest.lib.id7263,2016,0.0038145110271375453,0,0,0,0,0,0,0,0
f17203,0.05308879682746125,fest.lib.id1888,2014,0.9014664491525963,0,0,0,0,1,1,1,2
f9397,0.044584719137886725,fest.lib.id285,2017,0.39801347663094955,0,0,0,0,1,1,1,2
N1701224,0.022481622311339506,fest.lib.id305,2016,0.033467502671182564,0,0,0,0,1,1,1,1
idfnew1745,0.02263119063072743,imdbady00414,2017,0.0033373173231586424,0,0,0,0,1,1,1,1
f16575,0.026127524507452083,fest.lib.id1888,2011,0.9014664491525963,0,0,0,0,1,1,1,1
f9154,0.0429889809875369,fest.lib.id285,2014,0.39801347663094955,0,0,0,0,1,1,2,4
f17518,0.016636131761453347,fest.lib.id1888,2015,0.9014664491525963,0,0,0,0,1,1,1,1
I1700324,0.018180250751586566,fest.lib.id909,2016,0.13015898047987368,0,0,0,0,0,0,0,0
N1500072,0.014538296272830502,id627,2015,0.06218359890861916,0,0,0,0,1,1,1,1
frnew458,0.010204826172018665,fest.lib.id1473,2014,0.012978752400486635,0,0,0,0,0,0,0,0
idfnew222,0.013114247082973741,fest.lib.id874,1996,0.5062687909078113,0,0,0,0,1,1,1,1
idfnew174,0.011968353760392467,fest.lib.id731,2012,0.3424863555939673,0,0,0,0,0,1,0,1
1227,0.014070876266477354,fest.lib.id1888,2013,0.9014664491525963,0,0,0,0,1,1,1,1
1250,0.00995575178972834,fest.lib.id874,2013,0.5062687909078113,0,0,0,0,1,1,1,1
idfnew1265,0.017789423993846927,fest.lib.id874,2015,0.5062687909078113,0,0,0,0,1,1,1,2
f8142,0.10216311570247728,fest.lib.id1888,2017,0.9014664491525963,0,0,0,0,1,1,1,3
tffnew271,0.048866041373282834,fest.lib.id1736,2011,1.0,0,0,0,0,1,1,1,2
tffnew2689,0.06390584158708709,fest.lib.id1050,2017,0.10887639162499597,0,0,0,0,1,1,1,4
f9352,0.07791208960316133,fest.lib.id285,2017,0.39801347663094955,0,0,0,0,1,1,1,1
tffnew350,0.0432906771136683,fest.lib.id1736,2012,1.0,0,0,0,0,1,1,1,3
idfnew122,0.008614475850260806,fest.lib.id974,2012,0.16229812321214043,0,0,0,0,0,0,0,0
tffnew380,0.05011357907319483,fest.lib.id1808,2012,0.1145501607898263,0,0,0,0,1,1,1,2
1569,0.032181429842894266,fest.lib.id364,2013,0.6039825158473134,0,0,0,0,1,1,1,1
tffnew2448,0.08665800767595437,fest.lib.id1736,2017,1.0,0,0,0,0,1,1,1,1
60,0.02822253531844213,fest.lib.id1808,1963,0.1145501607898263,0,0,0,0,1,1,2,2
frnew324,0.03532580210203923,fest.lib.id7784,2011,0.0038207354484763485,0,0,0,0,0,0,0,0
tffnew298,0.014444760931594178,fest.lib.id1736,2011,1.0,0,0,0,0,1,1,1,1
idfnew1856,0.02480250965977472,fest.lib.id874,2017,0.5062687909078113,0,0,0,0,1,1,1,2
idfnew457,0.04230661719731728,fest.lib.id958,2012,0.12075010945459504,0,0,0,0,1,1,1,1
f9008,0.03204523508001289,fest.lib.id285,2011,0.39801347663094955,0,0,0,0,1,1,1,2
tffnew1319,0.019667442883026517,fest.lib.id1736,2014,1.0,0,0,0,0,1,1,1,1
tffnew368,0.030878431866519115,fest.lib.id1736,2012,1.0,0,0,0,0,1,1,1,2
tffnew2344,0.009336977626214061,fest.lib.id1736,2017,1.0,0,0,0,0,1,1,1,1
1187,0.019146359581686263,fest.lib.id665,2013,0.318359506181511,0,0,0,0,0,1,0,1
frnew363,0.024506885509647452,imdbady00403,2011,0.0020077259316430567,0,0,0,0,0,1,0,1
1237,0.016303752816415894,fest.lib.id1895,2011,0.10094273609320706,0,0,0,0,1,1,1,1
N1100254,0.012698859247329596,fest.lib.id.survey.na105,2011,0.005630861501740563,0,0,0,0,0,0,0,0
idfnew1614,0.008809858467147066,fest.lib.id731,2018,0.3424863555939673,0,0,0,0,0,1,0,1
tffnew1633,0.022823426251797133,fest.lib.id1736,2015,1.0,0,0,0,0,1,1,1,1
1476,0.01707343224397244,fest.lib.id285,2012,0.39801347663094955,0,0,0,0,1,1,2,2
tffnew1433,0.01669806517007708,fest.lib.id1697,2014,0.05210166239461778,0,0,0,0,1,1,1,1
786,0.03811208910025775,fest.lib.id.na236,1985,0.016167791167439913,0,0,0,0,0,1,0,1
tffnew511,0.03577329302842058,fest.lib.id1736,2012,1.0,0,0,0,0,1,1,1,2
tffnew2139,0.0363323669437967,fest.lib.id1050,2016,0.10887639162499597,0,0,0,0,1,1,2,3
512,0.02613272333591347,fest.lib.id1618,2013,0.023481760681616358,0,0,0,0,0,1,0,1
idfnew1691,0.05821783113235809,fest.lib.id1888,2017,0.9014664491525963,0,0,0,0,1,1,2,3
f16756,0.012446792571368931,fest.lib.id1888,2011,0.9014664491525963,0,0,0,0,1,1,1,1
f16374,0.008692125886973238,fest.lib.id1115,2011,0.08905067793670396,0,0,0,0,0,0,0,0
f7849,0.029109191270932304,fest.lib.id.ch1786,2015,0.19707774754205087,0,0,0,0,1,1,1,2
N1400754,0.011219045524521635,fest.lib.id364,2014,0.6039825158473134,0,0,0,0,1,1,1,1
tffnew1747,0.014774243192436321,fest.lib.id1736,2015,1.0,0,0,0,0,1,1,1,1
idfnew1502,0.00995575178972834,fest.lib.id874,2016,0.5062687909078113,0,0,0,0,1,1,1,1
f7722,0.03190963013102784,fest.lib.id1888,2016,0.9014664491525963,0,0,0,0,1,1,1,1
tffnew1462,0.03744242698000379,fest.lib.id5367,2014,0.007497375381761823,0,0,0,0,0,0,0,0
N1400666,0.011219045524521635,fest.lib.id364,2014,0.6039825158473134,0,0,0,0,1,1,1,1
f9131,0.07141020254028856,fest.lib.id285,2014,0.39801347663094955,0,0,0,0,1,1,2,4
f9153,0.07478655822348348,fest.lib.id285,2014,0.39801347663094955,0,0,0,0,1,1,1,3
f9195,0.055032008487176,fest.lib.id285,2015,0.39801347663094955,0,0,0,0,1,1,1,2
93,0.01347412062076004,fest.lib.id1888,2013,0.9014664491525963,0,0,0,0,1,1,1,1
1315,0.049835527626407645,fest.lib.id1697,2013,0.05210166239461778,0,0,0,0,1,1,1,1
f16918,0.03522098158240969,fest.lib.id1182,2011,0.029129658789427314,0,0,0,0,1,1,1,2
f9107,0.02378688292022638,fest.lib.id285,2012,0.39801347663094955,0,0,0,0,1,1,2,2
tffnew1374,0.019414726556449078,fest.lib.id1697,2014,0.05210166239461778,0,0,0,0,1,1,1,2
1554,0.022594050756191468,fest.lib.id364,2013,0.6039825158473134,0,0,0,0,1,1,1,1
f9061,0.009298203289242048,fest.lib.id285,2011,0.39801347663094955,0,0,0,0,1,1,1,1
tffnew1329,0.038544869410834834,fest.lib.id336,2014,0.02015536754326901,0,0,0,0,1,1,1,3
I1406628,0.03731696040865707,fest.lib.id1050,2013,0.10887639162499597,0,0,0,0,1,1,1,1
f16797,0.02041958251905921,fest.lib.id.ch1786,2011,0.19707774754205087,0,0,0,0,1,1,1,2
idfnew1739,0.03613483305227678,fest.lib.id1768,2017,0.07352724707497833,0,0,0,0,1,1,1,1
164,0.009940784625779017,fest.lib.id1888,2013,0.9014664491525963,0,0,0,0,1,1,1,1
tffnew1806,0.01619905871936359,fest.lib.id1736,2015,1.0,0,0,0,0,1,1,1,1
tffnew2291,0.012006313061924326,fest.lib.id1736,2016,1.0,0,0,0,0,1,1,1,1
idfnew737,0.07785373476323142,fest.lib.id1296,2014,0.12314726966479073,0,0,0,0,1,1,1,3
tffnew30,0.014998292997962506,fest.lib.id1736,2011,1.0,0,0,0,0,1,1,1,2
973,0.020254936755743625,fest.lib.id1658,2013,0.15002034797660702,0,0,0,0,1,1,1,2
f16695,0.03355094348325135,fest.lib.id1658,2011,0.15002034797660702,0,0,0,0,1,1,1,2
968,0.02593843113036404,fest.lib.id285,2013,0.39801347663094955,0,0,0,0,1,1,1,1
f16485,0.015174756277446582,fest.lib.id1888,2011,0.9014664491525963,0,0,0,0,1,1,1,1
778,0.009940784625779017,fest.lib.id1888,2013,0.9014664491525963,0,0,0,0,1,1,1,1
I1604972,0.015298854838442422,fest.lib.id364,2016,0.6039825158473134,0,0,0,0,1,1,1,1
tffnew1176,0.06188673433394002,fest.lib.id285,2014,0.39801347663094955,0,0,0,0,1,1,2,2
idfnew1078,0.02904583645223489,fest.lib.id7074,2015,0.031815480196570815,0,0,0,0,1,1,1,1
frnew141,0.020854777276314074,fest.lib.id1618,2011,0.023481760681616358,0,0,0,0,0,1,0,1
tffnew1992,0.012576963076974965,fest.lib.id1736,2016,1.0,0,0,0,0,1,1,1,1
1638,0.030163133738377885,fest.lib.id7232,2012,0.003872451891746107,0,0,0,0,1,1,1,1
632,0.046156787843357895,fest.lib.id1888,2013,0.9014664491525963,0,0,0,0,1,1,3,3
tffnew1230,0.06800443204834358,fest.lib.id1736,2014,1.0,0,0,0,0,1,1,1,3
f8290,0.009940784625779017,fest.lib.id1888,2017,0.9014664491525963,0,0,0,0,1,1,1,1
frnew284,0.010470746031531416,fest.lib.id665,2012,0.318359506181511,0,0,0,0,0,1,0,1
f17070,0.051241961351952116,fest.lib.id1888,2014,0.9014664491525963,0,0,0,0,1,1,1,2
365,0.014035658662589448,fest.lib.id1889,2013,0.016204492012890873,0,0,0,0,1,1,1,1
I1602227,0.011219045524521635,fest.lib.id364,2016,0.6039825158473134,0,0,0,0,1,1,1,1
N1600255,0.0395000195371941,fest.lib.id.na365,2015,0.053889133022886754,0,0,0,0,1,1,1,1
f16546,0.017517258595887607,fest.lib.id.na424,2010,0.0025403526780480357,0,0,0,0,0,0,0,0
f7816,0.04580071624503607,fest.lib.id1658,2016,0.15002034797660702,0,0,0,0,1,1,1,2
f8201,0.012525123551813778,fest.lib.id1182,2016,0.029129658789427314,0,0,0,0,1,1,1,1
tffnew2614,0.026808037897931642,fest.lib.id1736,2017,1.0,0,0,0,0,1,1,1,1
idfnew532,0.021380363815636273,fest.lib.id.na405,2012,0.019830157600577776,0,0,0,0,0,1,0,1
f8215,0.01896653417841049,fest.lib.id1888,2017,0.9014664491525963,0,0,0,0,1,1,1,1
857,0.022852027169651734,fest.lib.id.survey.na.ch.470,2013,0.001853878295962412,0,0,0,0,1,1,2,2
573,0.01277274486442749,fest.lib.id285,2013,0.39801347663094955,0,0,0,0,1,1,1,1
idfnew817,0.020960717846522453,fest.lib.id908,2014,0.0056047967006251555,0,0,0,0,1,1,1,1
tffnew2298,0.02192645409658262,fest.lib.id1736,2016,1.0,0,0,0,0,1,1,1,3
683,0.03269939830601473,fest.lib.id1658,2013,0.15002034797660702,0,0,0,0,1,1,1,2
f7766,0.01925568428174797,fest.lib.id1888,2016,0.9014664491525963,0,0,0,0,1,1,1,1
f17508,0.028947150676154686,fest.lib.id1888,2015,0.9014664491525963,0,0,0,0,1,1,1,1
tffnew341,0.030705653173402916,fest.lib.id731,2012,0.3424863555939673,0,0,0,0,0,1,0,1
tffnew2604,0.07409313542917832,fest.lib.id1050,2017,0.10887639162499597,0,0,0,0,1,1,2,5
frnew561,0.015860158067303492,fest.lib.id1536,2014,0.019642111753073396,0,0,0,0,0,1,0,1
f8004,0.02409836465214807,fest.lib.id1888,2016,0.9014664491525963,0,0,0,0,1,1,1,2
frnew351,0.010234032831391644,fest.lib.id.na42,2013,0.06417041546238612,0,0,0,0,0,0,0,0
tffnew216,0.027178027518710006,fest.lib.id1736,2011,1.0,0,0,0,0,1,1,2,2
f8207,0.027755636020605986,fest.lib.id1736,2016,1.0,0,0,0,0,1,1,1,2
frnew1,0.014434278735463149,id019,2010,0.003961181295350116,0,0,0,0,0,0,0,0
idfnew1854,0.01850357884371744,fest.lib.id874,2017,0.5062687909078113,0,0,0,0,1,1,1,1
N1500684,0.03492342781396392,fest.lib.id285,2014,0.39801347663094955,0,0,0,0,1,1,2,2
tffnew2145,0.014821116836724404,fest.lib.id1736,2016,1.0,0,0,0,0,1,1,1,1
f16720,0.025912488181648746,fest.lib.id1658,2011,0.15002034797660702,0,0,0,0,1,1,1,1
frnew43,0.014207994647206098,fest.lib.id665,2011,0.318359506181511,0,0,0,0,0,1,0,1
tffnew1596,0.009336977626214061,fest.lib.id1736,2014,1.0,0,0,0,0,1,1,1,1
idfnew920,0.022246176042632775,fest.lib.id1938,2014,0.001508931916415577,0,0,0,0,0,1,0,1
frnew364,0.009520824927594748,fest.lib.id.na443,2013,0.025111993397530303,0,0,0,0,0,0,0,0
tffnew2101,0.022428610459632813,fest.lib.id1697,2016,0.05210166239461778,0,0,0,0,1,1,1,1
I1101603,0.019310798261437473,fest.lib.id223,2010,0.003899242305997125,0,0,0,0,1,1,1,1
f17348,0.03532747704040064,fest.lib.id1888,2014,0.9014664491525963,0,0,0,0,1,1,1,1
f7929,0.014930044782164498,fest.lib.id1888,2016,0.9014664491525963,0,0,0,0,1,1,1,1
tffnew1523,0.24745540549946513,fest.lib.id1736,2014,1.0,0,0,0,0,1,1,1,3
f7796,0.018439098304535183,fest.lib.id1565,2015,0.03422279893718779,0,0,0,0,0,0,0,0
f17223,0.02240112795541031,fest.lib.id1888,2014,0.9014664491525963,0,0,0,0,1,1,1,1
tffnew1812,0.016046580129949816,fest.lib.id1736,2015,1.0,0,0,0,0,1,1,1,1
tffnew45,0.009336977626214061,fest.lib.id1736,2011,1.0,0,0,0,0,1,1,1,1
tffnew1987,0.08011289695419149,fest.lib.id.survey.na112,2016,0.001379723810311949,0,0,0,0,1,1,1,2
I1501688,0.022141188736688744,fest.lib.id1050,2014,0.10887639162499597,0,0,0,0,1,1,1,1
tffnew1417,0.009336977626214061,fest.lib.id1736,2014,1.0,0,0,0,0,1,1,1,1
f16836,0.012544824162242665,fest.lib.id1888,2012,0.9014664491525963,0,0,0,0,1,1,1,1
tffnew2271,0.050625160888603304,fest.lib.id1736,2016,1.0,0,0,0,0,1,1,1,1
idfnew1509,0.028018022764477978,fest.lib.id1768,2016,0.07352724707497833,0,0,0,0,1,1,1,2
1692,0.011219045524521635,fest.lib.id364,2013,0.6039825158473134,0,0,0,0,1,1,1,1
frnew381,0.17549394321022674,fest.lib.id7535,2012,0.01972946207965473,0,0,0,0,0,1,0,1
9136fnosuv,0.009298203289242048,fest.lib.id285,2012,0.39801347663094955,0,0,0,0,1,1,1,1
idfnew504,0.012662760517138077,fest.lib.id874,2012,0.5062687909078113,0,0,0,0,1,1,1,2
1641,0.47692626017712836,fest.lib.id.survey.na346,2012,0.0014367646967664602,0,0,0,0,1,1,1,1
f16962,0.019468915410541954,fest.lib.id1888,2012,0.9014664491525963,0,0,0,0,1,1,1,1
tffnew104,0.01232064357738277,fest.lib.id632,2011,0.019369471425451527,0,0,0,0,1,1,1,1
N1700260,0.034202806613957804,fest.lib.id.survey.na368,2016,0.019417545992852517,0,0,0,0,1,1,1,2
588,0.01853917229709783,fest.lib.id1296,1973,0.12314726966479073,0,0,0,0,1,1,1,1
N1400354,0.014414399074026352,fest.lib.id285,2013,0.39801347663094955,0,0,0,0,1,1,2,2
f7781,0.012962586729779759,fest.lib.id1888,2016,0.9014664491525963,0,0,0,0,1,1,1,1
87,0.03342552250729986,fest.lib.id364,2013,0.6039825158473134,0,0,0,0,1,1,1,1
3,0.023895981434903596,fest.lib.id285,2013,0.39801347663094955,0,0,0,0,1,1,2,2
1148,0.0117541491648291,fest.lib.id1736,2013,1.0,0,0,0,0,1,1,1,1
tffnew1643,0.05727178899819088,fest.lib.id1808,2015,0.1145501607898263,0,0,0,0,1,1,1,3
f17442,0.04000174788883982,fest.lib.id1888,2015,0.9014664491525963,0,0,0,0,1,1,1,1
tffnew2072,0.020267221157687927,fest.lib.id1736,2016,1.0,0,0,0,0,1,1,1,2
tffnew277,0.02541918892834816,fest.lib.id1736,2011,1.0,0,0,0,0,1,1,1,2
f8293,0.022436869472409846,fest.lib.id1888,2017,0.9014664491525963,0,0,0,0,1,1,1,1
idfnew537,0.015027870104961058,fest.lib.id731,2013,0.3424863555939673,0,0,0,0,0,1,0,1
9346fnosuv,0.02773418062775799,fest.lib.id1535,1961,0.08500246471603438,0,0,0,0,1,1,2,4
tffnew1153,0.025539301428015002,fest.lib.id1736,2014,1.0,0,0,0,0,1,1,1,1
tffnew1564,0.029488612036503225,imdbady00931,2015,0.0021030769032659956,0,0,0,0,1,1,1,2
1414,0.009940784625779017,fest.lib.id1888,2013,0.9014664491525963,0,0,0,0,1,1,1,1
f9058,0.012617454037550916,fest.lib.id285,2011,0.39801347663094955,0,0,0,0,1,1,1,1
frnew899,0.014420459414548387,fest.lib.id665,2016,0.318359506181511,0,0,0,0,0,1,0,1
tffnew2339,0.02462152595368155,fest.lib.id1736,2016,1.0,0,0,0,0,1,1,1,2
1132,0.01721602646156448,fest.lib.id.na225,2012,0.008534922080603677,0,0,0,0,1,1,1,2
f17334,0.03952722173994823,fest.lib.id1888,2014,0.9014664491525963,0,0,0,0,1,1,1,1
idfnew333,0.012091728742955462,fest.lib.id.survey.na111,2005,0.008778112768917146,0,0,0,0,0,0,0,0
898,0.08097965491276683,fest.lib.id1736,2013,1.0,0,0,0,0,1,1,1,2
1157,0.05679817143330265,fest.lib.id7160,2000,0.08755778354559723,0,0,0,0,1,1,1,1
I1204787,0.015515200254418651,fest.lib.id1732,2011,0.16442851051533133,0,0,0,0,0,0,0,0
tffnew503,0.009336977626214061,fest.lib.id1736,2012,1.0,0,0,0,0,1,1,1,1
1359,0.023152638841921036,fest.lib.id751,2012,0.06591674348473482,0,0,0,0,1,1,1,1
N1400827,0.03143380785850836,fest.lib.id364,2014,0.6039825158473134,0,0,0,0,1,1,1,1
f9031,0.03143791243852005,fest.lib.id285,2011,0.39801347663094955,0,0,0,0,1,1,1,1
tffnew2264,0.053986913067693335,fest.lib.id1050,2016,0.10887639162499597,0,0,0,0,1,1,1,2
idfnew486,0.04646607761498676,fest.lib.id1658,2012,0.15002034797660702,0,0,0,0,0,1,0,1
N1600333,0.018494208387947138,fest.lib.id285,2015,0.39801347663094955,0,0,0,0,1,1,2,2
tffnew433,0.0208247026349677,fest.lib.id1736,2012,1.0,0,0,0,0,1,1,1,1
926,0.03010504182767024,fest.lib.id.na163,2013,0.00263475562171809,0,0,0,0,1,1,1,1
idfnew1415,0.012433385835590345,fest.lib.id1732,1995,0.16442851051533133,0,0,0,0,1,1,1,1
tffnew1463,0.03501472854999245,fest.lib.id1736,2014,1.0,0,0,0,0,1,1,1,3
f17269,0.049525267067069334,fest.lib.id1888,2014,0.9014664491525963,0,0,0,0,1,1,1,2
tffnew1497,0.08360349858499706,fest.lib.id285,2014,0.39801347663094955,0,0,0,0,1,1,2,3
918,0.022891051761666104,fest.lib.id1736,2013,1.0,0,0,0,0,1,1,1,2
tffnew1929,0.009336977626214061,fest.lib.id1736,2015,1.0,0,0,0,0,1,1,1,1
566,0.10873576710360582,fest.lib.id285,2013,0.39801347663094955,0,0,0,0,1,1,2,3
tffnew185,0.011885124725161757,fest.lib.id1736,2011,1.0,0,0,0,0,1,1,1,1
N1400023,0.027619102295648092,fest.lib.id6558,2013,0.022927788110100236,0,0,0,0,1,1,1,1
tffnew495,0.025373272020569566,fest.lib.id285,2012,0.39801347663094955,0,0,0,0,1,1,2,3
260,0.014869737418549593,fest.lib.id364,2013,0.6039825158473134,0,0,0,0,1,1,1,1
frnew666,0.053640133771188404,fest.lib.id1658,2015,0.15002034797660702,0,0,0,0,0,1,0,2
tffnew460,0.013810736801503217,fest.lib.id731,2013,0.3424863555939673,0,0,0,0,0,1,0,1
tffnew2641,0.03457615314235245,fest.lib.id1736,2017,1.0,0,0,0,0,1,1,1,2
tffnew2057,0.02921236381816107,fest.lib.id1664,2016,0.15064075420920695,0,0,0,0,1,1,1,3
f9400,0.020336757216500176,fest.lib.id285,1998,0.39801347663094955,0,0,0,0,1,1,2,3
frnew151,0.01568240415012804,fest.lib.id144,2013,0.0041152730168264,0,0,0,0,0,0,0,0
idfnew1637,0.00995575178972834,fest.lib.id874,2017,0.5062687909078113,0,0,0,0,1,1,1,1
idfnew1705,0.02419585264465331,fest.lib.id1582,2017,0.04430384424256456,0,0,0,0,1,1,1,1
idfnew939,0.020498046177256143,fest.lib.id217,2014,0.13475573540038221,0,0,0,0,0,0,0,0
1709,0.013738518128251965,fest.lib.id217,2011,0.13475573540038221,0,0,0,0,1,1,1,1
9135fnosuv,0.025727176710058534,fest.lib.id285,2012,0.39801347663094955,0,0,0,0,1,1,1,2
I1604169,0.024277522526163924,fest.lib.id364,2016,0.6039825158473134,0,0,0,0,1,1,1,1
f9015,0.03334328724825507,fest.lib.id285,2011,0.39801347663094955,0,0,0,0,1,1,1,2
frnew1128,0.008799783214479941,fest.lib.id1489,2017,0.11452150555649154,0,0,0,0,0,0,0,0
tffnew1425,0.09698458698325459,fest.lib.id1736,2014,1.0,0,0,0,0,1,1,1,2
f16970,0.05382023537918726,fest.lib.id1888,2012,0.9014664491525963,0,0,0,0,1,1,1,2
f17416,0.01251642976160877,fest.lib.id1888,2015,0.9014664491525963,0,0,0,0,1,1,1,2
tffnew1218,0.023171820620142676,fest.lib.id731,2014,0.3424863555939673,0,0,0,0,0,1,0,2
tffnew1927,0.009336977626214061,fest.lib.id1736,2015,1.0,0,0,0,0,1,1,1,1
tffnew2695,0.056654160873014364,fest.lib.id1736,2017,1.0,0,0,0,0,1,1,1,3
tffnew2242,0.020041060109519553,fest.lib.id1808,2016,0.1145501607898263,0,0,0,0,1,1,1,1
tffnew324,0.017638875929977215,fest.lib.id1808,2011,0.1145501607898263,0,0,0,0,0,0,0,0
9211fnosuv,0.02955789589127569,imdbady01537,1964,0.0023823785674470716,0,0,0,0,0,0,0,0
f17578,0.04943279021237786,fest.lib.id731,2015,0.3424863555939673,0,0,0,0,1,1,2,5
1181,0.018550404960501296,fest.lib.id.na191,2012,0.04577591160462887,0,0,0,0,0,1,0,1
f17000,0.009940784625779017,fest.lib.id1888,2012,0.9014664491525963,0,0,0,0,1,1,1,1
992,0.05665043737080856,fest.lib.id1888,2013,0.9014664491525963,0,0,0,0,1,1,1,2
N1200487,0.02309444820996405,fest.lib.id364,2012,0.6039825158473134,0,0,0,0,1,1,1,1
f9279,0.04346794842701375,fest.lib.id285,2016,0.39801347663094955,0,0,0,0,1,1,2,5
N1200232,0.018896586959355754,id627,2012,0.06218359890861916,0,0,0,0,1,1,1,1
984,0.023692210061212336,fest.lib.id1736,2013,1.0,0,0,0,0,1,1,1,1
frnew688,0.02004118990748658,fest.lib.id665,2015,0.318359506181511,0,0,0,0,0,1,0,1
tffnew1728,0.02186376822614254,fest.lib.id1736,2015,1.0,0,0,0,0,1,1,1,1
tffnew38,0.046070040974646426,fest.lib.id1658,2011,0.15002034797660702,0,0,0,0,1,1,1,1
frnew575,0.013719559980790861,fest.lib.id1167,2014,0.14309594420744598,0,0,0,0,0,0,0,0
f9241,0.014997052846235093,fest.lib.id.na215,2014,0.07270284889751268,0,0,0,0,1,1,2,2
f16801,0.009940784625779017,fest.lib.id1888,2012,0.9014664491525963,0,0,0,0,1,1,1,1
frnew39,0.025285618828717493,fest.lib.id1768,2011,0.07352724707497833,0,0,0,0,0,0,0,0
idfnew1202,0.012670551063415296,fest.lib.id174,2005,0.12232867487620556,0,0,0,0,1,1,1,1
I1105134,0.0168832913743371,fest.lib.id364,2011,0.6039825158473134,0,0,0,0,1,1,1,2
idfnew69,0.009261345032982732,fest.lib.id1722,2012,0.10246538636036051,0,0,0,0,0,0,0,0
f9126,0.031318739228027706,fest.lib.id285,2012,0.39801347663094955,0,0,0,0,1,1,1,1
tffnew49,0.06436460036000065,fest.lib.id1736,2011,1.0,0,0,0,0,1,1,1,2
f8040,0.024134690450898177,fest.lib.id1888,2016,0.9014664491525963,0,0,0,0,1,1,1,1
tffnew1814,0.050035618818647175,fest.lib.id974,2015,0.16229812321214043,0,0,0,0,1,1,1,2
f17074,0.0158012018855179,fest.lib.id1888,2014,0.9014664491525963,0,0,0,0,1,1,1,1
idfnew1756,0.021827083196895053,fest.lib.id336,2017,0.02015536754326901,0,0,0,0,1,1,1,1
tffnew1380,0.026049761571738293,fest.lib.id1050,2014,0.10887639162499597,0,0,0,0,0,0,0,0
N1700957,0.018532290378197706,fest.lib.id.na292,2016,0.07612469051374422,0,0,0,0,1,1,1,1
tffnew1610,0.06225445142035402,fest.lib.id1402,2015,0.01682114414639636,0,0,0,0,1,1,1,2
f9357,0.016961336126103975,fest.lib.id285,2017,0.39801347663094955,0,0,0,0,1,1,1,2
idfnew464,0.016238765338995497,fest.lib.id874,2012,0.5062687909078113,0,0,0,0,1,1,1,1
N1601477,0.014538296272830502,id627,2016,0.06218359890861916,0,0,0,0,1,1,1,1
tffnew2295,0.050060481084492,fest.lib.id1808,2016,0.1145501607898263,0,0,0,0,1,1,2,4
N1400297,0.02501270086906742,fest.lib.id.na471,2013,0.05809860871885474,0,0,0,0,1,1,1,1
tffnew1192,0.023148692581320053,fest.lib.id1736,2014,1.0,0,0,0,0,1,1,1,1
tffnew2684,0.025300804843400075,fest.lib.id1736,2017,1.0,0,0,0,0,1,1,1,2
tffnew2532,0.027244718617365712,fest.lib.id1736,2017,1.0,0,0,0,0,1,1,1,2
tffnew639,0.05527426080100097,fest.lib.id1736,2012,1.0,0,0,0,0,1,1,1,2
f17160,0.07078476018126716,fest.lib.id1888,2014,0.9014664491525963,0,0,0,0,1,1,1,4
tffnew2056,0.03825673301488095,fest.lib.id1736,2016,1.0,0,0,0,0,1,1,1,2
idfnew847,0.008981145410029033,fest.lib.id1768,2014,0.07352724707497833,0,0,0,0,0,0,0,0
frnew948,0.020081893198366164,id401,2016,0.07211320128732311,0,0,0,0,0,1,0,1
9250fnosuv,0.012536493036887872,fest.lib.id285,2014,0.39801347663094955,0,0,0,0,1,1,1,1
f17321,0.022315783707934942,fest.lib.id4680,2013,0.1366072752245275,0,0,0,0,1,1,1,3
idfnew1346,0.02206452445659466,fest.lib.id874,2016,0.5062687909078113,0,0,0,0,1,1,1,1
505,0.016644026847112477,fest.lib.id994,2007,0.004428276331828365,0,0,0,0,0,1,0,1
tffnew2685,0.024665307623527012,fest.lib.id1808,2017,0.1145501607898263,0,0,0,0,1,1,1,1
f17075,0.012405845063190443,fest.lib.id1888,2014,0.9014664491525963,0,0,0,0,1,1,1,1
f16555,0.008614475850260806,fest.lib.id974,2011,0.16229812321214043,0,0,0,0,0,0,0,0
idfnew1352,0.025084973497275766,fest.lib.id874,2016,0.5062687909078113,0,0,0,0,1,1,1,1
f9220,0.055887101676127295,fest.lib.id285,2015,0.39801347663094955,0,0,0,0,1,1,2,3
tffnew1793,0.01495879861063674,fest.lib.id1736,2015,1.0,0,0,0,0,1,1,1,1
f7862,0.0806514081805502,fest.lib.id1658,2016,0.15002034797660702,0,0,0,0,1,1,2,4
I1704143,0.0565389981383623,fest.lib.id731,2016,0.3424863555939673,0,0,0,0,1,1,1,2
idfnew646,0.01868756664987958,fest.lib.id1050,1995,0.10887639162499597,0,0,0,0,0,0,0,0
idfnew599,0.02011083378024729,fest.lib.id1736,1995,1.0,0,0,0,0,1,1,2,2
339,0.029462843445337596,fest.lib.id1736,2013,1.0,0,0,0,0,1,1,1,1
1048,0.022670389589515907,fest.lib.id285,2013,0.39801347663094955,0,0,0,0,1,1,1,1
I1501105,0.01382682927165878,fest.lib.id1808,2014,0.1145501607898263,0,0,0,0,1,1,1,1
idfnew217,0.009520824927594748,fest.lib.id.na443,2013,0.025111993397530303,0,0,0,0,0,0,0,0
f9378,0.011878523486079862,fest.lib.id.na287,2017,0.00965467937605731,0,0,0,0,0,0,0,0
f17124,0.07697490129209854,fest.lib.id1888,2014,0.9014664491525963,0,0,0,0,1,1,1,2
frnew120,0.11536618753968422,id401,2011,0.07211320128732311,0,0,0,0,0,1,0,2
tffnew1504,0.08516893864413005,fest.lib.id1736,2014,1.0,0,0,0,0,1,1,1,1
frnew1065,0.00984009835541201,fest.lib.id1167,2017,0.14309594420744598,0,0,0,0,0,0,0,0
200,0.01784022667273771,fest.lib.id1888,2013,0.9014664491525963,0,0,0,0,1,1,1,2
f7866,0.023748618106334798,fest.lib.id731,2016,0.3424863555939673,0,0,0,0,1,1,1,2
tffnew1393,0.01866899292108072,fest.lib.id1050,2014,0.10887639162499597,0,0,0,0,1,1,1,1
1353,0.010470746031531416,fest.lib.id665,2013,0.318359506181511,0,0,0,0,0,1,0,1
tffnew41,0.009336977626214061,fest.lib.id1736,2011,1.0,0,0,0,0,1,1,1,1
f7758,0.012499754521709575,fest.lib.id1888,2016,0.9014664491525963,0,0,0,0,1,1,1,1
idfnew35,0.03386717525563733,fest.lib.id1658,2011,0.15002034797660702,0,0,0,0,0,0,0,0
I1505928,0.013692346688352269,fest.lib.id364,2015,0.6039825158473134,0,0,0,0,1,1,1,1
f8175,0.018411568584796405,fest.lib.id1888,2017,0.9014664491525963,0,0,0,0,1,1,1,1
258,0.015124213508745914,fest.lib.id1808,1972,0.1145501607898263,0,0,0,0,1,1,1,2
tffnew1366,0.03226470691454772,fest.lib.id1736,2014,1.0,0,0,0,0,1,1,1,3
1313,0.022906767197222407,fest.lib.id1668,2013,0.061815450712753774,0,0,0,0,1,1,1,2
f7915,0.009940784625779017,fest.lib.id1888,2016,0.9014664491525963,0,0,0,0,1,1,1,1
f8020,0.0215466844651315,fest.lib.id1818,2015,0.08098663544424346,0,0,0,0,1,1,1,1
f17265,0.012906062527745609,fest.lib.id1888,2014,0.9014664491525963,0,0,0,0,1,1,1,1
f9046,0.017227561003670573,fest.lib.id285,2011,0.39801347663094955,0,0,0,0,1,1,1,2
f7997,0.20803328055326306,fest.lib.id1888,2016,0.9014664491525963,0,0,0,0,1,1,1,3
idfnew1723,0.021334588111896178,id401,2017,0.07211320128732311,0,0,0,0,1,1,1,1
idfnew1917,0.016475867568227245,imdbady01206,2018,0.004455216698934281,0,0,0,0,0,0,0,0
f16989,0.03881484170616098,fest.lib.id1658,2012,0.15002034797660702,0,0,0,0,1,1,1,1
9331fnosuv,0.031577551115286595,fest.lib.id285,2015,0.39801347663094955,0,0,0,0,1,1,2,2
f9181,0.054018730659988405,fest.lib.id285,2014,0.39801347663094955,0,0,0,0,1,1,2,2
1256,0.06794004231528557,fest.lib.id1808,2013,0.1145501607898263,0,0,0,0,1,1,1,1
f16908,0.03161701593417593,fest.lib.id1385,2011,0.004393631084626594,0,0,0,0,1,1,1,1
1592,0.014200102191316535,fest.lib.id364,2013,0.6039825158473134,0,0,0,0,1,1,1,1
tffnew266,0.029569732358240963,fest.lib.id1736,2011,1.0,0,0,0,0,1,1,1,2
frnew689,0.013044997911362202,fest.lib.id665,2015,0.318359506181511,0,0,0,0,0,1,0,1
1457,0.06298201046359307,fest.lib.id1736,2013,1.0,0,0,0,0,1,1,1,2
idfnew1416,0.019766804433763187,fest.lib.id874,2016,0.5062687909078113,0,0,0,0,1,1,2,2
f17632,0.03144566354349309,fest.lib.id1808,2014,0.1145501607898263,0,0,0,0,1,1,1,2
idfnew265,0.02176683475702433,fest.lib.id1768,2011,0.07352724707497833,0,0,0,0,0,0,0,0
idfnew390,0.031373754331645944,fest.lib.id874,2002,0.5062687909078113,0,0,0,0,1,1,1,1
tffnew1115,0.008451946961582392,fest.lib.id.na254,2015,0.04316572433830646,0,0,0,0,0,0,0,0
tffnew2055,0.015529164309843958,fest.lib.id1736,2016,1.0,0,0,0,0,1,1,1,1
idfnew1378,0.022161024788885354,imdbady00521,2016,0.0028212580784463975,0,0,0,0,1,1,1,1
f17567,0.014264811899461409,fest.lib.id1888,2015,0.9014664491525963,0,0,0,0,1,1,1,1
idfnew1737,0.02856623915355666,fest.lib.id1582,2017,0.04430384424256456,0,0,0,0,1,1,1,1
idfnew666,0.00995575178972834,fest.lib.id874,2012,0.5062687909078113,0,0,0,0,1,1,1,1
idfnew595,0.00995575178972834,fest.lib.id874,2012,0.5062687909078113,0,0,0,0,1,1,1,1
frnew815,0.035043131250953846,fest.lib.id1557,2015,0.19355067805909,0,0,0,0,0,1,0,2
f9016,0.08160029383386044,fest.lib.id285,2011,0.39801347663094955,0,0,0,0,1,1,2,3
frnew31,0.01996658566618995,fest.lib.id.na368,2010,0.0035962382017809286,0,0,0,0,0,0,0,0
817,0.0165946087599586,fest.lib.id874,2013,0.5062687909078113,0,0,0,0,1,1,1,1
frnew261,0.00984009835541201,fest.lib.id1167,2011,0.14309594420744598,0,0,0,0,0,0,0,0
I1406442,0.011219045524521635,fest.lib.id364,2014,0.6039825158473134,0,0,0,0,1,1,1,1
f7889,0.009940784625779017,fest.lib.id1888,2016,0.9014664491525963,0,0,0,0,1,1,1,1
1204,0.01928116229168645,fest.lib.id336,2013,0.02015536754326901,0,0,0,0,1,1,1,1
idfnew72,0.041317424820709464,fest.lib.id874,2011,0.5062687909078113,0,0,0,0,1,1,1,1
idfnew1615,0.050143485863260936,fest.lib.id388,2017,0.10657216405781064,0,0,0,0,0,1,0,1
idfnew752,0.02006313284128824,fest.lib.id997,2014,0.06166273990342565,0,0,0,0,0,0,0,0
idfnew1105,0.0299335794330531,id401,2015,0.07211320128732311,0,0,0,0,1,1,1,2
f16821,0.018944897415200952,fest.lib.id1888,2012,0.9014664491525963,0,0,0,0,1,1,1,1
I1101126,0.024243098324005206,fest.lib.id997,2010,0.06166273990342565,0,0,0,0,0,0,0,0
392,0.03644781200165876,fest.lib.id874,2013,0.5062687909078113,0,0,0,0,1,1,1,1
9238fnosuv,0.02196359273028252,fest.lib.id285,2014,0.39801347663094955,0,0,0,0,1,1,1,2
frnew929,0.02998871727554682,fest.lib.id206,2016,0.01882695794132455,0,0,0,0,0,1,0,1
f7864,0.015138682372598291,fest.lib.id1888,2016,0.9014664491525963,0,0,0,0,1,1,1,1
tffnew2580,0.01729019797116386,fest.lib.id1050,2017,0.10887639162499597,0,0,0,0,1,1,1,2
f9102,0.037652025743844526,fest.lib.id285,2012,0.39801347663094955,0,0,0,0,1,1,1,2
f8360,0.019725150122935287,fest.lib.id1888,2017,0.9014664491525963,0,0,0,0,1,1,1,1
384,0.01281853657680793,fest.lib.id1748,2012,0.014952276399207232,0,0,0,0,1,1,1,1
tffnew205,0.009336977626214061,fest.lib.id1736,2011,1.0,0,0,0,0,1,1,1,1
f8167,0.020460701152288277,fest.lib.id1888,2017,0.9014664491525963,0,0,0,0,1,1,1,1
frnew68,0.03851242907742591,imdbady01437,2011,0.0017370351322080668,0,0,0,0,0,0,0,0
tffnew2346,0.04972790766430597,fest.lib.id1050,2017,0.10887639162499597,0,0,0,0,1,1,1,2
1243,0.0312595594178308,fest.lib.id1385,2012,0.004393631084626594,0,0,0,0,1,1,1,1
frnew607,0.017362028642865394,fest.lib.id1439,2012,0.016752073785562045,0,0,0,0,0,0,0,0
9187fnosuv,0.08331676638675717,fest.lib.id285,2014,0.39801347663094955,0,0,0,0,1,1,2,3
tffnew2361,0.009336977626214061,fest.lib.id1736,2017,1.0,0,0,0,0,1,1,1,1
tffnew295,0.05082651076129905,fest.lib.id1050,2011,0.10887639162499597,0,0,0,0,1,1,1,3
tffnew1308,0.036199231168391355,fest.lib.id.na.ch163,2014,0.02124090626912694,0,0,0,0,1,1,1,2
f9114,0.009298203289242048,fest.lib.id285,2012,0.39801347663094955,0,0,0,0,1,1,1,1
tffnew245,0.018992240544691306,fest.lib.id1736,2011,1.0,0,0,0,0,1,1,1,1
9232fnosuv,0.07098441614642886,fest.lib.id285,2014,0.39801347663094955,0,0,0,0,1,1,2,3
tffnew288,0.02673380666374266,fest.lib.id1808,2011,0.1145501607898263,0,0,0,0,1,1,1,2
idfnew168,0.00995575178972834,fest.lib.id874,2011,0.5062687909078113,0,0,0,0,1,1,1,1
f9150,0.06020625866693887,fest.lib.id285,2014,0.39801347663094955,0,0,0,0,1,1,1,2
idfnew32,0.02032091006661254,fest.lib.id7598,2011,0.04410357690711096,0,0,0,0,0,0,0,0
N1700413,0.011219045524521635,fest.lib.id364,2017,0.6039825158473134,0,0,0,0,1,1,1,1
478,0.009298203289242048,fest.lib.id285,1958,0.39801347663094955,0,0,0,0,1,1,1,1
f8300,0.04511468567191668,fest.lib.id1658,2017,0.15002034797660702,0,0,0,0,1,1,1,1
f16761,0.05076003670314606,fest.lib.id1658,2012,0.15002034797660702,0,0,0,0,1,1,2,2
tffnew200,0.05864808747604483,fest.lib.id1050,2011,0.10887639162499597,0,0,0,0,1,1,1,2
I1402528,0.41208004210398597,fest.lib.id1888,2013,0.9014664491525963,0,0,0,0,1,1,2,2
tffnew175,0.019353629007394395,fest.lib.id1888,2011,0.9014664491525963,0,0,0,0,1,1,2,2
f17246,0.01913536281813225,fest.lib.id.na254,2014,0.04316572433830646,0,0,0,0,0,0,0,0
f9103,0.016822316934802076,fest.lib.id285,2012,0.39801347663094955,0,0,0,0,1,1,1,2
523,0.015262260452789878,fest.lib.id665,2013,0.318359506181511,0,0,0,0,0,1,0,1
frnew985,0.03877586998237635,fest.lib.id1664,2016,0.15064075420920695,0,0,0,0,0,1,0,1
f17601,0.05413740324086021,fest.lib.id1888,2015,0.9014664491525963,0,0,0,0,1,1,1,2
1618,0.011219045524521635,fest.lib.id364,1996,0.6039825158473134,0,0,0,0,1,1,1,1
idfnew1867,0.018781199993825094,fest.lib.id874,2017,0.5062687909078113,0,0,0,0,1,1,1,1
f17437,0.030967141073215975,fest.lib.id1888,2015,0.9014664491525963,0,0,0,0,1,1,1,2
f17210,0.016714845685536144,fest.lib.id1888,2014,0.9014664491525963,0,0,0,0,1,1,1,1
I1104740,0.01595816154394007,fest.lib.id1292,2010,0.004710768670663078,0,0,0,0,0,0,0,0
tffnew1705,0.027973572259163658,fest.lib.id1050,2015,0.10887639162499597,0,0,0,0,1,1,1,3
71,0.03662190806128207,fest.lib.id364,2013,0.6039825158473134,0,0,0,0,1,1,1,1
f7740,0.01599679143859363,fest.lib.id1888,2016,0.9014664491525963,0,0,0,0,1,1,1,2
f16967,0.009940784625779017,fest.lib.id1888,2012,0.9014664491525963,0,0,0,0,1,1,1,1
196,0.01567574641324343,fest.lib.id1888,2013,0.9014664491525963,0,0,0,0,1,1,1,1
f16757,0.011291485245085563,fest.lib.id1494,2011,0.14895479943977585,0,0,0,0,0,0,0,0
996,0.024951624933746575,fest.lib.id1808,1959,0.1145501607898263,0,0,0,0,1,1,1,1
88,0.018629086482811922,fest.lib.id1736,2013,1.0,0,0,0,0,1,1,1,1
f9165,0.009298203289242048,fest.lib.id285,2014,0.39801347663094955,0,0,0,0,1,1,1,1
f8190,0.04210998308395027,imdbady00711,2016,0.002184234662163003,0,0,0,0,1,1,1,2
idfnew1577,0.02420709568526345,fest.lib.id874,2016,0.5062687909078113,0,0,0,0,1,1,1,2
f17106,0.11746773844512097,fest.lib.id1888,2014,0.9014664491525963,0,0,0,0,1,1,1,1
idfnew793,0.055020029815297425,fest.lib.id1658,2014,0.15002034797660702,0,0,0,0,1,1,1,3
f16503,0.01808939680331727,fest.lib.id958,2010,0.12075010945459504,0,0,0,0,0,0,0,0
969,0.020008941845061495,fest.lib.id1147,2012,0.04743769596462434,0,0,0,0,1,1,1,2
377,0.03790619063872428,fest.lib.id1050,2013,0.10887639162499597,0,0,0,0,1,1,1,2
f9265,0.025108636278994807,fest.lib.id285,2016,0.39801347663094955,0,0,0,0,1,1,1,1
idfnew841,0.011513894276108468,imdbady00413,1981,0.00543824698870017,0,0,0,0,0,0,0,0
N1201217,0.022194853600296827,fest.lib.id364,2012,0.6039825158473134,0,0,0,0,1,1,1,1
9555fnosuv,0.011995136763984659,fest.lib.id285,1982,0.39801347663094955,0,0,0,0,1,1,1,1
f16810,0.009940784625779017,fest.lib.id1888,2012,0.9014664491525963,0,0,0,0,1,1,1,1
tffnew5,0.02980291014781584,fest.lib.id1736,2011,1.0,0,0,0,0,1,1,1,2
idfnew1280,0.03671185957106634,fest.lib.id447,2015,0.002075585224902941,0,0,0,0,1,1,1,1
tffnew279,0.014464233977081535,fest.lib.id1808,2011,0.1145501607898263,0,0,0,0,1,1,1,1
idfnew64,0.026411270473841664,imdbady00270,2011,0.0012889670201227583,0,0,0,0,0,0,0,0
f16648,0.020659231408957025,fest.lib.id1888,2011,0.9014664491525963,0,0,0,0,1,1,2,2
tffnew2105,0.01766511328817451,fest.lib.id.na41,2017,0.11516145534226155,0,0,0,0,0,0,0,0
tffnew1419,0.05300720705533948,fest.lib.id1736,2014,1.0,0,0,0,0,1,1,1,3
tffnew2313,0.009336977626214061,fest.lib.id1736,2016,1.0,0,0,0,0,1,1,1,1
tffnew2503,0.009336977626214061,fest.lib.id1736,2017,1.0,0,0,0,0,1,1,1,1
I1703208,0.0397733415508275,imdbady00143,2016,0.006049105530527871,0,0,0,0,1,1,1,1
I1603576,0.021379705626894008,fest.lib.id364,2016,0.6039825158473134,0,0,0,0,1,1,1,1
f9225,0.02171471087116788,fest.lib.id285,2015,0.39801347663094955,0,0,0,0,1,1,1,1
frnew1066,0.018272561300618644,fest.lib.id.na386,2016,0.019447580188516594,0,0,0,0,0,0,0,0
tffnew2237,0.009336977626214061,fest.lib.id1736,2016,1.0,0,0,0,0,1,1,1,1
idfnew1772,0.01195918465446932,fest.lib.id1050,2017,0.10887639162499597,0,0,0,0,0,0,0,0
tffnew2664,0.013005856474277327,fest.lib.id1736,2017,1.0,0,0,0,0,1,1,1,1
tffnew55,0.009336977626214061,fest.lib.id1736,2011,1.0,0,0,0,0,1,1,1,1
frnew238,0.013971393506375721,id238,2012,0.0408858975952493,0,0,0,0,0,0,0,0
tffnew1868,0.009336977626214061,fest.lib.id1736,2015,1.0,0,0,0,0,1,1,1,1
idfnew905,0.008622272114326682,fest.lib.id1494,2014,0.14895479943977585,0,0,0,0,0,0,0,0
f17122,0.06526000643407219,fest.lib.id1888,2014,0.9014664491525963,0,0,0,0,1,1,1,4
359,0.02470759397529321,fest.lib.id1888,2013,0.9014664491525963,0,0,0,0,1,1,1,1
tffnew1936,0.019249251286958417,fest.lib.id1736,2016,1.0,0,0,0,0,1,1,1,2
tffnew1614,0.01190803369750215,fest.lib.id1736,2015,1.0,0,0,0,0,1,1,1,1
1514,0.011219045524521635,fest.lib.id364,2013,0.6039825158473134,0,0,0,0,1,1,1,1
tffnew2478,0.01436040013652023,fest.lib.id1736,2017,1.0,0,0,0,0,1,1,1,2
I1705009,0.022578924017979826,fest.lib.id364,2017,0.6039825158473134,0,0,0,0,1,1,1,1
frnew137,0.01297675397712133,fest.lib.id754,2010,0.04673394137292894,0,0,0,0,0,1,0,1
159,0.015162587208073966,fest.lib.id1648,2012,0.20248827622358084,0,0,0,0,1,1,1,3
idfnew1271,0.027857810486028946,imdbady01684,1988,0.009157710031486842,0,0,0,0,1,1,2,3
625,0.030644431792682846,fest.lib.id1658,2013,0.15002034797660702,0,0,0,0,0,1,0,3
f9363,0.009298203289242048,fest.lib.id285,2017,0.39801347663094955,0,0,0,0,1,1,1,1
tffnew1243,0.04189516280205366,fest.lib.id7160,2014,0.08755778354559723,0,0,0,0,0,0,0,0
tffnew2665,0.019399505430062376,fest.lib.id1736,2017,1.0,0,0,0,0,1,1,1,1
tffnew23,0.03216376932178832,fest.lib.id1736,2011,1.0,0,0,0,0,1,1,1,2
tffnew2634,0.024498388040956103,fest.lib.id1736,2017,1.0,0,0,0,0,1,1,1,2
1453,0.012343909371969053,fest.lib.id1050,2013,0.10887639162499597,0,0,0,0,1,1,1,1
f8331,0.05652839227003492,fest.lib.id1888,2017,0.9014664491525963,0,0,0,0,1,1,1,1
376,0.009940784625779017,fest.lib.id1888,2013,0.9014664491525963,0,0,0,0,1,1,1,1
frnew499,0.020101875940744855,fest.lib.id1664,2014,0.15064075420920695,0,0,0,0,0,0,0,0
tffnew1365,0.049363167712205676,fest.lib.id1736,2014,1.0,0,0,0,0,1,1,1,1
1444,0.018340146179599406,fest.lib.id285,2013,0.39801347663094955,0,0,0,0,1,1,1,1
f9244,0.009298203289242048,fest.lib.id285,2015,0.39801347663094955,0,0,0,0,1,1,1,1
418,0.013395995562230645,fest.lib.id461,2013,0.008425186084074991,0,0,0,0,1,1,1,1
tffnew1675,0.019361543402317667,fest.lib.id1736,2015,1.0,0,0,0,0,1,1,1,2
f9006,0.04834578082548795,fest.lib.id285,2011,0.39801347663094955,0,0,0,0,1,1,2,3
tffnew1663,0.05529081676482393,fest.lib.id285,2015,0.39801347663094955,0,0,0,0,1,1,2,3
1104,0.041618777567216624,fest.lib.id1736,2013,1.0,0,0,0,0,1,1,2,3
tffnew1657,0.07531124281397855,fest.lib.id1697,2015,0.05210166239461778,0,0,0,0,1,1,1,2
9076fnosuv,0.009298203289242048,fest.lib.id285,2011,0.39801347663094955,0,0,0,0,1,1,1,1
tffnew124,0.020905925706164515,fest.lib.id1489,2011,0.11452150555649154,0,0,0,0,1,1,1,1
idfnew149,0.021098022641600187,fest.lib.id1658,2011,0.15002034797660702,0,0,0,0,0,0,0,0
tffnew1248,0.015029483494845614,fest.lib.id1736,2014,1.0,0,0,0,0,1,1,1,2
895,0.026972335335822988,fest.lib.id285,1994,0.39801347663094955,0,0,0,0,1,1,1,2
idfnew1453,0.00995575178972834,fest.lib.id874,2016,0.5062687909078113,0,0,0,0,1,1,1,1
tffnew1568,0.01189594752214462,fest.lib.id1736,2015,1.0,0,0,0,0,1,1,1,1
f17003,0.009940784625779017,fest.lib.id1888,2012,0.9014664491525963,0,0,0,0,1,1,1,1
1452,0.06435889807777516,fest.lib.id1736,2013,1.0,0,0,0,0,1,1,2,2
frnew539,0.013719559980790861,fest.lib.id1167,2014,0.14309594420744598,0,0,0,0,0,0,0,0
9133fnosuv,0.05713488056236949,fest.lib.id285,2012,0.39801347663094955,0,0,0,0,1,1,2,3
frnew723,0.057393429434447835,fest.lib.id1658,2015,0.15002034797660702,0,0,0,0,1,1,1,3
f17189,0.015340622420612043,fest.lib.id.na17,2013,0.026238226744440273,0,0,0,0,1,1,1,1
frnew313,0.026158985330074897,fest.lib.id162,2012,0.0402412207674064,0,0,0,0,0,0,0,0
tffnew1512,0.026283188631085884,fest.lib.id1736,2014,1.0,0,0,0,0,1,1,1,1
f16990,0.038264809506150646,fest.lib.id1888,2012,0.9014664491525963,0,0,0,0,1,1,2,2
tffnew61,0.037623442983113625,fest.lib.id1808,2011,0.1145501607898263,0,0,0,0,1,1,1,3
idfnew673,0.00870688927620098,fest.lib.id1258,2013,0.1587868864408964,0,0,0,0,0,0,0,0
391,0.012395016552238573,fest.lib.id1888,2013,0.9014664491525963,0,0,0,0,1,1,1,1
72,0.03724812918431094,fest.lib.id1808,2013,0.1145501607898263,0,0,0,0,1,1,1,2
f16574,0.02336005812308657,fest.lib.id1736,2010,1.0,0,0,0,0,1,1,2,2
tffnew2405,0.10210495004275204,fest.lib.id1808,2017,0.1145501607898263,0,0,0,0,1,1,1,2
tffnew471,0.03967364136880024,fest.lib.id1697,2012,0.05210166239461778,0,0,0,0,1,1,1,2
f16858,0.03506576069508775,fest.lib.id1888,2012,0.9014664491525963,0,0,0,0,1,1,1,2
f17459,0.03163897177114659,fest.lib.id1648,2014,0.20248827622358084,0,0,0,0,1,1,1,3
idfnew150,0.0413285635545982,id335,2010,0.014938791948526466,0,0,0,0,0,0,0,0
tffnew2182,0.0199542665696674,fest.lib.id1736,2016,1.0,0,0,0,0,1,1,1,1
idfnew675,0.0489899186890227,fest.lib.id1115,2011,0.08905067793670396,0,0,0,0,0,0,0,0
tffnew2645,0.026880766805157472,fest.lib.id1736,2017,1.0,0,0,0,0,1,1,1,1
437,0.017288666448734186,fest.lib.id14,2013,0.0083552049049372,0,0,0,0,1,1,1,1
1129,0.07589977061225019,fest.lib.id285,2013,0.39801347663094955,0,0,0,0,1,1,1,2
tffnew2315,0.04397852317757087,fest.lib.id285,2016,0.39801347663094955,0,0,0,0,1,1,2,2
tffnew1907,0.027012823295518885,fest.lib.id1736,2015,1.0,0,0,0,0,1,1,1,3
1028,0.028644749185829838,fest.lib.id874,2013,0.5062687909078113,0,0,0,0,1,1,1,1
f17196,0.13222473481058444,fest.lib.id1658,2014,0.15002034797660702,0,0,0,0,1,1,1,3
frnew394,0.008809858467147066,fest.lib.id731,2011,0.3424863555939673,0,0,0,0,0,1,0,1
frnew937,0.02828853287858117,imdbady00126,2016,0.0014734775779161693,0,0,0,0,0,1,0,1
I1702989,0.011219045524521635,fest.lib.id364,2017,0.6039825158473134,0,0,0,0,1,1,1,1
f17216,0.012382252505242983,fest.lib.id1888,2014,0.9014664491525963,0,0,0,0,1,1,1,1
frnew172,0.009247244528447567,fest.lib.id1272,2011,0.04443110120312822,0,0,0,0,0,0,0,0
idfnew871,0.009280561753483667,fest.lib.id469,2014,0.019241998458219826,0,0,0,0,0,0,0,0
f9367,0.009298203289242048,fest.lib.id285,2017,0.39801347663094955,0,0,0,0,1,1,1,1
idfnew1356,0.015689692524071035,fest.lib.id874,2016,0.5062687909078113,0,0,0,0,1,1,1,1
idfnew598,0.023984190021256804,fest.lib.id7160,2012,0.08755778354559723,0,0,0,0,0,0,0,0
f17497,0.029149240293181253,fest.lib.id1888,2015,0.9014664491525963,0,0,0,0,1,1,1,1
tffnew2696,0.027715470409457554,fest.lib.id1736,2017,1.0,0,0,0,0,1,1,1,2
idfnew1706,0.00995575178972834,fest.lib.id874,2017,0.5062687909078113,0,0,0,0,1,1,1,1
f16386,0.018190242105197037,id335,2011,0.014938791948526466,0,0,0,0,0,0,0,0
tffnew1975,0.017058716097387606,fest.lib.id1736,2016,1.0,0,0,0,0,1,1,1,1
tffnew109,0.015422130804613639,fest.lib.id285,1996,0.39801347663094955,0,0,0,0,1,1,2,2
f9256,0.050401529329045534,fest.lib.id285,2015,0.39801347663094955,0,0,0,0,1,1,1,1
N1200176,0.020276017247422274,fest.lib.id.na365,2011,0.053889133022886754,0,0,0,0,1,1,1,1
f8302,0.042281620875507596,imdbady00802,2014,0.0011802711434057873,0,0,0,0,0,0,0,0
f16613,0.012343784927142073,fest.lib.id1888,2011,0.9014664491525963,0,0,0,0,1,1,1,2
458,0.02407214393714912,fest.lib.id1736,2013,1.0,0,0,0,0,1,1,1,1
idfnew1754,0.013439795091927316,fest.lib.id874,2017,0.5062687909078113,0,0,0,0,1,1,1,1
idfnew1801,0.017339597248053874,fest.lib.id874,2017,0.5062687909078113,0,0,0,0,1,1,1,1
f16855,0.05135564594691665,fest.lib.id1736,2011,1.0,0,0,0,0,1,1,2,3
frnew314,0.018520804931643212,fest.lib.id.survey.na16,2012,0.002212548104536902,0,0,0,0,0,0,0,0
idfnew1839,0.0105836767104039,imdbady01531,2018,0.006441185957139582,0,0,0,0,0,0,0,0
idfnew967,0.02277771807119673,fest.lib.id1177,2014,0.0358547708140046,0,0,0,0,1,1,1,1
N1701325,0.01801865794981536,id627,2017,0.06218359890861916,0,0,0,0,1,1,1,1
idfnew888,0.022188169173468816,id401,2014,0.07211320128732311,0,0,0,0,0,0,0,0
idfnew1492,0.015541271949751852,fest.lib.id874,2016,0.5062687909078113,0,0,0,0,1,1,1,1
frnew1073,0.013155175246930323,id401,2017,0.07211320128732311,0,0,0,0,0,0,0,0
1064,0.014122065995632347,id097,2013,0.020373317099565996,0,0,0,0,1,1,1,1
f8292,0.016271510786577237,fest.lib.id1888,2017,0.9014664491525963,0,0,0,0,1,1,1,1
N1400896,0.018142041839879303,fest.lib.id.na466,2013,0.01429958244328424,0,0,0,0,1,1,1,1
tffnew2163,0.06831894203267003,fest.lib.id1736,2016,1.0,0,0,0,0,1,1,1,4
1490,0.011219045524521635,fest.lib.id364,2013,0.6039825158473134,0,0,0,0,1,1,1,1
idfnew1898,0.02930435597532816,fest.lib.id874,2016,0.5062687909078113,0,0,0,0,1,1,1,1
f7813,0.017487465437864513,fest.lib.id1888,2016,0.9014664491525963,0,0,0,0,1,1,1,1
f16674,0.042436093081361766,fest.lib.id1736,2010,1.0,0,0,0,0,1,1,1,3
idfnew1441,0.049896922859378884,fest.lib.id874,2016,0.5062687909078113,0,0,0,0,1,1,1,1
tffnew1410,0.11616286589558437,imdbady00540,2014,0.008444396584726685,0,0,0,0,1,1,1,3
f17487,0.009940784625779017,fest.lib.id1888,2015,0.9014664491525963,0,0,0,0,1,1,1,1
tffnew504,0.009336977626214061,fest.lib.id1736,2012,1.0,0,0,0,0,1,1,1,1
f8227,0.02712182558138678,fest.lib.id1494,2016,0.14895479943977585,0,0,0,0,1,1,1,1
idfnew1763,0.012308793412831219,fest.lib.id7554,2017,0.0616213380035944,0,0,0,0,1,1,1,1
N1400890,0.025677998741411235,fest.lib.id364,2014,0.6039825158473134,0,0,0,0,1,1,1,1
idfnew495,0.011505535464087743,fest.lib.id316,2013,0.006204803889196334,0,0,0,0,0,0,0,0
